payment_id,customer_id,amount,currency,payment_method,payment_status,failure_reason,attempt_number,previous_successes,previous_failures,customer_tenure_days,time_since_failure_minutes,historical_recovery_rate,recoverable_ground_truth,expected_recovery_action,simulated_recovery_outcome,simulated_recovered_amount,created_at
de768be7-2348-4fe1-9785-aa227382887b,6ad04306-55fc-4c8d-a4b9-2e6f8103f052,1965500,INR,UPI,failed,BANK_TIMEOUT,4,1,3,433,583,0.46,TRUE,RETRY,SUCCESS,1965500,2026-08-30T10:38:50.038054
44bba855-9072-4691-8d5c-9b4df378b2aa,a77bb881-6084-433e-9642-4dfd992ac7aa,889400,INR,NETBANKING,failed,NETWORK_ERROR,1,19,0,969,231,0.36,TRUE,RETRY,SUCCESS,889400,2026-08-30T16:30:50.038102
34c0df92-3a00-4b14-b0d7-074c214863eb,d5e4a2c8-9db9-41b2-af9a-00330a552cb2,1230200,INR,UPI,failed,NETWORK_ERROR,1,12,3,710,1382,0.71,TRUE,RETRY,FAILURE,0,2026-08-29T21:19:50.038134
a5752343-4ced-41b1-b2da-f736b9ace051,3f927bc6-80b2-4602-bbdc-fa2790588c7c,2667400,INR,CARD,failed,INSUFFICIENT_FUNDS,1,15,5,111,1371,0.18,FALSE,NO_ACTION,FAILURE,0,2026-08-29T21:30:50.038155
fea41709-e767-4a6f-8ac9-3395460ecd2a,6d2b0fa6-c3fb-462a-80a8-878117225b56,2130700,INR,NETBANKING,failed,BANK_TIMEOUT,1,11,3,984,915,0.7,TRUE,RETRY,SUCCESS,2130700,2026-08-30T05:06:50.038174
95fc9224-a786-4079-88df-ebd9b9aea945,674b3eb0-347e-4a47-ac1c-2b0e226397d0,3764400,INR,UPI,failed,CUSTOMER_ABANDONED,1,20,7,325,128,0.63,TRUE,PAYMENT_LINK,SUCCESS,3764400,2026-08-30T18:13:50.038223
f723cb9b-3fdc-4738-9f75-8516bd43da15,a0e9c5c7-44c4-48ac-9b70-1ba4698b2057,3303300,INR,NETBANKING,failed,INVALID_PAYMENT_STATE,2,17,5,458,1414,0.19,FALSE,NO_ACTION,FAILURE,0,2026-08-29T20:47:50.038254
29dd2b03-27ec-4ae6-af7c-5e0f707974b4,cbca7b16-055f-4286-80e5-70f47691c04b,2418700,INR,CARD,failed,BANK_TIMEOUT,1,17,2,410,314,0.46,TRUE,RETRY,SUCCESS,2418700,2026-08-30T15:07:50.038290
72dfee10-337b-4679-804d-2d381d498424,5399f3ad-82db-43e4-a0a4-8c96a8d4be95,3609400,INR,NETBANKING,failed,CUSTOMER_ABANDONED,2,20,10,680,448,0.71,TRUE,PAYMENT_LINK,SUCCESS,3609400,2026-08-30T12:53:50.038316
745ab273-6c75-40eb-9a6d-7d23c47b2615,23fe129b-18e6-4dc3-8b28-16a244e26d54,546500,INR,UPI,failed,INSUFFICIENT_FUNDS,1,14,0,317,1156,0.19,FALSE,NO_ACTION,FAILURE,0,2026-08-30T01:05:50.038336
6091d5d1-15ae-44a2-9925-f3f5e1eace65,afec40f4-1d18-481d-9ab9-df40fd4956e6,3322700,INR,UPI,failed,INSUFFICIENT_FUNDS,1,8,2,130,1066,0.45,FALSE,NO_ACTION,FAILURE,0,2026-08-30T02:35:50.038355
2347e241-1ed7-4835-9b66-78f60df2375e,d5e4a2c8-9db9-41b2-af9a-00330a552cb2,3831700,INR,UPI,failed,INVALID_PAYMENT_STATE,1,12,3,710,114,0.46,FALSE,NO_ACTION,FAILURE,0,2026-08-30T18:27:50.038372
55635160-bdf2-4ecc-8a62-d7c5295ebd39,a635ca62-1a3b-41f5-9632-1f572735441b,3705600,INR,UPI,failed,NETWORK_ERROR,2,9,1,168,45,0.42,TRUE,RETRY,SUCCESS,3705600,2026-08-30T19:36:50.038389
b858dbde-b35a-489e-8a2f-f91489ab123a,fe45d483-affe-4305-9e49-d88355c5b2bc,488600,INR,UPI,failed,NETWORK_ERROR,1,2,0,677,124,0.85,TRUE,RETRY,FAILURE,0,2026-08-30T18:17:50.038405
9fa1b1e9-e575-46bc-86d7-56038de8043c,3e706bf3-f209-4045-8830-2947756b9c10,1891400,INR,UPI,failed,CUSTOMER_ABANDONED,2,12,1,997,1323,0.87,FALSE,NO_ACTION,FAILURE,0,2026-08-29T22:18:50.038420
d0f841d3-954e-488c-9ac7-875f63e3ca7d,0cef5ba8-f24e-4cba-996d-de3c2efe26ba,2516600,INR,UPI,failed,OTHER,1,16,2,803,165,0.65,TRUE,PAYMENT_LINK,SUCCESS,2516600,2026-08-30T17:36:50.038437
98334c73-a6fe-4a0c-bb62-280e4e4a4d04,3030c58f-a8d6-4a1a-9e27-8519335a43fc,2289100,INR,UPI,failed,OTHER,1,15,0,449,261,0.68,TRUE,PAYMENT_LINK,SUCCESS,2289100,2026-08-30T16:00:50.038453
120dd86f-a917-4637-a3c7-3076d21c0197,1c27c696-8463-4017-8cef-a1c291cc7b3b,1965300,INR,UPI,failed,CUSTOMER_ABANDONED,1,6,2,160,777,0.76,FALSE,NO_ACTION,FAILURE,0,2026-08-30T07:24:50.038469
251c8d07-d1c6-4651-8d00-6d3ea841152b,a07f4271-5abf-4511-9e91-7395b8361dd0,1026600,INR,UPI,failed,OTHER,2,7,3,975,232,0.13,TRUE,PAYMENT_LINK,SUCCESS,1026600,2026-08-30T16:29:50.038485
a6514bf1-cbb6-4086-b5e9-456a5c41e182,33f9d070-31b8-4b37-88ba-812c42f0ba77,112500,INR,UPI,failed,BANK_TIMEOUT,1,13,5,682,915,0.58,TRUE,RETRY,SUCCESS,112500,2026-08-30T05:06:50.038503
68fe3ce7-d8cd-4264-b184-b848b62ecd98,56470734-f20d-4ef3-9f5b-3ca8bca8bf51,299900,INR,UPI,failed,BANK_TIMEOUT,1,13,0,384,116,0.21,TRUE,RETRY,SUCCESS,299900,2026-08-30T18:25:50.038522
b01c286e-a3d1-45c4-9be8-5dd7de7dd9c4,46ba47e2-47dc-4270-a76f-970ec07ff441,4804000,INR,UPI,failed,INSUFFICIENT_FUNDS,2,13,3,234,657,0.29,TRUE,REMINDER,FAILURE,0,2026-08-30T09:24:50.038540
e1ffbacd-7432-4452-ac26-ce425b4ece31,6db5af0d-ffd6-44dd-838b-918672206368,1458600,INR,UPI,failed,BANK_TIMEOUT,1,11,2,544,1212,0.8,TRUE,RETRY,SUCCESS,1458600,2026-08-30T00:09:50.038555
4b98c4d0-44dd-4452-a943-6575c2cf08e2,66982ecf-20f6-44a1-9469-269f083a6b63,3652800,INR,UPI,failed,OTHER,3,14,3,139,1375,0.4,FALSE,NO_ACTION,FAILURE,0,2026-08-29T21:26:50.038571
c2b97d11-d6d4-43f3-9763-90dfb137c9c8,9afa39dc-ab58-4a40-876a-1b9344ff9ad3,2738400,INR,UPI,failed,BANK_TIMEOUT,1,13,0,877,1102,0.48,TRUE,RETRY,SUCCESS,2738400,2026-08-30T01:59:50.038588
f7776b24-e284-47b7-8749-0d1421412a60,be08d48c-4fb2-4c75-a081-4a1c6653eb1b,956000,INR,CARD,failed,OTHER,1,14,0,103,854,0.55,FALSE,NO_ACTION,FAILURE,0,2026-08-30T06:07:50.038603
358ea15f-26bd-4830-9695-9d844652c7f4,3ebd9f20-6be6-4b59-93af-34ee7d6c885a,1681100,INR,UPI,failed,INSUFFICIENT_FUNDS,3,8,4,874,760,0.17,FALSE,NO_ACTION,FAILURE,0,2026-08-30T07:41:50.038618
936cf2c2-28ff-4b9c-81b6-3ac6c8c030b3,9372b343-d16f-4091-b250-932502c8540d,347700,INR,UPI,failed,CUSTOMER_ABANDONED,1,1,0,556,150,0.25,TRUE,PAYMENT_LINK,SUCCESS,347700,2026-08-30T17:51:50.038634
379b7664-efa9-4076-b2c1-4566fe22f9f1,b87127f6-2313-44f7-8407-d15a9715fa50,1432200,INR,UPI,failed,INVALID_PAYMENT_STATE,1,4,1,156,32,0.27,FALSE,NO_ACTION,FAILURE,0,2026-08-30T19:49:50.038650
e636f3bd-849c-4256-9cf4-29060b009c4d,56470734-f20d-4ef3-9f5b-3ca8bca8bf51,778800,INR,CARD,failed,CUSTOMER_ABANDONED,3,13,2,384,1425,0.58,FALSE,NO_ACTION,FAILURE,0,2026-08-29T20:36:50.038665
ccbd3a88-eee9-4775-8640-38e3a7d91c32,b156a7e5-9195-40a3-9983-049a8b475b5c,1578400,INR,UPI,failed,CUSTOMER_ABANDONED,1,13,2,221,1093,0.62,FALSE,NO_ACTION,FAILURE,0,2026-08-30T02:08:50.038683
78439dd2-5c7f-40c4-9401-f800f26d65c2,ea1bce29-3c1f-4849-bd9f-88c93903f2cc,3370700,INR,NETBANKING,failed,NETWORK_ERROR,2,3,2,6,962,0.71,TRUE,RETRY,SUCCESS,3370700,2026-08-30T04:19:50.038698
a47bf304-35d7-4f5c-9d81-d4997afa47ff,3942584b-1938-4745-8eb9-174b0cb8941c,2722700,INR,UPI,failed,INVALID_PAYMENT_STATE,2,17,6,948,34,0.31,FALSE,NO_ACTION,FAILURE,0,2026-08-30T19:47:50.038714
6e72a065-037c-43f0-a30d-8a9e11640f2a,fe45d483-affe-4305-9e49-d88355c5b2bc,4728600,INR,UPI,failed,BANK_TIMEOUT,1,2,0,677,778,0.56,TRUE,RETRY,SUCCESS,4728600,2026-08-30T07:23:50.038732
67edf730-1c96-4eed-b0ee-1cb872da9451,4767b2f6-adf1-4a14-9255-897cd78dab36,2222200,INR,UPI,failed,PAYMENT_EXPIRED,3,15,8,676,1315,0.69,FALSE,NO_ACTION,FAILURE,0,2026-08-29T22:26:50.038748
59654f40-f11e-42dc-8c57-3335e9c6ebdc,2efef1d7-0058-4aee-894c-7e4c515a5e6c,2318000,INR,UPI,failed,CUSTOMER_ABANDONED,1,20,7,101,1111,0.89,TRUE,PAYMENT_LINK,SUCCESS,2318000,2026-08-30T01:50:50.038764
17dddec5-3ac0-44d8-b58c-084a0d758b73,ae94b65f-b296-4556-aecd-c98b4563ee81,497100,INR,NETBANKING,failed,CUSTOMER_ABANDONED,2,4,2,761,845,0.21,FALSE,NO_ACTION,FAILURE,0,2026-08-30T06:16:50.038780
23adb822-4ac8-4d2b-b4e4-6171f51887cd,1a981cd8-ff4c-40a4-8dfa-f1ada070c1ff,4644500,INR,UPI,failed,BANK_TIMEOUT,1,12,5,512,124,0.59,TRUE,RETRY,SUCCESS,4644500,2026-08-30T18:17:50.038795
a945717e-a8de-4401-afaa-4bfa69333ac4,9f297c1d-e554-4630-9339-39fc0df5cba1,4330600,INR,UPI,failed,BANK_TIMEOUT,1,20,2,989,25,0.11,TRUE,RETRY,SUCCESS,4330600,2026-08-30T19:56:50.038810
194009ff-1212-42a2-9b00-a213e4ef2daf,c2856fd8-4bcc-4438-9778-27126346aaed,122300,INR,UPI,failed,CUSTOMER_ABANDONED,1,14,2,837,368,0.19,FALSE,NO_ACTION,FAILURE,0,2026-08-30T14:13:50.038825
921ec6e7-76eb-4c96-b981-e30864c1ba28,25ba156d-6c2e-4f4f-92b0-caf33eab66a7,1589200,INR,UPI,failed,INSUFFICIENT_FUNDS,2,15,7,249,548,0.74,FALSE,NO_ACTION,FAILURE,0,2026-08-30T11:13:50.038843
af714696-feed-4262-b030-5fb09a682307,b4641990-4d6b-48a9-b365-eadaff879bdc,3018000,INR,UPI,failed,OTHER,1,11,1,7,1401,0.76,FALSE,NO_ACTION,FAILURE,0,2026-08-29T21:00:50.038858
c26db387-c3a3-4168-a12e-61cc2c1ac618,509d2bdb-c397-4d3e-9ce3-00ee2275a998,4269100,INR,CARD,failed,BANK_TIMEOUT,1,20,6,218,1132,0.48,TRUE,RETRY,SUCCESS,4269100,2026-08-30T01:29:50.038874
c91f9f63-4490-411f-b3bb-d43b01f31062,27dddbac-74ff-4d4a-9965-851cceffbb74,3285800,INR,CARD,failed,INSUFFICIENT_FUNDS,1,13,3,697,196,0.82,TRUE,REMINDER,SUCCESS,3285800,2026-08-30T17:05:50.038891
04ee49df-30a6-4bfb-ae17-014f81033f6f,afb854f3-eb57-4094-948e-ca12fddcde8c,4546900,INR,NETBANKING,failed,NETWORK_ERROR,1,19,1,330,153,0.65,TRUE,RETRY,SUCCESS,4546900,2026-08-30T17:48:50.038907
f82f3a50-3568-4b5c-b5df-60ae0cf5549c,103bd111-2c36-4756-ac29-684bb4adc6e5,225600,INR,UPI,failed,INVALID_PAYMENT_STATE,1,5,0,246,425,0.57,FALSE,NO_ACTION,FAILURE,0,2026-08-30T13:16:50.038921
469e961b-23e6-4949-8245-5e133e9457b7,7c5c753f-1984-43f6-a9fc-66f9f7d76881,2620200,INR,NETBANKING,failed,BANK_TIMEOUT,1,13,5,148,1161,0.77,TRUE,RETRY,FAILURE,0,2026-08-30T01:00:50.038936
161d8de3-c5fe-469b-82f6-c958eeb1e8ca,8cfb9042-b266-444b-a06d-bd04cfbe1337,2525500,INR,CARD,failed,BANK_TIMEOUT,4,12,6,309,161,0.5,TRUE,RETRY,SUCCESS,2525500,2026-08-30T17:40:50.038952
ebf2147a-952b-4bad-917c-a4102286c476,ee712a50-81c9-491b-bb47-3402bd1e1f4c,1531300,INR,CARD,failed,NETWORK_ERROR,2,15,1,84,1220,0.42,TRUE,RETRY,SUCCESS,1531300,2026-08-30T00:01:50.038969
8908a1f9-b175-4ab4-a0f4-2222d81dab74,808c2925-9cc5-45d7-be68-96f0e0fccce4,2962700,INR,UPI,failed,NETWORK_ERROR,3,7,5,948,885,0.25,TRUE,RETRY,SUCCESS,2962700,2026-08-30T05:36:50.038984
d6fa625f-5852-4b19-89b2-2b70dfe7d8c4,e09308ba-5ad6-4624-8818-f1549cd136e6,4064100,INR,UPI,failed,BANK_TIMEOUT,1,12,1,850,549,0.22,TRUE,RETRY,SUCCESS,4064100,2026-08-30T11:12:50.039002
007c1753-a60c-4474-9aa9-4b71b413abd6,476794c4-d27b-4143-bd98-4fc034b59d35,2563400,INR,UPI,failed,BANK_TIMEOUT,1,1,0,816,632,0.46,TRUE,RETRY,SUCCESS,2563400,2026-08-30T09:49:50.039018
e0b701eb-5de0-4007-bf7b-5f235e5f76a6,78df6a4e-37fe-4c66-b80a-5ca9fb2dfd10,1238000,INR,UPI,failed,INSUFFICIENT_FUNDS,1,16,2,480,212,0.12,FALSE,NO_ACTION,FAILURE,0,2026-08-30T16:49:50.039032
d3cc9de4-b680-4cc1-be7b-46c123149ae7,810be93a-a822-435d-bb58-e0f0133789d5,3922000,INR,UPI,failed,NETWORK_ERROR,1,20,3,788,598,0.43,TRUE,RETRY,SUCCESS,3922000,2026-08-30T10:23:50.039047
b14aecad-b065-4860-a9e7-248842ac2bca,b87127f6-2313-44f7-8407-d15a9715fa50,1600800,INR,UPI,failed,BANK_TIMEOUT,1,4,1,156,285,0.32,TRUE,RETRY,SUCCESS,1600800,2026-08-30T15:36:50.039063
2428522c-5ead-4d53-acdd-ab0bfbcd4d64,0bb8e405-eb0f-413b-9460-396118392f8f,2858600,INR,UPI,failed,BANK_TIMEOUT,2,2,1,896,740,0.3,TRUE,RETRY,SUCCESS,2858600,2026-08-30T08:01:50.039079
5817d572-3138-4c9f-b500-4f11831d60ae,e4ecf7eb-dd3a-4f9b-a9d8-92f276194f51,4051400,INR,UPI,failed,BANK_TIMEOUT,1,6,1,957,811,0.37,TRUE,RETRY,FAILURE,0,2026-08-30T06:50:50.039093
6298d798-ef03-4532-bded-c6a6453dcd68,abfde68e-ec07-4d11-b230-b92bd1f44428,2895000,INR,UPI,failed,PAYMENT_EXPIRED,2,5,2,925,1218,0.21,FALSE,NO_ACTION,FAILURE,0,2026-08-30T00:03:50.039107
f4a9c4f1-57e2-43ee-94a6-fe2f2b9f2b40,3713e628-af30-4c74-b2f7-e0c53e46941b,1326300,INR,UPI,failed,BANK_TIMEOUT,1,18,3,245,654,0.33,TRUE,RETRY,SUCCESS,1326300,2026-08-30T09:27:50.039122
02173818-d36f-4938-9d86-2b1ea57f64af,19332cf7-fe25-43ee-b22a-9f5a3a21dbcb,1598700,INR,UPI,failed,BANK_TIMEOUT,2,3,2,625,748,0.19,TRUE,RETRY,SUCCESS,1598700,2026-08-30T07:53:50.039137
faf49793-e249-4fb0-bacd-931a13c8a5f7,cbae46be-c596-4dd8-8ed3-69c686213356,1189100,INR,CARD,failed,INSUFFICIENT_FUNDS,3,15,2,771,946,0.85,FALSE,NO_ACTION,FAILURE,0,2026-08-30T04:35:50.039156
3c99133a-f056-4159-9f51-c40d19411f1c,556546ed-5391-4054-b957-a59d9cf32272,1919200,INR,CARD,failed,BANK_TIMEOUT,2,8,4,936,838,0.64,TRUE,RETRY,SUCCESS,1919200,2026-08-30T06:23:50.039171
8c00ac35-c52f-4e17-9b51-844e1e7c70ef,2c4263fc-2944-4440-b32d-d7b651cd238b,4326600,INR,UPI,failed,NETWORK_ERROR,1,13,3,565,920,0.89,TRUE,RETRY,SUCCESS,4326600,2026-08-30T05:01:50.039187
1795593a-cea1-4dba-ac1c-2e00f82b6161,3f537f10-42f0-4655-a580-1d1372d08f1e,4543100,INR,UPI,failed,BANK_TIMEOUT,3,6,2,971,1437,0.82,TRUE,RETRY,SUCCESS,4543100,2026-08-29T20:24:50.039202
559bbca5-64ba-428b-aae8-88d25a4956fa,5607b60d-6ee3-4c29-82d2-222b25e48359,726700,INR,CARD,failed,CUSTOMER_ABANDONED,1,12,3,395,1326,0.59,FALSE,NO_ACTION,FAILURE,0,2026-08-29T22:15:50.039217
395e4dbd-295b-4e37-a203-d8e066ce0846,a55e7218-141b-4121-babc-7be4a213be2b,4449800,INR,CARD,failed,OTHER,1,16,2,193,882,0.18,FALSE,NO_ACTION,FAILURE,0,2026-08-30T05:39:50.039234
f176e580-b1ce-4887-9086-14ced0746fe4,a6cb5cc3-4a93-4961-b57e-94bde17000da,3356700,INR,CARD,failed,INSUFFICIENT_FUNDS,1,4,1,272,453,0.46,FALSE,NO_ACTION,FAILURE,0,2026-08-30T12:48:50.039249
98f65372-7f5c-43c7-a548-9e48f02b7c44,e09308ba-5ad6-4624-8818-f1549cd136e6,4463500,INR,UPI,failed,INSUFFICIENT_FUNDS,1,12,1,850,51,0.49,FALSE,NO_ACTION,FAILURE,0,2026-08-30T19:30:50.039263
9a00b0b7-b687-44bd-9156-b07aa2543f33,fcc8601e-6fcc-47e2-87f7-0a792549d3d9,572600,INR,UPI,failed,OTHER,1,10,2,98,639,0.37,TRUE,PAYMENT_LINK,SUCCESS,572600,2026-08-30T09:42:50.039277
22cb3e8c-b25d-44f6-a0ac-8df6d7d1b089,c5740b57-9218-4b18-bd71-cd879594021d,3130500,INR,UPI,failed,CUSTOMER_ABANDONED,1,6,0,231,138,0.34,TRUE,PAYMENT_LINK,SUCCESS,3130500,2026-08-30T18:03:50.039292
553d4a49-3e99-41b4-834e-add61fb6b385,a557a40b-c470-46f7-8b81-8d6f8b3d00f2,2258300,INR,CARD,failed,CUSTOMER_ABANDONED,1,11,0,242,500,0.51,TRUE,PAYMENT_LINK,SUCCESS,2258300,2026-08-30T12:01:50.039309
ea0d26eb-e173-4ccf-824a-f6d9abae8208,66982ecf-20f6-44a1-9469-269f083a6b63,3038100,INR,UPI,failed,NETWORK_ERROR,1,14,1,139,1312,0.63,TRUE,RETRY,SUCCESS,3038100,2026-08-29T22:29:50.039323
89115e63-70dd-46a0-8e32-da7d7dda7dd1,d599f809-3112-499b-91c4-86215467e0af,1303100,INR,UPI,failed,NETWORK_ERROR,1,2,0,764,440,0.26,TRUE,RETRY,FAILURE,0,2026-08-30T13:01:50.039337
d621f41d-1e0f-4ebf-9d61-1df5528300b6,cc673251-ae7e-4dbd-8aed-a97dc2e9cb58,3793700,INR,UPI,failed,INVALID_PAYMENT_STATE,1,6,2,68,668,0.26,FALSE,NO_ACTION,FAILURE,0,2026-08-30T09:13:50.039351
cba450de-0347-4ab9-879f-4d71057e7d21,5ebca925-3689-4484-98d7-8ba7ba1c7be2,3217800,INR,UPI,failed,INSUFFICIENT_FUNDS,1,12,1,149,1252,0.41,FALSE,NO_ACTION,FAILURE,0,2026-08-29T23:29:50.039365
169b9e42-2633-48d6-9820-23c25ace17f6,25d70699-845e-48e1-9e59-63e231f5facc,3010600,INR,CARD,failed,PAYMENT_EXPIRED,2,2,1,626,610,0.83,FALSE,NO_ACTION,FAILURE,0,2026-08-30T10:11:50.039380
2eddb411-3f87-4ed6-83fe-b00ca63d577e,e2882e87-115a-4ec0-9fbb-75027c339e83,887800,INR,UPI,failed,BANK_TIMEOUT,1,16,5,614,765,0.65,TRUE,RETRY,SUCCESS,887800,2026-08-30T07:36:50.039396
c3cb96e8-9089-47a6-9731-2ea69380f525,ea155768-4dc4-4241-a4ea-47c1ea3153c5,3777000,INR,UPI,failed,BANK_TIMEOUT,1,7,0,603,1421,0.84,TRUE,RETRY,SUCCESS,3777000,2026-08-29T20:40:50.039412
e4906e88-f3e6-4167-b09b-9a7b354f6ee4,0bb8e405-eb0f-413b-9460-396118392f8f,3218900,INR,UPI,failed,BANK_TIMEOUT,2,2,1,896,1269,0.14,TRUE,RETRY,SUCCESS,3218900,2026-08-29T23:12:50.039426
8fc94d02-7d6f-46bc-8c65-272c19314725,3cc49d27-acbc-4fa3-a199-412da34acdc7,1288700,INR,CARD,failed,OTHER,1,18,4,22,1014,0.43,FALSE,NO_ACTION,FAILURE,0,2026-08-30T03:27:50.039440
742f2159-6d5e-489d-a56b-73d6d4ae4357,f0ed4a4d-edde-42f7-8a61-a739ce97e30b,2918800,INR,UPI,failed,BANK_TIMEOUT,1,14,0,933,452,0.33,TRUE,RETRY,SUCCESS,2918800,2026-08-30T12:49:50.039457
54521dcb-91ca-4175-a9ad-8f167a248b87,f91551e1-4b40-4aab-9358-c35d66c59012,3007100,INR,UPI,failed,CUSTOMER_ABANDONED,1,17,0,883,1047,0.19,FALSE,NO_ACTION,FAILURE,0,2026-08-30T02:54:50.039471
3277c4e9-e189-4f0c-81ca-03ed58326511,b5453ec5-2277-42dc-8b12-b55483ed9c5b,3569300,INR,CARD,failed,NETWORK_ERROR,2,1,1,580,86,0.71,TRUE,RETRY,SUCCESS,3569300,2026-08-30T18:55:50.039485
8b41b49f-c94d-4756-b111-8ea24ae61d31,02d1f47d-1a74-4e1d-bc12-6b8537ecda62,681100,INR,CARD,failed,CUSTOMER_ABANDONED,1,2,0,28,67,0.46,FALSE,NO_ACTION,FAILURE,0,2026-08-30T19:14:50.039499
e49ff875-84be-42c4-bdc4-3bff6fdfddd6,0d45cab0-39f8-485f-93db-d505b2410550,580000,INR,UPI,failed,OTHER,2,20,10,843,486,0.27,TRUE,PAYMENT_LINK,SUCCESS,580000,2026-08-30T12:15:50.039514
12ced99d-0c34-4429-b57d-19766ac78d4f,ddb4d83e-b10e-4519-b74f-ee362bbaeb4d,4667900,INR,CARD,failed,NETWORK_ERROR,1,0,0,995,424,0.0,TRUE,RETRY,FAILURE,0,2026-08-30T13:17:50.039533
281550fc-28ec-4ad6-a6a7-290962a49843,a1aeeb8e-a743-4dc7-8c3f-e7bb91cce532,2309100,INR,UPI,failed,INSUFFICIENT_FUNDS,1,14,6,390,600,0.33,FALSE,NO_ACTION,FAILURE,0,2026-08-30T10:21:50.039549
1e9243a3-ccda-483f-83ff-7bb8436550dc,509d2bdb-c397-4d3e-9ce3-00ee2275a998,3381200,INR,WALLET,failed,CUSTOMER_ABANDONED,1,20,6,218,843,0.84,TRUE,PAYMENT_LINK,FAILURE,0,2026-08-30T06:18:50.039566
a499558e-1c5a-46f1-9e8b-0ca0823f936d,a8d4fce0-1114-46ec-ba57-44bd1c96a582,4606800,INR,NETBANKING,failed,BANK_TIMEOUT,2,17,7,952,507,0.71,TRUE,RETRY,SUCCESS,4606800,2026-08-30T11:54:50.039582
903f8414-90cf-4a75-97ba-47c00085dc2e,77cb34db-5ef2-4439-8308-aa51c18fc698,4154500,INR,UPI,failed,NETWORK_ERROR,1,20,2,213,1298,0.74,TRUE,RETRY,SUCCESS,4154500,2026-08-29T22:43:50.039597
cf975824-381d-418a-ab50-ea13510efe14,f5a93236-6074-4b28-a047-97fa38c86e72,1833300,INR,CARD,failed,INVALID_PAYMENT_STATE,1,7,1,635,1000,0.36,FALSE,NO_ACTION,FAILURE,0,2026-08-30T03:41:50.039614
adf95708-bccc-42fd-bbb0-777604dccef1,b5453ec5-2277-42dc-8b12-b55483ed9c5b,4811900,INR,UPI,failed,OTHER,1,1,0,580,1429,0.39,FALSE,NO_ACTION,FAILURE,0,2026-08-29T20:32:50.039629
5cfc9c7d-d475-4d29-82bd-d179d28d158f,114d727c-cba6-4704-a4d5-8853928220ba,2616400,INR,UPI,failed,NETWORK_ERROR,1,16,4,604,550,0.36,TRUE,RETRY,SUCCESS,2616400,2026-08-30T11:11:50.039643
8f163d66-babc-4868-8a17-c7acf0ab87c1,47e5b315-f681-454b-bfd4-603638858be5,3720200,INR,NETBANKING,failed,CUSTOMER_ABANDONED,2,20,4,409,100,0.14,TRUE,PAYMENT_LINK,FAILURE,0,2026-08-30T18:41:50.039659
d933a3cd-b983-424b-9a65-10c866c39106,fdeb0fb9-3b00-4933-8758-8450de4fb063,824200,INR,NETBANKING,failed,BANK_TIMEOUT,1,18,2,460,877,0.26,TRUE,RETRY,SUCCESS,824200,2026-08-30T05:44:50.039674
dbf94ae9-6c88-436f-b1cb-090c4d011359,4409b2e1-e2ae-4bc2-86f8-0947c57c9996,1988300,INR,UPI,failed,OTHER,1,1,0,779,1341,0.39,FALSE,NO_ACTION,FAILURE,0,2026-08-29T22:00:50.039689
5c45f268-9153-415b-a927-04fa8f488bdd,66ef52b9-1922-4b27-be38-f9e7fec9e872,4262700,INR,UPI,failed,NETWORK_ERROR,1,9,2,511,1433,0.7,TRUE,RETRY,SUCCESS,4262700,2026-08-29T20:28:50.039704
87cbef18-9859-413c-a0e9-6befc9b3c6c1,949d08f5-697f-439a-94bd-f4b551cd6dca,17100,INR,UPI,failed,BANK_TIMEOUT,1,13,1,301,1064,0.64,TRUE,RETRY,SUCCESS,17100,2026-08-30T02:37:50.039719
7a6efbc8-7bc2-4723-8e74-8751827c6a3d,0d45cab0-39f8-485f-93db-d505b2410550,800300,INR,WALLET,failed,NETWORK_ERROR,1,20,9,843,146,0.28,TRUE,RETRY,FAILURE,0,2026-08-30T17:55:50.039733
46912edd-acdd-4d24-a231-69cd46b64e6a,789749b6-a788-4b00-b693-c3c4dfc24b3b,2063500,INR,UPI,failed,BANK_TIMEOUT,1,16,4,655,273,0.61,TRUE,RETRY,SUCCESS,2063500,2026-08-30T15:48:50.039747
a306b559-fcd9-44b5-ab4c-3bd7f62e62ce,e47d717d-08e1-4555-aef9-7740365f6e3b,65500,INR,CARD,failed,BANK_TIMEOUT,1,3,0,255,437,0.6,TRUE,RETRY,SUCCESS,65500,2026-08-30T13:04:50.039764
ea2bcb92-be2f-4a9d-ae53-35a4de397d4e,a0e9c5c7-44c4-48ac-9b70-1ba4698b2057,2909200,INR,NETBANKING,failed,BANK_TIMEOUT,1,17,4,458,253,0.57,TRUE,RETRY,FAILURE,0,2026-08-30T16:08:50.039778
706bf676-33eb-40f3-85c2-e46e55005b2f,4d787771-1ef2-4f59-bb2e-793da93929fa,926300,INR,UPI,failed,INSUFFICIENT_FUNDS,1,6,1,963,1231,0.58,FALSE,NO_ACTION,FAILURE,0,2026-08-29T23:50:50.039792
2996197f-5644-481e-8d40-ae2476a76e87,c84b79b8-d99f-4d98-99f9-5e22427ae61b,4535100,INR,UPI,failed,PAYMENT_EXPIRED,2,9,4,925,421,0.51,FALSE,NO_ACTION,FAILURE,0,2026-08-30T13:20:50.039807
85b00bed-8fd4-49b5-96a8-109ef4f1e51b,bb953b77-8fc2-44ed-96d2-e4b5ec5c3652,2577300,INR,UPI,failed,BANK_TIMEOUT,2,19,9,81,491,0.5,TRUE,RETRY,SUCCESS,2577300,2026-08-30T12:10:50.039822
c227d103-ea1f-473c-9535-45ac3c37d3ae,e4ecf7eb-dd3a-4f9b-a9d8-92f276194f51,475300,INR,UPI,failed,OTHER,4,6,4,957,649,0.21,TRUE,PAYMENT_LINK,SUCCESS,475300,2026-08-30T09:32:50.039836
e349dab6-ee37-46fb-bcc9-943e19201a84,981a11db-ed33-462d-b59b-45219b77b1d7,3590600,INR,CARD,failed,CUSTOMER_ABANDONED,3,7,5,571,150,0.11,FALSE,NO_ACTION,FAILURE,0,2026-08-30T17:51:50.039850
f402413d-b91d-4510-b66c-5d4c9205c3be,dc3eecc3-0a3d-4c03-b03a-a282ae7801dd,1423800,INR,UPI,failed,BANK_TIMEOUT,2,11,5,316,1038,0.33,TRUE,RETRY,FAILURE,0,2026-08-30T03:03:50.039864
fa6781fb-a32e-45f2-a674-9be035e1ce5c,90783ec7-4966-475d-9f05-93a4d79a7623,4609300,INR,UPI,failed,INSUFFICIENT_FUNDS,1,18,5,404,313,0.32,FALSE,NO_ACTION,FAILURE,0,2026-08-30T15:08:50.039879
0d11f865-52e0-436c-b24e-03535a50c848,354deeac-0dd4-4aca-9c1f-2603a3d93098,1341600,INR,WALLET,failed,BANK_TIMEOUT,1,7,2,777,1202,0.61,TRUE,RETRY,SUCCESS,1341600,2026-08-30T00:19:50.039901
6f41e8bb-8784-445c-9566-1dba3144c115,7eb0d221-7157-4c50-a65d-5df9a8c4b977,2042700,INR,CARD,failed,CUSTOMER_ABANDONED,2,10,2,581,119,0.3,TRUE,PAYMENT_LINK,SUCCESS,2042700,2026-08-30T18:22:50.039918
4a719536-3f47-4936-b210-c529de21c047,fa0dcb44-ca2f-4d38-bdad-7159d0a74427,4000000,INR,UPI,failed,CUSTOMER_ABANDONED,1,13,4,41,360,0.2,TRUE,PAYMENT_LINK,SUCCESS,4000000,2026-08-30T14:21:50.039935
9fb8d667-f594-4925-bc87-80fc461d957b,24e6a4a5-c6c3-4202-85ac-b9790cf8d18a,3263200,INR,WALLET,failed,INSUFFICIENT_FUNDS,2,14,1,550,531,0.23,FALSE,NO_ACTION,FAILURE,0,2026-08-30T11:30:50.039950
2fd8a0c6-1a15-4206-8e1c-2f976b0ef6c4,2c26c43c-f68b-4901-839d-984485a0e9ec,1771300,INR,CARD,failed,BANK_TIMEOUT,2,19,8,236,687,0.75,TRUE,RETRY,SUCCESS,1771300,2026-08-30T08:54:50.040129
f6993a9a-2e8c-4279-a370-12436fdf1b88,7c5c753f-1984-43f6-a9fc-66f9f7d76881,3789100,INR,CARD,failed,NETWORK_ERROR,1,13,5,148,114,0.5,TRUE,RETRY,SUCCESS,3789100,2026-08-30T18:27:50.040207
ffe420ba-e2bb-43d6-aa67-864884632df2,f1b159e7-f2ca-4dad-a9a8-609619495907,684300,INR,NETBANKING,failed,CUSTOMER_ABANDONED,1,2,0,115,1043,0.1,FALSE,NO_ACTION,FAILURE,0,2026-08-30T02:58:50.040250
922c3cab-27d0-4b28-9ade-3c5670a3d2c6,874a6060-c809-46da-a3f7-3c3742ee0270,1612600,INR,UPI,failed,NETWORK_ERROR,3,17,3,28,367,0.84,TRUE,RETRY,SUCCESS,1612600,2026-08-30T14:14:50.040287
18eaa13d-318a-4b6c-9171-293ffb218452,5c83dfff-7878-4e5b-b124-5039994af805,4689400,INR,CARD,failed,NETWORK_ERROR,1,17,6,667,853,0.83,TRUE,RETRY,FAILURE,0,2026-08-30T06:08:50.040320
a96ba22c-bef6-4fe3-ab72-9e89a7219094,df01a699-f8e7-4ec8-a7af-e089fff5cd99,2453200,INR,UPI,failed,CUSTOMER_ABANDONED,1,18,8,305,458,0.74,TRUE,PAYMENT_LINK,FAILURE,0,2026-08-30T12:43:50.040352
fff2ce10-1600-43f7-b808-37e1abb209b6,13dd57f3-9fe4-4a7d-86b2-6027e67d35cb,3058000,INR,NETBANKING,failed,CUSTOMER_ABANDONED,1,14,1,659,177,0.54,FALSE,NO_ACTION,FAILURE,0,2026-08-30T17:24:50.040401
143dc361-0bb1-4484-8218-c2dcfbc5b7be,a57a08d3-1754-403a-8846-fef1287929ef,1920900,INR,UPI,failed,NETWORK_ERROR,1,7,1,692,951,0.39,TRUE,RETRY,FAILURE,0,2026-08-30T04:30:50.040453
38bc6a42-52ae-443c-9f81-1946c7a29a6e,8e71d408-a98b-45d5-8338-9c8e45424705,1290700,INR,CARD,failed,INSUFFICIENT_FUNDS,2,15,7,764,309,0.11,FALSE,NO_ACTION,FAILURE,0,2026-08-30T15:12:50.040497
0175cc94-a502-49af-a957-84fa3e05caf0,5d503ac5-7027-4f8c-a5e0-df210c972494,3559000,INR,UPI,failed,PAYMENT_EXPIRED,2,3,2,680,687,0.1,FALSE,NO_ACTION,FAILURE,0,2026-08-30T08:54:50.040540
7179b7a1-6709-4d21-bb6a-310a4e51da05,a557a40b-c470-46f7-8b81-8d6f8b3d00f2,4847000,INR,CARD,failed,BANK_TIMEOUT,1,11,0,242,488,0.44,TRUE,RETRY,FAILURE,0,2026-08-30T12:13:50.040584
9c24b1c6-93d2-47cc-823a-a32d7b6f522e,168feae5-2100-41cb-b4f7-48579c6e029c,4673800,INR,UPI,failed,BANK_TIMEOUT,1,1,0,70,1065,0.43,TRUE,RETRY,SUCCESS,4673800,2026-08-30T02:36:50.040627
7d1ac6d8-c22d-4464-861a-c3f792d60dd4,bb953b77-8fc2-44ed-96d2-e4b5ec5c3652,566400,INR,UPI,failed,INSUFFICIENT_FUNDS,1,19,8,81,808,0.16,FALSE,NO_ACTION,FAILURE,0,2026-08-30T06:53:50.040670
6b783bfb-90d2-44bf-be6f-380302f32586,aa47c25a-6dfa-4071-b4b1-f1be09454080,4351300,INR,WALLET,failed,BANK_TIMEOUT,1,13,1,975,646,0.84,TRUE,RETRY,FAILURE,0,2026-08-30T09:35:50.040715
77f8c974-28dc-4852-9780-83786baf973a,20371099-477b-45b7-8c2a-64e9cc091595,2094400,INR,UPI,failed,BANK_TIMEOUT,3,12,6,431,279,0.72,TRUE,RETRY,SUCCESS,2094400,2026-08-30T15:42:50.040760
e4f946ff-288c-4b1b-838e-1d74eb47a8f4,f7e5357e-fa51-4527-8ae7-d469f32160f5,2956200,INR,UPI,failed,NETWORK_ERROR,1,8,1,188,426,0.46,TRUE,RETRY,FAILURE,0,2026-08-30T13:15:50.040804
4eb7725c-fea5-4119-8363-fc98bc1f555e,31436735-0f97-446a-9512-54eddb62d13d,1042900,INR,CARD,failed,NETWORK_ERROR,2,17,7,118,1236,0.13,TRUE,RETRY,SUCCESS,1042900,2026-08-29T23:45:50.040854
3890348b-5273-4b57-896d-3c135aee586b,31436735-0f97-446a-9512-54eddb62d13d,4670600,INR,UPI,failed,NETWORK_ERROR,1,17,6,118,1387,0.34,TRUE,RETRY,SUCCESS,4670600,2026-08-29T21:14:50.040907
a843bf28-7bf7-4533-b5ac-b03acc697815,b4641990-4d6b-48a9-b365-eadaff879bdc,2973500,INR,UPI,failed,INSUFFICIENT_FUNDS,1,11,1,7,209,0.74,FALSE,NO_ACTION,FAILURE,0,2026-08-30T16:52:50.040921
f31c297e-73d4-4c62-a207-8763e99a680a,874a6060-c809-46da-a3f7-3c3742ee0270,414100,INR,CARD,failed,OTHER,1,17,1,28,821,0.4,FALSE,NO_ACTION,FAILURE,0,2026-08-30T06:40:50.040934
007d7f3b-1ab9-4257-9291-1b502139b21a,a55e7218-141b-4121-babc-7be4a213be2b,560700,INR,UPI,failed,BANK_TIMEOUT,2,16,3,193,45,0.9,TRUE,RETRY,SUCCESS,560700,2026-08-30T19:36:50.040949
a348cdfe-6c95-4b33-a63e-886c90170ec9,7af7a4bd-69a7-4e4e-a45e-41b9488cabb6,854000,INR,UPI,failed,PAYMENT_EXPIRED,2,17,4,824,251,0.13,FALSE,NO_ACTION,FAILURE,0,2026-08-30T16:10:50.040962
6b8e7c41-b4af-4ebf-96e7-2621e3ef7177,f91551e1-4b40-4aab-9358-c35d66c59012,3771000,INR,UPI,failed,CUSTOMER_ABANDONED,1,17,0,883,784,0.65,FALSE,NO_ACTION,FAILURE,0,2026-08-30T07:17:50.040975
80adbb4d-be57-44b3-a511-94be2be8c8db,e8ac92b8-0d01-4e8e-9fcf-f97927b9a7d7,1236500,INR,UPI,failed,NETWORK_ERROR,1,14,2,308,1258,0.6,TRUE,RETRY,SUCCESS,1236500,2026-08-29T23:23:50.040989
345c3538-f7ab-497b-bae0-03baf16f98a2,80cf42f4-15c1-4462-8724-1283ccf49a59,3618900,INR,UPI,failed,BANK_TIMEOUT,1,7,1,920,859,0.26,TRUE,RETRY,SUCCESS,3618900,2026-08-30T06:02:50.041004
cbede659-8bc7-4aef-8767-d588c7256479,4db64df7-4847-4e9f-9ab6-ea0430157658,3572900,INR,CARD,failed,OTHER,2,3,2,329,736,0.48,TRUE,PAYMENT_LINK,SUCCESS,3572900,2026-08-30T08:05:50.041022
e26fccd1-0758-4692-8544-f20cc08e6227,f3a7d249-2843-4611-a539-6ba9226fffef,3302400,INR,UPI,failed,BANK_TIMEOUT,1,19,5,427,1223,0.28,TRUE,RETRY,FAILURE,0,2026-08-29T23:58:50.041037
8b653504-441f-4f14-9cd0-6150de483167,5449b9e1-1b7d-49de-bd32-25ef51625d99,3101200,INR,UPI,failed,CUSTOMER_ABANDONED,4,10,7,225,327,0.18,FALSE,NO_ACTION,FAILURE,0,2026-08-30T14:54:50.041053
5e23cd5f-0de4-4cf6-99bf-668159f286fa,5174fdd5-8bde-44dc-a2de-4e63d4c4d378,3507500,INR,CARD,failed,OTHER,1,7,2,216,450,0.56,TRUE,PAYMENT_LINK,SUCCESS,3507500,2026-08-30T12:51:50.041067
434cec43-ba2d-4d0c-831f-7fb64a56770e,656c2a7c-b513-4063-be34-93137ec6ae52,1148400,INR,UPI,failed,INSUFFICIENT_FUNDS,2,13,3,126,1429,0.39,FALSE,NO_ACTION,FAILURE,0,2026-08-29T20:32:50.041081
371a1dac-73d5-4366-a211-16b3f0930e82,b6790e29-c87e-4bed-b830-802620dc6a9b,4601100,INR,UPI,failed,INSUFFICIENT_FUNDS,1,1,0,508,386,0.77,FALSE,NO_ACTION,FAILURE,0,2026-08-30T13:55:50.041094
94c3fc34-10bc-4b5d-9740-d9d8e82e32ea,f360ff73-35ad-4153-bbf5-96bc9bf1f744,3562800,INR,UPI,failed,NETWORK_ERROR,1,7,2,462,477,0.58,TRUE,RETRY,SUCCESS,3562800,2026-08-30T12:24:50.041108
15b86f49-5b1e-4c29-bb2d-8bf1b62480b7,8cfb9042-b266-444b-a06d-bd04cfbe1337,4034700,INR,UPI,failed,BANK_TIMEOUT,2,12,4,309,663,0.15,TRUE,RETRY,SUCCESS,4034700,2026-08-30T09:18:50.041122
2f45d22c-289d-476f-b992-d9c980c16bca,168feae5-2100-41cb-b4f7-48579c6e029c,736900,INR,CARD,failed,INVALID_PAYMENT_STATE,3,1,2,70,766,0.66,FALSE,NO_ACTION,FAILURE,0,2026-08-30T07:35:50.041135
bb0ca1d5-5a64-4c00-94ce-305b9dcff19c,05be7f80-c95f-440a-b33a-72732a6926b5,672100,INR,UPI,failed,NETWORK_ERROR,3,9,5,238,895,0.73,TRUE,RETRY,SUCCESS,672100,2026-08-30T05:26:50.041148
4a373eea-7cf1-469b-9825-f56ecfb74209,df4aa70e-4aa7-4aa4-8268-aec6d0bbdfc8,4644500,INR,WALLET,failed,CUSTOMER_ABANDONED,3,7,2,870,731,0.28,FALSE,NO_ACTION,FAILURE,0,2026-08-30T08:10:50.041164
a17f8a24-ff42-427b-b981-c979fbd2b7c9,df4aa70e-4aa7-4aa4-8268-aec6d0bbdfc8,2489700,INR,UPI,failed,CUSTOMER_ABANDONED,1,7,0,870,4,0.86,TRUE,PAYMENT_LINK,SUCCESS,2489700,2026-08-30T20:17:50.041177
9a7f4194-31d4-43b0-be3b-063f086d8f34,6f2c668e-303f-41d4-948a-f0c6e78463cb,3729000,INR,UPI,failed,INSUFFICIENT_FUNDS,3,9,2,303,1253,0.28,FALSE,NO_ACTION,FAILURE,0,2026-08-29T23:28:50.041194
019b5981-5d9f-4ed2-a4e6-1d3279550081,33f9d070-31b8-4b37-88ba-812c42f0ba77,3261700,INR,UPI,failed,CUSTOMER_ABANDONED,1,13,5,682,655,0.23,TRUE,PAYMENT_LINK,SUCCESS,3261700,2026-08-30T09:26:50.041208
312e629f-20d2-414a-97d8-cd0272133196,be08d48c-4fb2-4c75-a081-4a1c6653eb1b,4401000,INR,CARD,failed,INVALID_PAYMENT_STATE,1,14,0,103,544,0.27,FALSE,NO_ACTION,FAILURE,0,2026-08-30T11:17:50.041220
b4c0ae13-b44b-4c90-a513-2e85bcef2a2c,193e8480-7cbb-4131-bff2-b09151869dce,1692000,INR,CARD,failed,CUSTOMER_ABANDONED,1,7,3,48,898,0.69,TRUE,PAYMENT_LINK,FAILURE,0,2026-08-30T05:23:50.041234
f31b7161-01f3-40a2-9f2b-865d691adaec,f360ff73-35ad-4153-bbf5-96bc9bf1f744,2491900,INR,UPI,failed,NETWORK_ERROR,2,7,3,462,1184,0.62,TRUE,RETRY,SUCCESS,2491900,2026-08-30T00:37:50.041247
ccff546f-e191-4e6b-b397-f49e4f991b68,a7d459b3-6b35-46b5-bb0c-3137a8f8ab3b,228900,INR,UPI,failed,NETWORK_ERROR,3,8,4,552,152,0.37,TRUE,RETRY,SUCCESS,228900,2026-08-30T17:49:50.041263
b29c30df-5172-492f-b922-210405b50514,041b7649-2adf-496a-9878-df74171735c4,3595100,INR,NETBANKING,failed,OTHER,1,18,3,439,1257,0.81,TRUE,PAYMENT_LINK,SUCCESS,3595100,2026-08-29T23:24:50.041277
1408c729-6658-44d3-a9a7-20c997b99507,3030c58f-a8d6-4a1a-9e27-8519335a43fc,1091300,INR,CARD,failed,NETWORK_ERROR,1,15,0,449,679,0.26,TRUE,RETRY,SUCCESS,1091300,2026-08-30T09:02:50.041289
6bfd1c94-ed01-4a5b-be25-dccb958ae6f5,2c67f74d-578e-444d-a301-dc12621e8800,4793900,INR,UPI,failed,CUSTOMER_ABANDONED,1,17,3,880,197,0.14,TRUE,PAYMENT_LINK,FAILURE,0,2026-08-30T17:04:50.041302
f1a5fc98-6ac8-422a-a6d9-5f35dbdd2fe9,747b98f5-917d-4c0c-b0e7-e51db8f874f6,367200,INR,UPI,failed,NETWORK_ERROR,1,11,2,442,1356,0.6,TRUE,RETRY,SUCCESS,367200,2026-08-29T21:45:50.041315
83075388-f3db-4877-b7a2-c2377d31c4e0,6b3fd0f4-3c9c-4752-ac39-ca80340748bb,1129500,INR,CARD,failed,OTHER,1,18,5,430,237,0.35,TRUE,PAYMENT_LINK,SUCCESS,1129500,2026-08-30T16:24:50.041330
553911d1-78fc-4b7c-9773-c44bb4331352,4310cc23-cc34-4247-b275-bc06aeb7403e,1746700,INR,UPI,failed,INSUFFICIENT_FUNDS,1,3,0,231,782,0.4,FALSE,NO_ACTION,FAILURE,0,2026-08-30T07:19:50.041346
866d0883-c0a8-4834-a027-759a82acc73e,dc3eecc3-0a3d-4c03-b03a-a282ae7801dd,2891800,INR,UPI,failed,BANK_TIMEOUT,1,11,4,316,127,0.22,TRUE,RETRY,SUCCESS,2891800,2026-08-30T18:14:50.041359
caec2a5a-aaf0-45ca-b786-3758eb8d79f4,10ff8499-2690-4e74-b0c6-a799425e1267,2263000,INR,CARD,failed,NETWORK_ERROR,2,7,2,484,466,0.54,TRUE,RETRY,FAILURE,0,2026-08-30T12:35:50.041371
8a903e42-a5c6-4c14-a133-0ba15a1efc49,48495c85-d5d7-423a-adbb-dd7b9c96fdcf,3519500,INR,CARD,failed,OTHER,1,14,6,861,483,0.48,FALSE,NO_ACTION,FAILURE,0,2026-08-30T12:18:50.041384
8c5bf151-c666-4e4d-bdc1-78445ede20d4,afec40f4-1d18-481d-9ab9-df40fd4956e6,4691200,INR,UPI,failed,INSUFFICIENT_FUNDS,1,8,2,130,1171,0.64,FALSE,NO_ACTION,FAILURE,0,2026-08-30T00:50:50.041397
a41b6efa-3269-4c36-b872-bf7f0f0437e5,e5ef5569-e153-4cc6-836f-8868cf6a97c0,4972300,INR,UPI,failed,OTHER,1,15,7,132,434,0.75,FALSE,NO_ACTION,FAILURE,0,2026-08-30T13:07:50.041410
4875c7d1-5439-46e5-b3d1-42d01bb32178,90783ec7-4966-475d-9f05-93a4d79a7623,523500,INR,WALLET,failed,NETWORK_ERROR,4,18,8,404,1285,0.22,TRUE,RETRY,SUCCESS,523500,2026-08-29T22:56:50.041422
397303c2-3cda-4ab5-b45f-6842479254d5,32a162eb-1a1f-4d06-9e8c-5cce4f06b812,449100,INR,UPI,failed,INSUFFICIENT_FUNDS,1,19,0,37,566,0.52,TRUE,REMINDER,SUCCESS,449100,2026-08-30T10:55:50.041437
6e5b9314-ebba-493c-8296-620d3eddbd19,b793af11-ad3b-448b-9ec9-10264b4c04ea,4093200,INR,UPI,failed,CUSTOMER_ABANDONED,1,12,2,831,307,0.22,TRUE,PAYMENT_LINK,FAILURE,0,2026-08-30T15:14:50.041450
7d037557-11cb-4a08-bd5b-291793a446d9,c12e5219-5743-45de-818d-d22e329d453e,702200,INR,UPI,failed,BANK_TIMEOUT,1,20,2,109,1097,0.8,TRUE,RETRY,SUCCESS,702200,2026-08-30T02:04:50.041465
f5d996d0-4784-4f38-8079-10bf80dc813c,da8978dc-c692-494c-85f1-3ee69c5aeef5,3192300,INR,UPI,failed,NETWORK_ERROR,1,20,6,997,826,0.22,TRUE,RETRY,SUCCESS,3192300,2026-08-30T06:35:50.041477
88981011-0fa6-4521-85a8-d36d5fb4cd97,827db340-0465-4ea4-acb3-d35317415af4,2603800,INR,NETBANKING,failed,NETWORK_ERROR,1,2,0,722,974,0.84,TRUE,RETRY,SUCCESS,2603800,2026-08-30T04:07:50.041490
d814b8a2-ba40-43d6-a945-9543ba4dd35b,0d45cab0-39f8-485f-93db-d505b2410550,1996100,INR,UPI,failed,PAYMENT_EXPIRED,2,20,10,843,1403,0.18,FALSE,NO_ACTION,FAILURE,0,2026-08-29T20:58:50.041503
c9a91dc3-b34b-4180-852a-7e0023348c3d,4f6d90a9-eb89-4609-8857-0ed7c97a7e24,1979200,INR,WALLET,failed,NETWORK_ERROR,2,7,1,254,552,0.68,TRUE,RETRY,SUCCESS,1979200,2026-08-30T11:09:50.041515
425ef9c6-cc47-43e5-a100-fce34e93ca8b,6c0daefe-9da3-424f-b085-eea9d006ec26,1395300,INR,NETBANKING,failed,NETWORK_ERROR,1,20,0,800,1058,0.79,TRUE,RETRY,SUCCESS,1395300,2026-08-30T02:43:50.041528
3b9fb6b1-e400-48e4-bad8-69611e738748,4276d568-1199-470f-8b7a-a03451f67e5a,440000,INR,UPI,failed,INSUFFICIENT_FUNDS,1,10,4,746,1074,0.8,FALSE,NO_ACTION,FAILURE,0,2026-08-30T02:27:50.041541
f4d79148-1b91-480f-93cb-e2198682e967,45ab77c1-e02a-4aec-83d4-108769233cf0,1325400,INR,CARD,failed,BANK_TIMEOUT,1,1,0,59,739,0.66,TRUE,RETRY,FAILURE,0,2026-08-30T08:02:50.041553
9c6debde-c73b-4b41-8b1c-8e7542dc9935,d98e93c8-1c44-44d8-8b47-ffb93603e5c4,2611400,INR,CARD,failed,BANK_TIMEOUT,1,17,0,283,763,0.49,TRUE,RETRY,FAILURE,0,2026-08-30T07:38:50.041566
d0da32c7-97da-45ff-86e3-2cbc16a37090,1848e09b-27e1-4e99-ad46-07955ecd6ea3,3856100,INR,UPI,failed,NETWORK_ERROR,2,10,1,664,530,0.7,TRUE,RETRY,SUCCESS,3856100,2026-08-30T11:31:50.041578
dea22a71-33cc-4fe2-ba0c-8686bb80317e,0c203794-7938-4189-8541-1ae5a0ccccbd,335300,INR,UPI,failed,INSUFFICIENT_FUNDS,3,8,3,245,454,0.62,FALSE,NO_ACTION,FAILURE,0,2026-08-30T12:47:50.041593
c409a0d0-eed1-4696-a1af-2dfdadaa3ab0,2a8b5c85-4b2c-48cf-8310-8deeeabaa6c4,4280200,INR,UPI,failed,BANK_TIMEOUT,2,17,8,363,1398,0.11,TRUE,RETRY,SUCCESS,4280200,2026-08-29T21:03:50.041605
a01bed33-9118-4034-a8e0-176fe3dbd567,82bad0b3-189c-4b76-95aa-34acfde715c4,65400,INR,UPI,failed,INSUFFICIENT_FUNDS,3,1,2,74,1317,0.32,FALSE,NO_ACTION,FAILURE,0,2026-08-29T22:24:50.041618
fd8b7585-11b0-45d5-882c-b08f5fb089ab,201ab8e9-22b7-477c-b4eb-ec68560d07bf,2295300,INR,UPI,failed,BANK_TIMEOUT,1,11,0,661,1067,0.76,TRUE,RETRY,SUCCESS,2295300,2026-08-30T02:34:50.041630
565c9b67-c6fb-4778-a214-55cab43cd530,354deeac-0dd4-4aca-9c1f-2603a3d93098,4350800,INR,WALLET,failed,PAYMENT_EXPIRED,1,7,2,777,1217,0.59,FALSE,NO_ACTION,FAILURE,0,2026-08-30T00:04:50.041642
8c73ca53-3f8a-493d-a993-844f350264b7,072a1824-e78a-4bc3-a42f-0ee325c12fb6,3167100,INR,UPI,failed,OTHER,1,10,2,614,568,0.31,TRUE,PAYMENT_LINK,FAILURE,0,2026-08-30T10:53:50.041655
f553f33a-f80b-4307-b094-9841cc4d0e16,a058f088-64ab-4a04-85aa-1333a3b7b167,1244400,INR,UPI,failed,CUSTOMER_ABANDONED,2,3,2,29,1229,0.42,FALSE,NO_ACTION,FAILURE,0,2026-08-29T23:52:50.041669
af53aae2-6cb3-4456-a87b-6abe9c7c6216,a4f71868-14d9-4699-a7bf-fcd8cad406b3,4737000,INR,UPI,failed,NETWORK_ERROR,1,20,0,725,858,0.42,TRUE,RETRY,SUCCESS,4737000,2026-08-30T06:03:50.041681
63f805f1-4942-4495-b2c1-1e00f2beaa2c,df01a699-f8e7-4ec8-a7af-e089fff5cd99,1254600,INR,UPI,failed,CUSTOMER_ABANDONED,1,18,8,305,1308,0.73,TRUE,PAYMENT_LINK,SUCCESS,1254600,2026-08-29T22:33:50.041695
9f9b35d1-4698-426f-8888-61e9d502bc91,3f537f10-42f0-4655-a580-1d1372d08f1e,1977300,INR,CARD,failed,PAYMENT_EXPIRED,2,6,1,971,371,0.34,FALSE,NO_ACTION,FAILURE,0,2026-08-30T14:10:50.041707
8a54b4a0-9968-43d1-b773-173140bd157d,56470734-f20d-4ef3-9f5b-3ca8bca8bf51,1705100,INR,CARD,failed,INSUFFICIENT_FUNDS,3,13,2,384,1393,0.82,FALSE,NO_ACTION,FAILURE,0,2026-08-29T21:08:50.041722
e3277835-6408-4977-bb29-9ac6324d4769,a6cb5cc3-4a93-4961-b57e-94bde17000da,2338300,INR,UPI,failed,INVALID_PAYMENT_STATE,1,4,1,272,679,0.4,FALSE,NO_ACTION,FAILURE,0,2026-08-30T09:02:50.041735
8505b726-cd25-427a-b74d-ff6c50e3ab41,7d3cb466-c44a-4b21-8f27-491c8e751701,781800,INR,UPI,failed,INVALID_PAYMENT_STATE,1,20,2,708,1272,0.16,FALSE,NO_ACTION,FAILURE,0,2026-08-29T23:09:50.041748
a5280552-2706-4cc9-9163-dd3f69ddc925,e4b14294-74f7-4b6d-97bd-4a66961c1e87,795200,INR,NETBANKING,failed,NETWORK_ERROR,1,8,1,364,111,0.8,TRUE,RETRY,FAILURE,0,2026-08-30T18:30:50.041809
7a5aae52-8b54-430d-b8a2-a7b1700ab875,1b952bf7-b44e-4c88-97a2-4ed5e5e000a2,2691600,INR,WALLET,failed,INVALID_PAYMENT_STATE,4,16,8,291,294,0.35,FALSE,NO_ACTION,FAILURE,0,2026-08-30T15:27:50.041855
9ef977fb-d85b-441b-af12-fc8b08e7e13c,c84b79b8-d99f-4d98-99f9-5e22427ae61b,539600,INR,UPI,failed,INSUFFICIENT_FUNDS,1,9,3,925,1300,0.15,FALSE,NO_ACTION,FAILURE,0,2026-08-29T22:41:50.041874
0ec5ca6d-25ed-4732-8fa2-bbee841610d0,0bef877b-a892-40de-ae70-8508f8d6258b,4998500,INR,CARD,failed,INSUFFICIENT_FUNDS,1,10,1,734,181,0.2,FALSE,NO_ACTION,FAILURE,0,2026-08-30T17:20:50.041890
761d4bc2-526b-4b63-8f26-a983712711ec,1dc353aa-c8ce-42f0-857b-58ceb87b8062,2653600,INR,UPI,failed,NETWORK_ERROR,1,12,1,267,1094,0.26,TRUE,RETRY,SUCCESS,2653600,2026-08-30T02:07:50.041904
624e4f76-108e-481b-9e78-efb0d8c3624b,24710801-c546-4811-8842-593dfe394097,4970000,INR,CARD,failed,BANK_TIMEOUT,1,16,2,308,1284,0.69,TRUE,RETRY,FAILURE,0,2026-08-29T22:57:50.041918
b34581fd-3c8c-49d2-82a1-b200df819278,0d76b40e-90ff-41ff-b988-d1d20c055f2b,854900,INR,UPI,failed,INSUFFICIENT_FUNDS,1,13,0,726,134,0.76,FALSE,NO_ACTION,FAILURE,0,2026-08-30T18:07:50.041930
6a78e973-3a2a-46b8-9ddc-3deaed2a5aaf,e704f1a5-a969-4f6d-b761-be01a4f24ad9,2997900,INR,CARD,failed,INSUFFICIENT_FUNDS,1,6,1,676,1407,0.9,FALSE,NO_ACTION,FAILURE,0,2026-08-29T20:54:50.041946
16c47485-f6d8-472d-864c-43eecb513f57,afb854f3-eb57-4094-948e-ca12fddcde8c,3222400,INR,UPI,failed,BANK_TIMEOUT,3,19,3,330,827,0.12,FALSE,NO_ACTION,FAILURE,0,2026-08-30T06:34:50.041959
49025202-9c42-44cb-94ae-bb0bab903ed2,f02c2f8e-bab0-470c-95a6-16eeb54b25c1,1394000,INR,CARD,failed,INSUFFICIENT_FUNDS,1,16,3,922,751,0.67,FALSE,NO_ACTION,FAILURE,0,2026-08-30T07:50:50.041972
43ec335e-9c2b-4c86-ae9e-9f80f792a918,596d9769-2d8d-4cfb-a3f0-e32ea0296eac,4206400,INR,UPI,failed,INSUFFICIENT_FUNDS,1,16,3,737,99,0.63,TRUE,REMINDER,SUCCESS,4206400,2026-08-30T18:42:50.041986
0b99df57-9a68-4606-bc1e-2a18992b4f13,8be1c400-1e61-449f-9f7e-16fd16d66135,768800,INR,UPI,failed,NETWORK_ERROR,1,14,6,387,972,0.66,TRUE,RETRY,SUCCESS,768800,2026-08-30T04:09:50.041999
9a818f0e-4150-431b-9990-1a5ae38357d2,6ad04306-55fc-4c8d-a4b9-2e6f8103f052,1983300,INR,UPI,failed,BANK_TIMEOUT,1,1,0,433,1276,0.58,TRUE,RETRY,FAILURE,0,2026-08-29T23:05:50.042011
e5680910-0572-4783-83af-01964aaa0497,421aa4fb-81ce-43a2-a6b3-9d614cfcb533,3362700,INR,CARD,failed,BANK_TIMEOUT,1,11,4,157,218,0.5,TRUE,RETRY,FAILURE,0,2026-08-30T16:43:50.042023
19e0aab6-5dca-41e5-af01-efb1e8f5bfbe,301a5b28-0468-4d93-95ee-11b7ab7b77be,3438400,INR,WALLET,failed,NETWORK_ERROR,1,15,0,312,329,0.13,TRUE,RETRY,SUCCESS,3438400,2026-08-30T14:52:50.042035
412e42f5-37b1-47c5-890a-99d11bdcc8ac,1ac25061-3b16-40bf-92ac-51e7e8cb7b03,3160000,INR,UPI,failed,BANK_TIMEOUT,1,17,2,576,227,0.77,TRUE,RETRY,SUCCESS,3160000,2026-08-30T16:34:50.042047
94f1d94e-7b18-4477-8ac9-b5c6a854140d,31436735-0f97-446a-9512-54eddb62d13d,3363500,INR,UPI,failed,CUSTOMER_ABANDONED,3,17,8,118,1320,0.28,FALSE,NO_ACTION,FAILURE,0,2026-08-29T22:21:50.042059
883fe39f-c236-46ac-9334-04c1119de128,cbca7b16-055f-4286-80e5-70f47691c04b,1740900,INR,UPI,failed,BANK_TIMEOUT,1,17,2,410,81,0.78,TRUE,RETRY,SUCCESS,1740900,2026-08-30T19:00:50.042073
2f396c30-dd15-45b0-97a4-c4fe768cc96c,66982ecf-20f6-44a1-9469-269f083a6b63,4850000,INR,UPI,failed,INVALID_PAYMENT_STATE,2,14,2,139,20,0.78,FALSE,NO_ACTION,FAILURE,0,2026-08-30T20:01:50.042085
2c75583b-de29-4e8a-abea-28eb73abd396,65b27a5a-c8ee-4c6a-8006-8ef5de5470a3,2163900,INR,UPI,failed,NETWORK_ERROR,1,17,7,668,191,0.4,TRUE,RETRY,SUCCESS,2163900,2026-08-30T17:10:50.042099
98fde23b-e598-481b-9f27-b87a22c553b9,a2163c1f-c49f-4652-823d-eeaa079412cd,3001900,INR,UPI,failed,NETWORK_ERROR,2,13,3,212,864,0.62,TRUE,RETRY,SUCCESS,3001900,2026-08-30T05:57:50.042111
bc685573-cc21-4e1b-85c7-89465b6d4896,9afa39dc-ab58-4a40-876a-1b9344ff9ad3,4770600,INR,UPI,failed,OTHER,1,13,0,877,853,0.83,FALSE,NO_ACTION,FAILURE,0,2026-08-30T06:08:50.042123
5d84b1dd-a4b1-4412-824e-db8f7dfc1d5d,a1aeeb8e-a743-4dc7-8c3f-e7bb91cce532,4455900,INR,UPI,failed,INSUFFICIENT_FUNDS,2,14,7,390,1253,0.12,FALSE,NO_ACTION,FAILURE,0,2026-08-29T23:28:50.042134
daf6796e-f679-4e86-9d0c-f79b57847f29,ae94b65f-b296-4556-aecd-c98b4563ee81,4776200,INR,WALLET,failed,BANK_TIMEOUT,3,4,3,761,232,0.81,TRUE,RETRY,SUCCESS,4776200,2026-08-30T16:29:50.042148
5aa43d17-7002-4ec5-9ce5-7c3f4b8e91a7,da8978dc-c692-494c-85f1-3ee69c5aeef5,2069300,INR,UPI,failed,INVALID_PAYMENT_STATE,1,20,6,997,1181,0.68,FALSE,NO_ACTION,FAILURE,0,2026-08-30T00:40:50.042160
7edd0b0b-49ef-45f3-8ba2-1bee807c0f18,10ff8499-2690-4e74-b0c6-a799425e1267,2227000,INR,UPI,failed,CUSTOMER_ABANDONED,1,7,1,484,887,0.63,FALSE,NO_ACTION,FAILURE,0,2026-08-30T05:34:50.042172
8b04a0f3-5c4f-4986-8602-99125c2dcaba,a07f4271-5abf-4511-9e91-7395b8361dd0,4359600,INR,CARD,failed,NETWORK_ERROR,2,7,3,975,1144,0.81,TRUE,RETRY,SUCCESS,4359600,2026-08-30T01:17:50.042185
e7a950f3-99a1-49f3-9427-a3865fee2c40,656c2a7c-b513-4063-be34-93137ec6ae52,1038400,INR,UPI,failed,NETWORK_ERROR,1,13,2,126,339,0.16,TRUE,RETRY,SUCCESS,1038400,2026-08-30T14:42:50.042199
8a511e0e-2db2-4469-aab9-480e0d66ed64,c36105cd-469d-4e3a-b8d6-a03670c3a2bd,339900,INR,UPI,failed,INSUFFICIENT_FUNDS,1,13,5,341,482,0.16,FALSE,NO_ACTION,FAILURE,0,2026-08-30T12:19:50.042211
a6ed4f1a-1f12-4858-9ff2-27518f3f81ef,31d1ff60-05d8-4223-8a4b-d3c1bb478ce0,2946600,INR,UPI,failed,NETWORK_ERROR,1,18,5,313,1019,0.7,TRUE,RETRY,SUCCESS,2946600,2026-08-30T03:22:50.042223
2d8d5cc1-d3c4-463b-a4ed-1eae918cbd82,4de1347a-bc8a-46be-86e3-25c0e5f85bf4,3661200,INR,UPI,failed,PAYMENT_EXPIRED,2,11,4,883,1268,0.61,FALSE,NO_ACTION,FAILURE,0,2026-08-29T23:13:50.042235
a2b199b2-81f4-429c-862f-4007ee6dbfd5,50813081-aa3d-4c6a-8e95-58871b7527f1,1365600,INR,CARD,failed,NETWORK_ERROR,1,9,0,972,112,0.75,TRUE,RETRY,SUCCESS,1365600,2026-08-30T18:29:50.042247
62de3315-569c-4b34-b4f4-3810daaa612b,6fb6d31e-eaac-4941-a0c6-1d7f6c42096c,4071600,INR,UPI,failed,CUSTOMER_ABANDONED,1,15,0,394,927,0.19,TRUE,PAYMENT_LINK,SUCCESS,4071600,2026-08-30T04:54:50.042259
bf6fb9c7-6500-4628-971b-7b069cb64ce7,db93aa4c-35e1-4857-8053-2d1829272b85,2337400,INR,CARD,failed,OTHER,1,5,1,813,1070,0.4,FALSE,NO_ACTION,FAILURE,0,2026-08-30T02:31:50.042271
76b9938f-4bb3-4f64-8df7-adc7615a2ce4,3f927bc6-80b2-4602-bbdc-fa2790588c7c,1085800,INR,UPI,failed,PAYMENT_EXPIRED,2,15,6,111,839,0.19,FALSE,NO_ACTION,FAILURE,0,2026-08-30T06:22:50.042283
e3763a4a-88a3-46cd-9a23-6ddff4cc925b,00ae155e-942f-4bba-95f4-5a4c0ae9b097,801300,INR,NETBANKING,failed,NETWORK_ERROR,1,1,0,223,391,0.67,TRUE,RETRY,SUCCESS,801300,2026-08-30T13:50:50.042296
1e01f9f5-bd5c-411b-bb1f-023dbbf72343,2933552a-f365-4cf1-8fab-b12328a74f15,4160000,INR,CARD,failed,INSUFFICIENT_FUNDS,2,2,1,852,923,0.47,FALSE,NO_ACTION,FAILURE,0,2026-08-30T04:58:50.042308
ad491388-b93f-4ca7-8574-380e426e9da1,d98e93c8-1c44-44d8-8b47-ffb93603e5c4,892300,INR,WALLET,failed,BANK_TIMEOUT,2,17,1,283,1134,0.85,TRUE,RETRY,SUCCESS,892300,2026-08-30T01:27:50.042322
ecbc1eab-2e75-44e7-90de-0d13f9ec043b,fc1a1cf4-5b09-4aa3-b05a-82d1db7f6feb,1171300,INR,CARD,failed,BANK_TIMEOUT,2,13,4,738,213,0.41,TRUE,RETRY,FAILURE,0,2026-08-30T16:48:50.042334
61806cfe-6faa-4069-832d-9a5b875b8c6d,d98e93c8-1c44-44d8-8b47-ffb93603e5c4,2530900,INR,UPI,failed,INSUFFICIENT_FUNDS,1,17,0,283,509,0.32,TRUE,REMINDER,FAILURE,0,2026-08-30T11:52:50.042346
e4628592-bf00-41c9-8187-9e82f5119834,1977d452-395c-4d7d-b1c0-1d204afe1cd5,884000,INR,UPI,failed,INSUFFICIENT_FUNDS,2,11,1,263,1050,0.34,FALSE,NO_ACTION,FAILURE,0,2026-08-30T02:51:50.042358
c70d7adb-1988-4773-9e4e-5dc05528ca4c,ddb4d83e-b10e-4519-b74f-ee362bbaeb4d,2067200,INR,CARD,failed,OTHER,1,0,0,995,412,0.0,FALSE,NO_ACTION,FAILURE,0,2026-08-30T13:29:50.042370
c6298845-658e-4a11-a28b-4517a7b285ee,3e37ffa7-584a-4b0f-b03e-7e5b1ba5b177,1914300,INR,CARD,failed,OTHER,1,4,0,994,1332,0.88,FALSE,NO_ACTION,FAILURE,0,2026-08-29T22:09:50.042381
78cdb77d-05ab-468a-a089-42295fc6d3c4,afdc2f54-d715-4445-8cbc-56b260e5fa03,4560200,INR,CARD,failed,CUSTOMER_ABANDONED,2,1,1,47,1152,0.48,FALSE,NO_ACTION,FAILURE,0,2026-08-30T01:09:50.042393
96c81063-2496-4c24-b8d0-7aa4e61afc28,367c9607-d1a0-4a5d-acc8-70ab77c33884,4663800,INR,UPI,failed,CUSTOMER_ABANDONED,2,13,6,280,586,0.8,TRUE,PAYMENT_LINK,SUCCESS,4663800,2026-08-30T10:35:50.042405
ac10865d-1d6d-4d43-8efd-b507ecdd9212,53f92c1d-883a-4eb6-8808-46491d7718b7,175600,INR,UPI,failed,BANK_TIMEOUT,1,16,7,553,547,0.7,TRUE,RETRY,SUCCESS,175600,2026-08-30T11:14:50.042417
6b1ac927-40c8-462a-8c43-5befbbb2316f,f9742233-0d7d-48bc-9837-b730b9a106df,969600,INR,CARD,failed,CUSTOMER_ABANDONED,1,5,1,269,1109,0.13,TRUE,PAYMENT_LINK,SUCCESS,969600,2026-08-30T01:52:50.042434
3129008b-8385-457f-a890-bf6762f4603c,a63f50fc-2228-4b1a-b65a-21200cd08345,4437100,INR,CARD,failed,INVALID_PAYMENT_STATE,2,7,2,222,1150,0.41,FALSE,NO_ACTION,FAILURE,0,2026-08-30T01:11:50.042448
be89152d-7a64-42b9-814a-20df4080ed7a,819ad743-114e-47aa-abaf-0d7add1eb11c,4572100,INR,UPI,failed,CUSTOMER_ABANDONED,3,11,4,553,794,0.43,FALSE,NO_ACTION,FAILURE,0,2026-08-30T07:07:50.042459
d199dcf9-fd18-4996-abf1-9eaaab4b0b3a,4767b2f6-adf1-4a14-9255-897cd78dab36,2059000,INR,WALLET,failed,BANK_TIMEOUT,2,15,7,676,416,0.6,TRUE,RETRY,FAILURE,0,2026-08-30T13:25:50.042471
15bfac32-675b-448d-ade2-6bcfc2a63d31,fcb0964a-7098-4b00-a925-ee9ebecf8d0f,1488100,INR,NETBANKING,failed,CUSTOMER_ABANDONED,1,1,0,144,1206,0.54,FALSE,NO_ACTION,FAILURE,0,2026-08-30T00:15:50.042482
9800712c-76c4-4341-b4e2-fb27a6c16cca,8e71d408-a98b-45d5-8338-9c8e45424705,4760700,INR,WALLET,failed,BANK_TIMEOUT,1,15,6,764,1399,0.16,TRUE,RETRY,SUCCESS,4760700,2026-08-29T21:02:50.042493
c38f7fce-3842-41ff-99bc-5298dd10af24,e5ef5569-e153-4cc6-836f-8868cf6a97c0,2482000,INR,UPI,failed,BANK_TIMEOUT,1,15,7,132,330,0.57,TRUE,RETRY,SUCCESS,2482000,2026-08-30T14:51:50.042505
e6d57137-30d7-48d7-9200-ff88a5209348,f0ed4a4d-edde-42f7-8a61-a739ce97e30b,1024500,INR,UPI,failed,OTHER,1,14,0,933,1281,0.59,FALSE,NO_ACTION,FAILURE,0,2026-08-29T23:00:50.042520
ab4a9fa1-d93a-457f-b920-acb4dd24567f,1fcbaa40-9e0f-4639-a737-e78d9bc71a15,3763000,INR,UPI,failed,BANK_TIMEOUT,2,2,1,252,1077,0.28,TRUE,RETRY,SUCCESS,3763000,2026-08-30T02:24:50.042532
8b5236af-4982-4cd0-90de-f8b8a59611d7,d98e93c8-1c44-44d8-8b47-ffb93603e5c4,1054400,INR,UPI,failed,INSUFFICIENT_FUNDS,1,17,0,283,454,0.81,TRUE,REMINDER,SUCCESS,1054400,2026-08-30T12:47:50.042544
13b4a3a0-d7ff-45c3-9b8c-ec42dd120495,841a2c1b-4e60-4d49-9ccc-ffd141cb56ae,1441600,INR,WALLET,failed,INSUFFICIENT_FUNDS,1,11,3,286,1150,0.76,FALSE,NO_ACTION,FAILURE,0,2026-08-30T01:11:50.042555
22db0328-218c-4c09-b972-4dfaf108c24d,6ad04306-55fc-4c8d-a4b9-2e6f8103f052,761800,INR,CARD,failed,NETWORK_ERROR,3,1,2,433,1257,0.83,FALSE,NO_ACTION,FAILURE,0,2026-08-29T23:24:50.042568
21e9ef5b-6e9d-440d-be11-b5d2ff79e5f6,eabe8f04-fd30-4901-a885-2f88d4a110b4,4483100,INR,NETBANKING,failed,NETWORK_ERROR,2,9,5,234,233,0.41,TRUE,RETRY,SUCCESS,4483100,2026-08-30T16:28:50.042580
f4229811-91f7-430d-94d1-5214084e33dd,50f7a29f-4094-4bd2-912e-f0fd728bc34c,3397300,INR,CARD,failed,NETWORK_ERROR,2,3,2,102,913,0.49,TRUE,RETRY,SUCCESS,3397300,2026-08-30T05:08:50.042591
0225659b-9941-4853-8772-20316a5591f4,24710801-c546-4811-8842-593dfe394097,3377800,INR,UPI,failed,BANK_TIMEOUT,3,16,4,308,1102,0.53,TRUE,RETRY,SUCCESS,3377800,2026-08-30T01:59:50.042603
dab1d0cc-3d84-469e-afbb-7e4a448f5a1b,4db64df7-4847-4e9f-9ab6-ea0430157658,1407000,INR,NETBANKING,failed,NETWORK_ERROR,1,3,1,329,1102,0.76,TRUE,RETRY,SUCCESS,1407000,2026-08-30T01:59:50.042615
25561613-b739-4d19-bcc9-82432df8ddb1,aa47c25a-6dfa-4071-b4b1-f1be09454080,4247300,INR,CARD,failed,BANK_TIMEOUT,1,13,1,975,49,0.47,TRUE,RETRY,SUCCESS,4247300,2026-08-30T19:32:50.042626
e91317b6-bd9a-4366-a6e2-5b2fa0907477,d7e6104f-73d6-4575-9841-64aee218e61c,1176400,INR,CARD,failed,INSUFFICIENT_FUNDS,1,5,1,251,467,0.83,FALSE,NO_ACTION,FAILURE,0,2026-08-30T12:34:50.042638
321ff209-ef0f-48cb-b9df-08d7e90e9f75,59fa2d4d-3b0e-40a6-85ef-5f7c9873930a,4140100,INR,UPI,failed,NETWORK_ERROR,1,6,1,578,243,0.53,TRUE,RETRY,SUCCESS,4140100,2026-08-30T16:18:50.042649
8689d2a6-b220-43b5-b450-07e89e9d182c,9745ce5f-bf8e-4e65-bb5b-05ca7725e46f,4898600,INR,UPI,failed,CUSTOMER_ABANDONED,1,9,3,477,1030,0.18,TRUE,PAYMENT_LINK,SUCCESS,4898600,2026-08-30T03:11:50.042661
62090dd1-d957-469d-9ffe-3ca6c54512ab,78df6a4e-37fe-4c66-b80a-5ca9fb2dfd10,1854900,INR,CARD,failed,NETWORK_ERROR,1,16,2,480,1354,0.12,TRUE,RETRY,SUCCESS,1854900,2026-08-29T21:47:50.042673
2717809c-96d8-4314-a655-fb9a62093276,bb953b77-8fc2-44ed-96d2-e4b5ec5c3652,2572400,INR,CARD,failed,PAYMENT_EXPIRED,1,19,8,81,1299,0.22,FALSE,NO_ACTION,FAILURE,0,2026-08-29T22:42:50.042686
a9c8ba51-144d-4fdc-b4c8-67801f604685,b156a7e5-9195-40a3-9983-049a8b475b5c,4789700,INR,CARD,failed,OTHER,1,13,2,221,1137,0.21,FALSE,NO_ACTION,FAILURE,0,2026-08-30T01:24:50.042698
6e0a5963-0f88-4575-ba29-cf9a0d40168c,31d1ff60-05d8-4223-8a4b-d3c1bb478ce0,3920200,INR,UPI,failed,INSUFFICIENT_FUNDS,1,18,5,313,431,0.7,TRUE,REMINDER,SUCCESS,3920200,2026-08-30T13:10:50.042709
b9ca938e-fa7e-40ce-9737-e2c7112e50b6,ad4e7135-0e9c-4167-90d4-a87a7b951592,4243100,INR,NETBANKING,failed,BANK_TIMEOUT,1,13,3,280,1264,0.77,TRUE,RETRY,SUCCESS,4243100,2026-08-29T23:17:50.042721
77f80a13-9181-4bda-9518-d34cd78bb678,bbb85272-b191-471b-bf50-9b35a59966f9,3727800,INR,NETBANKING,failed,INVALID_PAYMENT_STATE,3,15,9,264,1125,0.47,FALSE,NO_ACTION,FAILURE,0,2026-08-30T01:36:50.042733
aed55da6-a165-44d8-a0ef-d64e78086468,e704f1a5-a969-4f6d-b761-be01a4f24ad9,4411900,INR,UPI,failed,BANK_TIMEOUT,2,6,2,676,998,0.86,TRUE,RETRY,SUCCESS,4411900,2026-08-30T03:43:50.042744
c6587d74-e16c-4134-be8e-6d362df71b5a,faa23153-ad6b-43ce-85e9-fd5b4741df00,665600,INR,UPI,failed,BANK_TIMEOUT,1,8,0,138,996,0.46,TRUE,RETRY,SUCCESS,665600,2026-08-30T03:45:50.042823
bc57f372-3bf6-46d3-8399-d86a111ef5e7,dec77698-5218-4c87-aee2-70d6a3c1f7c8,1008700,INR,UPI,failed,NETWORK_ERROR,1,15,2,609,878,0.23,TRUE,RETRY,FAILURE,0,2026-08-30T05:43:50.042846
5172e58c-f114-49fe-9e58-fbdede4575a7,7c5c753f-1984-43f6-a9fc-66f9f7d76881,4858400,INR,CARD,failed,BANK_TIMEOUT,1,13,5,148,1392,0.69,TRUE,RETRY,SUCCESS,4858400,2026-08-29T21:09:50.042860
f6a897f8-c4e9-49bd-b215-74d815c60ce7,37471316-8d23-49d3-b223-11a0dd03f95b,2011900,INR,UPI,failed,BANK_TIMEOUT,1,4,1,250,168,0.77,TRUE,RETRY,SUCCESS,2011900,2026-08-30T17:33:50.042872
1f4098de-ed91-4b95-8cda-4c02c1aaa49a,89363b5b-45a8-483d-8886-40d43186d39b,1297300,INR,UPI,failed,INVALID_PAYMENT_STATE,1,5,0,370,155,0.81,FALSE,NO_ACTION,FAILURE,0,2026-08-30T17:46:50.042890
efaa4ae7-d262-4677-aa32-8f8a85eb2e03,60a06b02-aaf7-413c-af2b-e83aa8be2839,214400,INR,CARD,failed,INSUFFICIENT_FUNDS,2,13,5,338,436,0.83,TRUE,REMINDER,SUCCESS,214400,2026-08-30T13:05:50.042901
40f938f0-442e-49ed-9d99-79deda10c455,0731a241-ccfb-4d54-aacf-6cb0446a09da,3103900,INR,CARD,failed,BANK_TIMEOUT,1,17,1,726,1208,0.69,TRUE,RETRY,SUCCESS,3103900,2026-08-30T00:13:50.042913
d1754f5d-c741-4feb-9c0b-193ae9180ac1,354deeac-0dd4-4aca-9c1f-2603a3d93098,603400,INR,UPI,failed,INSUFFICIENT_FUNDS,1,7,2,777,1258,0.65,FALSE,NO_ACTION,FAILURE,0,2026-08-29T23:23:50.042924
3651dc8e-e3e2-43cf-bce2-e0e0de093f5c,a4f71868-14d9-4699-a7bf-fcd8cad406b3,2934300,INR,UPI,failed,INSUFFICIENT_FUNDS,1,20,0,725,300,0.69,FALSE,NO_ACTION,FAILURE,0,2026-08-30T15:21:50.042935
f4d55c22-5a1b-4dc5-bcf9-8b6958c77a7f,37471316-8d23-49d3-b223-11a0dd03f95b,274800,INR,UPI,failed,NETWORK_ERROR,1,4,1,250,757,0.29,TRUE,RETRY,SUCCESS,274800,2026-08-30T07:44:50.042946
93449d66-106d-470b-8af1-7a7ebbd743b7,a899680b-9cfe-4a50-86c7-65c04fd2fafb,2377400,INR,UPI,failed,OTHER,2,10,4,303,82,0.88,TRUE,PAYMENT_LINK,SUCCESS,2377400,2026-08-30T18:59:50.042961
1c85dee0-a44e-4f20-9712-a14c8e0b1289,6db5af0d-ffd6-44dd-838b-918672206368,4162100,INR,CARD,failed,PAYMENT_EXPIRED,1,11,2,544,1115,0.56,FALSE,NO_ACTION,FAILURE,0,2026-08-30T01:46:50.042973
4f417e69-71a5-4e7a-a3cf-0f1036becff9,02547ff9-13b3-4ed1-8549-d0a83ac87a3e,2404000,INR,UPI,failed,INVALID_PAYMENT_STATE,1,17,3,929,516,0.4,FALSE,NO_ACTION,FAILURE,0,2026-08-30T11:45:50.042984
ed13b8e3-0b18-4967-aae3-c739cb1296a3,81ac97e5-4b96-4db9-998c-3b3c80a2dfd3,2669700,INR,UPI,failed,INVALID_PAYMENT_STATE,1,7,1,415,988,0.81,FALSE,NO_ACTION,FAILURE,0,2026-08-30T03:53:50.042995
073b723d-7028-4b0a-885d-bba52f979530,4a5eb705-7335-4420-b2cd-748ccce2ca52,920700,INR,UPI,failed,BANK_TIMEOUT,1,13,3,130,576,0.27,TRUE,RETRY,SUCCESS,920700,2026-08-30T10:45:50.043008
b9293e91-3d1b-45bb-9073-8cadf035fd30,d5e4a2c8-9db9-41b2-af9a-00330a552cb2,785400,INR,CARD,failed,NETWORK_ERROR,1,12,3,710,233,0.49,TRUE,RETRY,SUCCESS,785400,2026-08-30T16:28:50.043020
53f690ec-0823-43e1-a6b7-2113580fccd2,7507a41c-8c32-4bb5-89d4-5eea63c1b0d3,4251800,INR,CARD,failed,BANK_TIMEOUT,1,7,0,112,1175,0.57,TRUE,RETRY,SUCCESS,4251800,2026-08-30T00:46:50.043031
5a031e28-a739-4f96-b469-f3971f0909f1,0cef5ba8-f24e-4cba-996d-de3c2efe26ba,3760400,INR,UPI,failed,BANK_TIMEOUT,3,16,4,803,1059,0.87,TRUE,RETRY,SUCCESS,3760400,2026-08-30T02:42:50.043043
9ba6989f-e3a4-4694-a207-8b4bd33a082e,d3d21d20-18d7-4104-a13f-f51b5db7b55d,4725600,INR,CARD,failed,PAYMENT_EXPIRED,3,0,2,891,444,0.46,FALSE,NO_ACTION,FAILURE,0,2026-08-30T12:57:50.043054
ea06a402-f203-47e9-bc4f-9645103c737a,a63f50fc-2228-4b1a-b65a-21200cd08345,3166600,INR,UPI,failed,PAYMENT_EXPIRED,1,7,1,222,1194,0.76,FALSE,NO_ACTION,FAILURE,0,2026-08-30T00:27:50.043066
37a22cb1-530e-4ac4-88d8-00743d774013,2274b42b-c7f9-4843-adfa-d0d509ed1eed,3357600,INR,UPI,failed,CUSTOMER_ABANDONED,1,17,3,15,929,0.58,FALSE,NO_ACTION,FAILURE,0,2026-08-30T04:52:50.043077
fe41d3ca-9674-4f6b-af32-ed1dcbbb21e5,02547ff9-13b3-4ed1-8549-d0a83ac87a3e,2536100,INR,UPI,failed,BANK_TIMEOUT,1,17,3,929,1033,0.65,TRUE,RETRY,SUCCESS,2536100,2026-08-30T03:08:50.043089
303a38b1-fff0-48bd-9a51-1021242b065c,260e29b4-26f7-4628-bbc3-20bef6822610,3128600,INR,NETBANKING,failed,INSUFFICIENT_FUNDS,2,15,2,498,1089,0.5,FALSE,NO_ACTION,FAILURE,0,2026-08-30T02:12:50.043101
bb7b3166-2e93-45f7-a16c-cbdf2ccf8e31,73672fd2-2561-4ffe-bd5b-b1357b0d2aaf,4331300,INR,UPI,failed,INSUFFICIENT_FUNDS,2,5,2,446,1390,0.62,FALSE,NO_ACTION,FAILURE,0,2026-08-29T21:11:50.043115
2d13380f-7b93-4bc1-959c-55ed3b76c076,1a3f5933-7318-4439-9690-75ddb528cc7e,294600,INR,CARD,failed,NETWORK_ERROR,3,16,9,476,988,0.73,TRUE,RETRY,SUCCESS,294600,2026-08-30T03:53:50.043131
591abd13-b333-44ec-9461-b2f483cf6d71,56470734-f20d-4ef3-9f5b-3ca8bca8bf51,4575900,INR,UPI,failed,NETWORK_ERROR,1,13,0,384,477,0.83,TRUE,RETRY,SUCCESS,4575900,2026-08-30T12:24:50.043147
aa8a266b-9acd-467c-b21b-9c714fc28e58,9b4920b9-8e36-4197-ad4a-2f153c23fa28,2688100,INR,UPI,failed,BANK_TIMEOUT,2,4,2,715,15,0.56,TRUE,RETRY,SUCCESS,2688100,2026-08-30T20:06:50.043161
bf64c377-421e-423e-8c94-1b8cfeb6e031,da8978dc-c692-494c-85f1-3ee69c5aeef5,1356200,INR,CARD,failed,NETWORK_ERROR,1,20,6,997,317,0.44,TRUE,RETRY,SUCCESS,1356200,2026-08-30T15:04:50.043173
25dddf31-f446-4acc-ae2e-04bcd97648ae,86f54dd5-a718-413c-ae50-961a873a33a7,2785800,INR,UPI,failed,INSUFFICIENT_FUNDS,4,6,3,103,814,0.7,FALSE,NO_ACTION,FAILURE,0,2026-08-30T06:47:50.043187
c2c457c0-63f8-4ea3-a306-d1277a56a577,e72877cf-d2ec-49a0-b270-33da92e97d2d,3664000,INR,UPI,failed,NETWORK_ERROR,1,4,1,257,520,0.89,TRUE,RETRY,FAILURE,0,2026-08-30T11:41:50.043200
ca2ce351-b769-42db-8237-d08828d6f55f,f0146588-b51a-4a5a-881f-7da8993287b8,4832000,INR,UPI,failed,INVALID_PAYMENT_STATE,1,14,2,556,471,0.46,FALSE,NO_ACTION,FAILURE,0,2026-08-30T12:30:50.043212
03790160-ad53-4e2a-bc92-1290e7fef04a,7507a41c-8c32-4bb5-89d4-5eea63c1b0d3,667100,INR,UPI,failed,NETWORK_ERROR,1,7,0,112,1128,0.59,TRUE,RETRY,SUCCESS,667100,2026-08-30T01:33:50.043224
2147b25f-38bb-48b5-9a16-8d43bef47a58,42369c65-bce3-488a-aa44-d3ccb23787a3,4177200,INR,UPI,failed,BANK_TIMEOUT,1,10,4,344,1230,0.45,TRUE,RETRY,SUCCESS,4177200,2026-08-29T23:51:50.043234
b9b820dd-6971-48c3-9fa4-76ab856d1521,9b8033e0-cf2a-4e94-ae66-3ca5d1774067,4001300,INR,UPI,failed,NETWORK_ERROR,4,1,3,94,1258,0.62,FALSE,NO_ACTION,FAILURE,0,2026-08-29T23:23:50.043245
c6aa01ba-b970-4fbd-8428-f556bacef5ce,6b629986-43aa-479a-84f8-6829f7566f7e,386500,INR,NETBANKING,failed,PAYMENT_EXPIRED,1,7,2,558,900,0.11,FALSE,NO_ACTION,FAILURE,0,2026-08-30T05:21:50.043258
3abc4c4a-d967-4652-b12f-100efc26392c,65704b21-f619-4109-a911-1bcbbf5a8255,3405700,INR,UPI,failed,BANK_TIMEOUT,1,1,0,570,1057,0.66,TRUE,RETRY,SUCCESS,3405700,2026-08-30T02:44:50.043269
c340baa8-5dd3-4537-9728-ab861235d991,ea1bce29-3c1f-4849-bd9f-88c93903f2cc,1577900,INR,CARD,failed,OTHER,1,3,1,6,566,0.72,TRUE,PAYMENT_LINK,SUCCESS,1577900,2026-08-30T10:55:50.043280
d3783741-8f8c-429b-a65b-7d552558c3c0,05be7f80-c95f-440a-b33a-72732a6926b5,1322700,INR,UPI,failed,CUSTOMER_ABANDONED,1,9,3,238,185,0.54,TRUE,PAYMENT_LINK,SUCCESS,1322700,2026-08-30T17:16:50.043290
7e5d3756-752f-4234-8a4c-c7b8f714dc50,f54160e0-ddf8-4d23-9c5c-330e68fa9f62,2291200,INR,UPI,failed,PAYMENT_EXPIRED,1,13,2,3,399,0.46,FALSE,NO_ACTION,FAILURE,0,2026-08-30T13:42:50.043301
983bcf68-f1e0-46e0-8204-fda3e25e3621,136cb37f-abb1-45d2-a78b-ee1702d33a00,1721100,INR,UPI,failed,INSUFFICIENT_FUNDS,1,3,1,755,1031,0.34,FALSE,NO_ACTION,FAILURE,0,2026-08-30T03:10:50.043312
50a01a52-390e-421a-9a83-9a6d468fb531,efc1b5a9-fdd0-43df-8d97-6856d4f255f6,3373800,INR,WALLET,failed,INVALID_PAYMENT_STATE,2,2,1,480,1178,0.3,FALSE,NO_ACTION,FAILURE,0,2026-08-30T00:43:50.043323
2b25ab80-13ce-4278-864f-95e21f215a3c,02547ff9-13b3-4ed1-8549-d0a83ac87a3e,3700700,INR,UPI,failed,BANK_TIMEOUT,1,17,3,929,940,0.65,TRUE,RETRY,FAILURE,0,2026-08-30T04:41:50.043334
797d89a2-7bda-47af-94cc-cc52017cb788,73672fd2-2561-4ffe-bd5b-b1357b0d2aaf,771900,INR,UPI,failed,NETWORK_ERROR,2,5,2,446,452,0.64,TRUE,RETRY,SUCCESS,771900,2026-08-30T12:49:50.043345
8e43ba82-752d-4d9a-964f-535408e0d5be,25d70699-845e-48e1-9e59-63e231f5facc,3394900,INR,UPI,failed,CUSTOMER_ABANDONED,1,2,0,626,589,0.17,TRUE,PAYMENT_LINK,FAILURE,0,2026-08-30T10:32:50.043356
c28d4ac4-2e6e-4947-9db4-f5371db0d58c,041b7649-2adf-496a-9878-df74171735c4,3644300,INR,NETBANKING,failed,NETWORK_ERROR,1,18,3,439,1175,0.32,TRUE,RETRY,SUCCESS,3644300,2026-08-30T00:46:50.043368
94ffe2f1-f7cf-42cd-948c-a68250a0a9dd,7ff02b8f-3220-4da4-8134-bfff13f523b0,1256200,INR,UPI,failed,BANK_TIMEOUT,2,16,5,465,544,0.27,TRUE,RETRY,SUCCESS,1256200,2026-08-30T11:17:50.043379
8ef04e01-7b7b-4977-be5f-11f14e19c078,50234046-3b5f-44e6-8a9e-9b64c932cb9f,2343200,INR,UPI,failed,BANK_TIMEOUT,3,8,4,22,1385,0.86,TRUE,RETRY,SUCCESS,2343200,2026-08-29T21:16:50.043390
29bcb447-8eb7-4626-9879-7ba09c07f261,f996e2bf-b718-4971-ab2d-ce34d5bdce57,3558600,INR,WALLET,failed,PAYMENT_EXPIRED,1,14,0,972,646,0.49,FALSE,NO_ACTION,FAILURE,0,2026-08-30T09:35:50.043400
871403b6-5422-4348-a41c-98c6a630ac09,3f927bc6-80b2-4602-bbdc-fa2790588c7c,3775100,INR,NETBANKING,failed,NETWORK_ERROR,4,15,8,111,1047,0.32,FALSE,NO_ACTION,FAILURE,0,2026-08-30T02:54:50.043411
d1872285-4d6e-4916-a1dc-e557058ab3ce,77cb34db-5ef2-4439-8308-aa51c18fc698,850400,INR,UPI,failed,CUSTOMER_ABANDONED,1,20,2,213,1108,0.13,FALSE,NO_ACTION,FAILURE,0,2026-08-30T01:53:50.043421
12d3a772-195b-4d82-85ac-484d6153afd6,ddb4d83e-b10e-4519-b74f-ee362bbaeb4d,4507900,INR,CARD,failed,NETWORK_ERROR,1,0,0,995,1062,0.0,TRUE,RETRY,SUCCESS,4507900,2026-08-30T02:39:50.043431
868903f0-0002-44ec-b33c-be1036c6da3e,874a6060-c809-46da-a3f7-3c3742ee0270,4427800,INR,UPI,failed,INSUFFICIENT_FUNDS,1,17,1,28,1255,0.79,FALSE,NO_ACTION,FAILURE,0,2026-08-29T23:26:50.043442
f84ee257-d235-4540-9035-f1040a2ec10f,dc3eecc3-0a3d-4c03-b03a-a282ae7801dd,1564100,INR,UPI,failed,OTHER,1,11,4,316,377,0.5,TRUE,PAYMENT_LINK,SUCCESS,1564100,2026-08-30T14:04:50.043452
0b6dcb17-8575-4d5c-ac21-43dc164a6e49,41a98a15-03c9-4050-84ec-b0318f98b532,2402500,INR,NETBANKING,failed,BANK_TIMEOUT,1,10,4,610,269,0.88,TRUE,RETRY,FAILURE,0,2026-08-30T15:52:50.043463
5d77601e-bd1a-4d6e-bb4e-a78f453325e5,2c67f74d-578e-444d-a301-dc12621e8800,1779100,INR,CARD,failed,INSUFFICIENT_FUNDS,2,17,4,880,402,0.22,TRUE,REMINDER,SUCCESS,1779100,2026-08-30T13:39:50.043476
9df5653d-a903-44eb-a163-3f295885769e,4277e34f-d80a-428b-ba7b-af34e41445ba,73800,INR,UPI,failed,NETWORK_ERROR,4,7,6,990,1292,0.51,TRUE,RETRY,FAILURE,0,2026-08-29T22:49:50.043486
6c315f69-085c-46db-b17c-ced566f93dd2,277912ab-ca9c-42ed-925b-f78da767798c,1654700,INR,UPI,failed,INSUFFICIENT_FUNDS,1,5,1,268,1415,0.23,FALSE,NO_ACTION,FAILURE,0,2026-08-29T20:46:50.043497
75b1618a-8301-49ad-bc7e-9a2966e1cce1,f1b159e7-f2ca-4dad-a9a8-609619495907,3133000,INR,CARD,failed,BANK_TIMEOUT,2,2,1,115,533,0.39,TRUE,RETRY,FAILURE,0,2026-08-30T11:28:50.043508
71ee9bf7-d149-447b-9a22-3e85f61d47f5,48350ba3-6495-460f-87a2-54e987cf8cf2,2265300,INR,UPI,failed,BANK_TIMEOUT,2,4,2,708,1241,0.26,TRUE,RETRY,SUCCESS,2265300,2026-08-29T23:40:50.043519
844a17b4-1f69-4691-bb48-f4863bdf471e,df4aa70e-4aa7-4aa4-8268-aec6d0bbdfc8,1875200,INR,UPI,failed,CUSTOMER_ABANDONED,1,7,0,870,916,0.81,FALSE,NO_ACTION,FAILURE,0,2026-08-30T05:05:50.043530
921a46b6-a852-43d9-bc61-b6db9b33ceb7,c2856fd8-4bcc-4438-9778-27126346aaed,3049200,INR,CARD,failed,BANK_TIMEOUT,1,14,2,837,691,0.44,TRUE,RETRY,SUCCESS,3049200,2026-08-30T08:50:50.043541
edba816c-8770-4e49-a308-75e77ce63699,cda40bb8-870c-43bf-9df9-cefdb034147d,477500,INR,UPI,failed,NETWORK_ERROR,1,19,5,391,1338,0.33,TRUE,RETRY,SUCCESS,477500,2026-08-29T22:03:50.043551
f5e2de0e-7947-4f01-b3e9-5de5c0d9d7b5,5a3f4a30-649b-4b70-ba0d-5c44c043fa49,2925600,INR,CARD,failed,OTHER,2,19,8,417,1067,0.87,FALSE,NO_ACTION,FAILURE,0,2026-08-30T02:34:50.043562
9992f544-fc16-41fc-8a14-2e3027bdcc24,eccc6c87-6d8e-49e4-b44b-109a29274ccb,161300,INR,UPI,failed,BANK_TIMEOUT,1,17,5,714,1436,0.7,TRUE,RETRY,SUCCESS,161300,2026-08-29T20:25:50.043573
945e0ebb-942c-4d01-aeaa-3ef9badb0ad2,949d08f5-697f-439a-94bd-f4b551cd6dca,428000,INR,NETBANKING,failed,NETWORK_ERROR,1,13,1,301,814,0.52,TRUE,RETRY,SUCCESS,428000,2026-08-30T06:47:50.043586
fb13bb04-9f45-4c95-ae61-fa108c91831c,50234046-3b5f-44e6-8a9e-9b64c932cb9f,1027600,INR,UPI,failed,OTHER,1,8,2,22,470,0.3,TRUE,PAYMENT_LINK,SUCCESS,1027600,2026-08-30T12:31:50.043598
b7f14b51-62d3-4eb9-a158-5f9dcc3ef3ee,f02c2f8e-bab0-470c-95a6-16eeb54b25c1,3462000,INR,CARD,failed,BANK_TIMEOUT,1,16,3,922,667,0.79,TRUE,RETRY,FAILURE,0,2026-08-30T09:14:50.043608
e015c128-d97c-4bb4-8454-9ccca2fcefc2,656c2a7c-b513-4063-be34-93137ec6ae52,1795200,INR,UPI,failed,BANK_TIMEOUT,3,13,4,126,1105,0.24,TRUE,RETRY,SUCCESS,1795200,2026-08-30T01:56:50.043619
21e9ff82-db80-498b-900f-1533fa5e88ae,1a9967e0-8650-4d29-8e72-335e9937a529,3706100,INR,UPI,failed,INSUFFICIENT_FUNDS,1,1,0,564,712,0.49,FALSE,NO_ACTION,FAILURE,0,2026-08-30T08:29:50.043631
a1d5b7b6-9ae9-4219-804e-c3d7055c9c43,68c3ef8b-0f8d-462d-99ed-6571d6b81be6,2905700,INR,UPI,failed,NETWORK_ERROR,1,0,0,567,22,0.0,TRUE,RETRY,FAILURE,0,2026-08-30T19:59:50.043642
7ea0e819-2b2c-4aae-b8f0-f0e7861022ab,a557a40b-c470-46f7-8b81-8d6f8b3d00f2,903200,INR,UPI,failed,NETWORK_ERROR,1,11,0,242,1008,0.86,TRUE,RETRY,SUCCESS,903200,2026-08-30T03:33:50.043653
aa406451-6e0d-4c04-82ee-7e1bdd44d652,c64228e0-b472-424e-a2d3-e7ed04575bbd,1929600,INR,UPI,failed,CUSTOMER_ABANDONED,1,10,1,466,387,0.43,TRUE,PAYMENT_LINK,SUCCESS,1929600,2026-08-30T13:54:50.043663
3fcf6aee-2034-480b-980a-b336cca3b9fd,24e6a4a5-c6c3-4202-85ac-b9790cf8d18a,4695400,INR,CARD,failed,NETWORK_ERROR,1,14,0,550,539,0.16,TRUE,RETRY,SUCCESS,4695400,2026-08-30T11:22:50.043674
eca9fbbf-646f-444a-a7dc-e939cf958b30,bbb85272-b191-471b-bf50-9b35a59966f9,4028700,INR,CARD,failed,CUSTOMER_ABANDONED,1,15,7,264,1090,0.75,FALSE,NO_ACTION,FAILURE,0,2026-08-30T02:11:50.043685
fe159237-5fc1-4393-ac90-ea740248bef4,201ab8e9-22b7-477c-b4eb-ec68560d07bf,458600,INR,UPI,failed,BANK_TIMEOUT,1,11,0,661,1266,0.46,TRUE,RETRY,SUCCESS,458600,2026-08-29T23:15:50.043700
72cecf27-0bc5-49db-9146-9644bf4d8d44,24710801-c546-4811-8842-593dfe394097,137100,INR,UPI,failed,OTHER,1,16,2,308,210,0.33,FALSE,NO_ACTION,FAILURE,0,2026-08-30T16:51:50.043712
bd0a342b-0f6f-47f7-8287-d06604f9e0b7,29ef9c75-b533-412c-88c6-30decc6d36ea,4775100,INR,UPI,failed,BANK_TIMEOUT,1,1,0,553,445,0.37,TRUE,RETRY,FAILURE,0,2026-08-30T12:56:50.043727
c5e5938a-c542-4ce3-b658-f77c8045a18f,41a98a15-03c9-4050-84ec-b0318f98b532,3048800,INR,CARD,failed,BANK_TIMEOUT,1,10,4,610,300,0.14,TRUE,RETRY,SUCCESS,3048800,2026-08-30T15:21:50.043738
f4fd23f6-2d09-4e67-9c34-4dda892ca39e,98327b26-cadd-4b13-a456-0a476dbf1894,1200100,INR,UPI,failed,PAYMENT_EXPIRED,2,1,1,580,26,0.2,FALSE,NO_ACTION,FAILURE,0,2026-08-30T19:55:50.043749
7aec25b3-120f-4b4a-8969-847719a36ddc,ace77ee0-fbf5-431b-9ee4-a5cd7f5f26f2,2531800,INR,CARD,failed,NETWORK_ERROR,2,4,2,342,69,0.26,TRUE,RETRY,SUCCESS,2531800,2026-08-30T19:12:50.043760
edf1eadb-155c-47ba-8983-a01ce8e1ad17,66ef52b9-1922-4b27-be38-f9e7fec9e872,1376000,INR,UPI,failed,CUSTOMER_ABANDONED,1,9,2,511,662,0.23,TRUE,PAYMENT_LINK,SUCCESS,1376000,2026-08-30T09:19:50.043771
f478d2b4-4089-4f0d-9609-d6b2acdfbe27,fc384e99-83d2-4531-8647-e9bc42f5cc3f,3423900,INR,UPI,failed,NETWORK_ERROR,1,14,2,491,739,0.81,TRUE,RETRY,SUCCESS,3423900,2026-08-30T08:02:50.043781
48c5ff29-e36c-4b33-9524-160a68e5578d,9184fbba-c20d-4570-bff2-aab5aa3b651e,1556400,INR,CARD,failed,NETWORK_ERROR,1,9,1,852,566,0.57,TRUE,RETRY,SUCCESS,1556400,2026-08-30T10:55:50.043792
a804de85-9d24-4b78-a55d-d644c4058326,1bdbaa5e-f97d-42f1-91c5-9b8926c6f3a6,3818100,INR,CARD,failed,NETWORK_ERROR,1,7,3,876,761,0.72,TRUE,RETRY,SUCCESS,3818100,2026-08-30T07:40:50.043803
5ab99a21-eee9-463c-b1a0-00b063f11501,a0e9c5c7-44c4-48ac-9b70-1ba4698b2057,4064300,INR,UPI,failed,OTHER,2,17,5,458,123,0.15,TRUE,PAYMENT_LINK,SUCCESS,4064300,2026-08-30T18:18:50.043815
8d8e9911-6bb8-4a27-b7bd-14e9bad6b058,a899680b-9cfe-4a50-86c7-65c04fd2fafb,713800,INR,UPI,failed,BANK_TIMEOUT,4,10,6,303,1321,0.71,TRUE,RETRY,SUCCESS,713800,2026-08-29T22:20:50.043844
12685b3f-22f4-4d2e-b735-8d0ec6d8c774,45ab77c1-e02a-4aec-83d4-108769233cf0,149900,INR,CARD,failed,NETWORK_ERROR,1,1,0,59,81,0.49,TRUE,RETRY,SUCCESS,149900,2026-08-30T19:00:50.043866
1169db3c-d2cb-4631-b996-98cf35e79e25,9afa39dc-ab58-4a40-876a-1b9344ff9ad3,3221800,INR,UPI,failed,BANK_TIMEOUT,1,13,0,877,960,0.32,TRUE,RETRY,FAILURE,0,2026-08-30T04:21:50.043878
6c767233-b0fd-4c96-8147-9e7d5cbefbb5,6e00be5b-e314-4402-a286-fdc3bc37f2f4,1060800,INR,UPI,failed,BANK_TIMEOUT,1,15,0,883,540,0.53,TRUE,RETRY,FAILURE,0,2026-08-30T11:21:50.043889
daae3616-f4ad-4aaf-bd08-cdfae029bb83,3f537f10-42f0-4655-a580-1d1372d08f1e,2494000,INR,CARD,failed,INVALID_PAYMENT_STATE,1,6,0,971,746,0.72,FALSE,NO_ACTION,FAILURE,0,2026-08-30T07:55:50.043899
67408d94-f086-4a12-aa26-5dc88da11e4d,2c67f74d-578e-444d-a301-dc12621e8800,425100,INR,CARD,failed,INSUFFICIENT_FUNDS,1,17,3,880,1074,0.65,FALSE,NO_ACTION,FAILURE,0,2026-08-30T02:27:50.043910
9922b003-99e1-4297-afed-c346c14edad9,747b98f5-917d-4c0c-b0e7-e51db8f874f6,4027600,INR,UPI,failed,NETWORK_ERROR,1,11,2,442,198,0.52,TRUE,RETRY,FAILURE,0,2026-08-30T17:03:50.043920
4c6fe609-f6e3-4db8-b23d-619ccef70223,47e5b315-f681-454b-bfd4-603638858be5,1180700,INR,NETBANKING,failed,BANK_TIMEOUT,1,20,3,409,203,0.13,TRUE,RETRY,SUCCESS,1180700,2026-08-30T16:58:50.043930
e79fbc7b-433d-48e3-be57-67869d98508f,c8b22318-d2e6-4eef-9451-74fe4eb07de1,3456000,INR,CARD,failed,INSUFFICIENT_FUNDS,1,8,1,607,453,0.58,FALSE,NO_ACTION,FAILURE,0,2026-08-30T12:48:50.043940
3bde8d55-70a4-4000-9391-ca8040b0840b,65704b21-f619-4109-a911-1bcbbf5a8255,1377900,INR,CARD,failed,OTHER,2,1,1,570,959,0.74,FALSE,NO_ACTION,FAILURE,0,2026-08-30T04:22:50.043953
cc083563-9966-4204-9c10-2a9db93ed385,203f2a92-e138-46d1-a5d7-6af3adeab121,4882400,INR,NETBANKING,failed,NETWORK_ERROR,1,20,6,591,120,0.76,TRUE,RETRY,SUCCESS,4882400,2026-08-30T18:21:50.043963
1123fb88-1151-4dbb-9dbb-bb84d7e91281,017d681a-c640-41ae-a787-68ffe48af576,2001600,INR,UPI,failed,BANK_TIMEOUT,1,7,2,143,208,0.68,TRUE,RETRY,SUCCESS,2001600,2026-08-30T16:53:50.043973
f4ef5c0b-64c2-40fb-9308-7cbc57658e4e,e44e5edc-8128-4377-b2cb-e874550b446d,4314900,INR,UPI,failed,INSUFFICIENT_FUNDS,1,7,0,258,1144,0.43,FALSE,NO_ACTION,FAILURE,0,2026-08-30T01:17:50.043983
eb629f07-9580-4b0e-8301-ac0723258ab1,d1e44f10-ee7a-49cb-aab7-ee20949abe40,3788500,INR,UPI,failed,NETWORK_ERROR,1,8,1,323,214,0.23,TRUE,RETRY,SUCCESS,3788500,2026-08-30T16:47:50.043993
54707335-9dc5-4dba-940e-119be9638144,11e0caee-35cc-4634-9ba2-af538792c7e6,4319200,INR,UPI,failed,OTHER,1,14,3,330,722,0.82,FALSE,NO_ACTION,FAILURE,0,2026-08-30T08:19:50.044004
473eb9c6-69e4-4ce3-b6c5-a69ce9022da4,35da0ef5-0af6-43f0-bb40-47dd80d089b0,2446100,INR,UPI,failed,INSUFFICIENT_FUNDS,2,17,2,303,663,0.59,TRUE,REMINDER,SUCCESS,2446100,2026-08-30T09:18:50.044014
7a160779-ed37-4c00-8dfc-3d227b9cc2e9,6fb6d31e-eaac-4941-a0c6-1d7f6c42096c,3616000,INR,NETBANKING,failed,BANK_TIMEOUT,3,15,2,394,917,0.87,FALSE,NO_ACTION,FAILURE,0,2026-08-30T05:04:50.044024
7a6f3d46-b40b-42fb-adfa-183a0f38f658,141b7591-375e-4d66-8be0-c844a7503823,1874300,INR,UPI,failed,INSUFFICIENT_FUNDS,4,20,9,301,619,0.11,FALSE,NO_ACTION,FAILURE,0,2026-08-30T10:02:50.044034
c5a38010-1a55-4521-830e-ae3705b27325,e8ac92b8-0d01-4e8e-9fcf-f97927b9a7d7,2073700,INR,UPI,failed,PAYMENT_EXPIRED,1,14,2,308,566,0.84,FALSE,NO_ACTION,FAILURE,0,2026-08-30T10:55:50.044043
83bdf66f-4b82-4706-b28f-123ec7c801a7,df01a699-f8e7-4ec8-a7af-e089fff5cd99,3756100,INR,UPI,failed,BANK_TIMEOUT,1,18,8,305,284,0.31,TRUE,RETRY,SUCCESS,3756100,2026-08-30T15:37:50.044055
abc28dcc-1047-4c4e-9236-58b0fd57877b,48350ba3-6495-460f-87a2-54e987cf8cf2,1978000,INR,UPI,failed,NETWORK_ERROR,3,4,3,708,159,0.68,TRUE,RETRY,SUCCESS,1978000,2026-08-30T17:42:50.044065
b505b04a-cb49-4e5a-b732-c413da1d648e,ecbe7fa6-1448-4278-bb5b-ac3ed48a93bc,4529300,INR,CARD,failed,PAYMENT_EXPIRED,1,14,6,651,1316,0.34,FALSE,NO_ACTION,FAILURE,0,2026-08-29T22:25:50.044075
c68b5d96-ac0f-4639-99dc-78b9bd7b72f1,77cb34db-5ef2-4439-8308-aa51c18fc698,2510500,INR,UPI,failed,BANK_TIMEOUT,2,20,3,213,713,0.8,TRUE,RETRY,FAILURE,0,2026-08-30T08:28:50.044087
3f8db83b-7a7f-4d58-8cf4-be2eb14efa74,e5ef5569-e153-4cc6-836f-8868cf6a97c0,1495800,INR,CARD,failed,PAYMENT_EXPIRED,3,15,9,132,1299,0.72,FALSE,NO_ACTION,FAILURE,0,2026-08-29T22:42:50.044097
f7524dd3-8f2b-40ed-af7b-4911469881cd,e6778ce5-aaeb-4310-b451-2bfc09f2d5d1,3446500,INR,UPI,failed,INSUFFICIENT_FUNDS,1,13,3,322,1029,0.66,FALSE,NO_ACTION,FAILURE,0,2026-08-30T03:12:50.044106
25cd080a-bb24-4fc2-a1e9-7557315e5520,e2882e87-115a-4ec0-9fbb-75027c339e83,4804400,INR,WALLET,failed,OTHER,2,16,6,614,1179,0.5,FALSE,NO_ACTION,FAILURE,0,2026-08-30T00:42:50.044116
02c408cf-ec22-4d73-9407-50e683296b08,e704f1a5-a969-4f6d-b761-be01a4f24ad9,2594200,INR,UPI,failed,NETWORK_ERROR,1,6,1,676,101,0.54,TRUE,RETRY,SUCCESS,2594200,2026-08-30T18:40:50.044127
29183821-458f-4a50-b8be-590fc4503f5e,aa47c25a-6dfa-4071-b4b1-f1be09454080,4583500,INR,UPI,failed,BANK_TIMEOUT,1,13,1,975,1000,0.42,TRUE,RETRY,SUCCESS,4583500,2026-08-30T03:41:50.044137
b80749e5-8280-4137-a0f1-4eaca5251c26,59f160a1-e0eb-43b1-847f-5bb4ab0dd067,3445700,INR,UPI,failed,BANK_TIMEOUT,2,14,2,103,663,0.65,TRUE,RETRY,SUCCESS,3445700,2026-08-30T09:18:50.044147
e28c341d-8fba-413f-bb2e-8a942763ecb0,ad4e7135-0e9c-4167-90d4-a87a7b951592,2785700,INR,UPI,failed,BANK_TIMEOUT,1,13,3,280,1343,0.12,TRUE,RETRY,FAILURE,0,2026-08-29T21:58:50.044159
b189991b-b331-4c87-9614-1a1e85e16693,a789cd23-e75f-4ee6-85ea-c557bab47e75,2908000,INR,CARD,failed,NETWORK_ERROR,3,18,7,235,479,0.26,TRUE,RETRY,FAILURE,0,2026-08-30T12:22:50.044172
20c295ad-84a3-4389-9632-13b1bd3f07b4,201ab8e9-22b7-477c-b4eb-ec68560d07bf,572300,INR,UPI,failed,BANK_TIMEOUT,3,11,2,661,303,0.8,TRUE,RETRY,SUCCESS,572300,2026-08-30T15:18:50.044182
e8ccb5c7-8344-457b-a669-c1ec76b01b65,3713e628-af30-4c74-b2f7-e0c53e46941b,739200,INR,UPI,failed,NETWORK_ERROR,1,18,3,245,1102,0.27,TRUE,RETRY,FAILURE,0,2026-08-30T01:59:50.044193
1591bbc6-d813-4e79-b125-6d2ee2c95ecc,3f7bf40d-dfc5-4bee-89fe-8dcaa4d1458c,3175500,INR,CARD,failed,OTHER,1,18,2,13,1369,0.11,FALSE,NO_ACTION,FAILURE,0,2026-08-29T21:32:50.044203
3f84cac4-2ca6-4c82-83c5-c25f5ebb747f,2059387d-6e68-407d-9e8f-773d1565976a,3462400,INR,UPI,failed,BANK_TIMEOUT,1,20,8,121,1427,0.59,TRUE,RETRY,SUCCESS,3462400,2026-08-29T20:34:50.044213
7502095b-6b36-45d7-821f-e1a562d39349,6ad04306-55fc-4c8d-a4b9-2e6f8103f052,446400,INR,UPI,failed,BANK_TIMEOUT,2,1,1,433,1352,0.39,TRUE,RETRY,SUCCESS,446400,2026-08-29T21:49:50.044223
a8dd857d-f521-42fc-ac4b-60040fc01ddf,d599f809-3112-499b-91c4-86215467e0af,4265900,INR,UPI,failed,OTHER,1,2,0,764,204,0.82,FALSE,NO_ACTION,FAILURE,0,2026-08-30T16:57:50.044233
9b6d7e78-7c1d-4f9f-9b46-08ccafde0421,6b629986-43aa-479a-84f8-6829f7566f7e,3493600,INR,UPI,failed,BANK_TIMEOUT,3,7,4,558,1149,0.84,FALSE,NO_ACTION,FAILURE,0,2026-08-30T01:12:50.044243
3df940e5-2b4a-49f6-8448-b496ffab34cb,be2cbe60-d337-4d23-9375-4e09f6441ba7,3479500,INR,UPI,failed,NETWORK_ERROR,2,8,1,434,38,0.38,TRUE,RETRY,SUCCESS,3479500,2026-08-30T19:43:50.044253
6885b8c4-28d1-48a9-97ae-61ad1b196cc9,faa23153-ad6b-43ce-85e9-fd5b4741df00,3295000,INR,UPI,failed,BANK_TIMEOUT,1,8,0,138,793,0.81,TRUE,RETRY,SUCCESS,3295000,2026-08-30T07:08:50.044265
80efc276-ba1a-4b24-9ebc-7d221aeb5052,e4d84949-9b88-425b-9a90-5b6ea090a2ec,1846200,INR,UPI,failed,NETWORK_ERROR,1,12,2,67,282,0.17,TRUE,RETRY,FAILURE,0,2026-08-30T15:39:50.044275
a7eb0eb7-dc3b-4580-9035-f49f88ce3fdc,fa0dcb44-ca2f-4d38-bdad-7159d0a74427,4109400,INR,CARD,failed,NETWORK_ERROR,1,13,4,41,874,0.88,TRUE,RETRY,SUCCESS,4109400,2026-08-30T05:47:50.044287
6b6508b3-6d9e-4169-8423-c07adcd5b876,afdc2f54-d715-4445-8cbc-56b260e5fa03,873500,INR,UPI,failed,BANK_TIMEOUT,1,1,0,47,415,0.79,TRUE,RETRY,SUCCESS,873500,2026-08-30T13:26:50.044297
30357c29-da8e-4975-8dd8-2d1606ff5643,a2b28bc6-0c3a-4086-989a-720eecca0e08,896300,INR,UPI,failed,OTHER,2,14,2,720,1344,0.85,TRUE,PAYMENT_LINK,SUCCESS,896300,2026-08-29T21:57:50.044307
7df058d3-e9e6-4832-99e4-1c4401ea785d,203f2a92-e138-46d1-a5d7-6af3adeab121,3502800,INR,NETBANKING,failed,BANK_TIMEOUT,1,20,6,591,299,0.68,TRUE,RETRY,FAILURE,0,2026-08-30T15:22:50.044319
baf1ba34-c93d-437b-90d0-a99e2617885f,ad4e7135-0e9c-4167-90d4-a87a7b951592,2705100,INR,UPI,failed,CUSTOMER_ABANDONED,2,13,4,280,1305,0.85,FALSE,NO_ACTION,FAILURE,0,2026-08-29T22:36:50.044329
78e68c39-ab54-4d24-8cd3-28089dbaad76,c84b79b8-d99f-4d98-99f9-5e22427ae61b,1241600,INR,UPI,failed,BANK_TIMEOUT,2,9,4,925,1254,0.59,TRUE,RETRY,SUCCESS,1241600,2026-08-29T23:27:50.044338
9332d3da-7718-421f-bdb0-8ec3ec7abb3c,6b629986-43aa-479a-84f8-6829f7566f7e,1531600,INR,UPI,failed,BANK_TIMEOUT,1,7,2,558,977,0.21,TRUE,RETRY,SUCCESS,1531600,2026-08-30T04:04:50.044347
1395e8e4-873f-4699-919f-f7b6f44c9382,4409b2e1-e2ae-4bc2-86f8-0947c57c9996,2460700,INR,UPI,failed,NETWORK_ERROR,1,1,0,779,336,0.25,TRUE,RETRY,FAILURE,0,2026-08-30T14:45:50.044357
caa2f099-aa7d-47d7-8cf6-865de3295ff2,718f11a5-949e-472e-8950-5d8beb144de8,1778500,INR,WALLET,failed,BANK_TIMEOUT,1,17,3,666,416,0.71,TRUE,RETRY,FAILURE,0,2026-08-30T13:25:50.044369
4b102bd3-0141-4026-bbd1-4162f182d8e3,29ef9c75-b533-412c-88c6-30decc6d36ea,4053900,INR,UPI,failed,NETWORK_ERROR,1,1,0,553,506,0.44,TRUE,RETRY,SUCCESS,4053900,2026-08-30T11:55:50.044378
9d7a3d7b-51db-449e-847e-f5825848a827,ecbe7fa6-1448-4278-bb5b-ac3ed48a93bc,2502800,INR,CARD,failed,NETWORK_ERROR,3,14,8,651,1172,0.58,TRUE,RETRY,FAILURE,0,2026-08-30T00:49:50.044389
e13388b2-8b17-4c87-b58e-cb95365478aa,eb2a4e10-5dff-4b77-a42c-230bf90ae6be,262300,INR,UPI,failed,NETWORK_ERROR,2,20,7,926,87,0.8,TRUE,RETRY,SUCCESS,262300,2026-08-30T18:54:50.044400
3fb7c2f8-43ba-49ad-9bf1-cd905e2f0e3f,59f160a1-e0eb-43b1-847f-5bb4ab0dd067,267200,INR,UPI,failed,INSUFFICIENT_FUNDS,1,14,1,103,101,0.25,FALSE,NO_ACTION,FAILURE,0,2026-08-30T18:40:50.044410
16f4a964-aa7c-43e3-adb5-c5ef781b077a,d599f809-3112-499b-91c4-86215467e0af,2005900,INR,CARD,failed,BANK_TIMEOUT,1,2,0,764,603,0.59,TRUE,RETRY,SUCCESS,2005900,2026-08-30T10:18:50.044419
ca9407fc-06af-4c26-a418-08b709e46474,168feae5-2100-41cb-b4f7-48579c6e029c,3048100,INR,CARD,failed,NETWORK_ERROR,2,1,1,70,232,0.24,TRUE,RETRY,FAILURE,0,2026-08-30T16:29:50.044428
2b9deb4a-ceff-4001-bb7c-b935351c95dd,cbae46be-c596-4dd8-8ed3-69c686213356,896700,INR,UPI,failed,NETWORK_ERROR,1,15,0,771,930,0.57,TRUE,RETRY,SUCCESS,896700,2026-08-30T04:51:50.044438
7ba3e3b4-f087-4bc5-a7be-3e58313d7815,120214db-7f68-463d-ad44-bf7396253ca9,601000,INR,UPI,failed,CUSTOMER_ABANDONED,3,3,3,622,336,0.67,FALSE,NO_ACTION,FAILURE,0,2026-08-30T14:45:50.044448
a49ed286-5317-45c4-80ef-ca6329389828,1260c576-7d3d-4ebb-b7eb-dbd9bd8c0bc5,4638300,INR,UPI,failed,NETWORK_ERROR,1,18,8,247,787,0.68,TRUE,RETRY,SUCCESS,4638300,2026-08-30T07:14:50.044457
1cb6ebcd-8fe0-433f-8480-cec2b9acbc52,4276d568-1199-470f-8b7a-a03451f67e5a,2491700,INR,UPI,failed,BANK_TIMEOUT,1,10,4,746,687,0.55,TRUE,RETRY,SUCCESS,2491700,2026-08-30T08:54:50.044468
bc6943ea-aec0-4f8a-a9e5-4630bcc62241,a63f50fc-2228-4b1a-b65a-21200cd08345,957600,INR,UPI,failed,CUSTOMER_ABANDONED,1,7,1,222,634,0.68,TRUE,PAYMENT_LINK,SUCCESS,957600,2026-08-30T09:47:50.044478
bcaaa7d1-9bd5-41ef-9753-e8c553ebf78b,a64321db-0bd1-4e48-a511-35e9c9a81598,780400,INR,NETBANKING,failed,OTHER,1,12,1,3,519,0.11,TRUE,PAYMENT_LINK,SUCCESS,780400,2026-08-30T11:42:50.044487
cf523cae-78e0-4a40-bbd6-41b9c08c3b6d,b32f70c1-3271-4049-8eaf-663886b1fb42,47600,INR,CARD,failed,NETWORK_ERROR,1,12,5,742,1351,0.48,TRUE,RETRY,SUCCESS,47600,2026-08-29T21:50:50.044497
a9d76bb6-d1fa-4915-a341-0816a30bb543,82bad0b3-189c-4b76-95aa-34acfde715c4,53000,INR,UPI,failed,INSUFFICIENT_FUNDS,1,1,0,74,1142,0.76,FALSE,NO_ACTION,FAILURE,0,2026-08-30T01:19:50.044506
f516a4b7-2a8c-4af0-a629-42bb43afc76b,eccc6c87-6d8e-49e4-b44b-109a29274ccb,981600,INR,UPI,failed,NETWORK_ERROR,1,17,5,714,67,0.63,TRUE,RETRY,SUCCESS,981600,2026-08-30T19:14:50.044516
af9ee4bf-3eec-4d40-b2e1-ec1d515c3ef2,fcc8601e-6fcc-47e2-87f7-0a792549d3d9,584700,INR,UPI,failed,NETWORK_ERROR,1,10,2,98,1377,0.33,TRUE,RETRY,SUCCESS,584700,2026-08-29T21:24:50.044528
aa5a6208-53bc-4b0a-bbef-c055ed488ccd,31d1ff60-05d8-4223-8a4b-d3c1bb478ce0,3694200,INR,UPI,failed,NETWORK_ERROR,1,18,5,313,74,0.17,TRUE,RETRY,SUCCESS,3694200,2026-08-30T19:07:50.044537
97bc038e-16ac-4aaa-bc03-a8070d813afa,053a88ef-7d6a-4594-855c-985d364457d8,453400,INR,CARD,failed,PAYMENT_EXPIRED,1,15,3,163,965,0.21,FALSE,NO_ACTION,FAILURE,0,2026-08-30T04:16:50.044547
4b810ba8-f4e8-4187-9bfa-70ec2d74872f,d72d3ef5-51e5-459c-99bd-94e0ed618826,2167500,INR,UPI,failed,INSUFFICIENT_FUNDS,1,5,2,1000,1254,0.15,FALSE,NO_ACTION,FAILURE,0,2026-08-29T23:27:50.044556
0263017e-7004-499c-ad9c-fcf3b793f5a2,4db64df7-4847-4e9f-9ab6-ea0430157658,3476500,INR,WALLET,failed,NETWORK_ERROR,1,3,1,329,589,0.44,TRUE,RETRY,SUCCESS,3476500,2026-08-30T10:32:50.044568
c46a6341-60aa-4ec9-9eca-b4687fc2c397,19332cf7-fe25-43ee-b22a-9f5a3a21dbcb,4094400,INR,UPI,failed,BANK_TIMEOUT,1,3,1,625,1065,0.68,TRUE,RETRY,FAILURE,0,2026-08-30T02:36:50.044577
c0dc1d94-09ff-4927-883c-84bf77d9c669,d599f809-3112-499b-91c4-86215467e0af,4003800,INR,UPI,failed,BANK_TIMEOUT,1,2,0,764,243,0.12,TRUE,RETRY,SUCCESS,4003800,2026-08-30T16:18:50.044587
ec5ee824-c1d0-4707-a3e3-42b699ddc001,a557a40b-c470-46f7-8b81-8d6f8b3d00f2,1368700,INR,CARD,failed,OTHER,1,11,0,242,684,0.38,TRUE,PAYMENT_LINK,SUCCESS,1368700,2026-08-30T08:57:50.044597
6ce157fe-dda7-4b96-9153-b6fdbfcfda38,3a28c824-7215-4234-a900-0a2e8a22500b,1328500,INR,CARD,failed,BANK_TIMEOUT,1,12,5,994,615,0.51,TRUE,RETRY,SUCCESS,1328500,2026-08-30T10:06:50.044606
cfaa4a71-d792-4695-8435-43794cdb34e7,a0e9c5c7-44c4-48ac-9b70-1ba4698b2057,2194200,INR,UPI,failed,CUSTOMER_ABANDONED,1,17,4,458,60,0.77,TRUE,PAYMENT_LINK,FAILURE,0,2026-08-30T19:21:50.044616
04217269-497f-4112-9763-8e3e008ea471,85fe40e8-dc7e-4e82-8b5d-87e6716af925,4417100,INR,UPI,failed,NETWORK_ERROR,1,8,1,682,279,0.49,TRUE,RETRY,FAILURE,0,2026-08-30T15:42:50.044625
5141dffe-f17f-46ea-aac5-ef7c4de248f7,86f54dd5-a718-413c-ae50-961a873a33a7,2206100,INR,UPI,failed,PAYMENT_EXPIRED,3,6,2,103,115,0.77,FALSE,NO_ACTION,FAILURE,0,2026-08-30T18:26:50.044636
e08afcba-11c9-432a-91a8-fea1fbcb78e1,3cf14e3f-6b97-4cdf-ad11-b0d2be3e4b71,4454600,INR,UPI,failed,INSUFFICIENT_FUNDS,1,15,6,778,1404,0.37,FALSE,NO_ACTION,FAILURE,0,2026-08-29T20:57:50.044646
7750c2bd-da7d-4149-9e11-4ac64e11fdc2,819ad743-114e-47aa-abaf-0d7add1eb11c,2327300,INR,UPI,failed,BANK_TIMEOUT,2,11,3,553,695,0.89,TRUE,RETRY,FAILURE,0,2026-08-30T08:46:50.044656
2986d4cc-a47c-4c10-8035-6ded11fc60e1,df01a699-f8e7-4ec8-a7af-e089fff5cd99,3979400,INR,UPI,failed,INSUFFICIENT_FUNDS,2,18,9,305,632,0.66,FALSE,NO_ACTION,FAILURE,0,2026-08-30T09:49:50.044667
90dae10a-1c0c-4b5e-8498-0fb4cbdecd3c,3e706bf3-f209-4045-8830-2947756b9c10,1789200,INR,UPI,failed,NETWORK_ERROR,1,12,0,997,926,0.76,TRUE,RETRY,SUCCESS,1789200,2026-08-30T04:55:50.044677
eff62af3-0682-4b64-8fce-9c465b87f2e6,df4aa70e-4aa7-4aa4-8268-aec6d0bbdfc8,745500,INR,UPI,failed,BANK_TIMEOUT,1,7,0,870,190,0.46,TRUE,RETRY,SUCCESS,745500,2026-08-30T17:11:50.044687
2130e25f-7e8c-4aef-a632-e2bd14e7b0cd,e4b14294-74f7-4b6d-97bd-4a66961c1e87,1019700,INR,UPI,failed,OTHER,2,8,2,364,1073,0.35,FALSE,NO_ACTION,FAILURE,0,2026-08-30T02:28:50.044696
85e6eb28-ffa0-4aa1-877d-8dca9f64185c,06a0038f-0966-497c-9c42-425be9beba04,653900,INR,CARD,failed,OTHER,1,18,3,391,272,0.26,FALSE,NO_ACTION,FAILURE,0,2026-08-30T15:49:50.044705
e619f048-5574-4e73-b9ac-99e908b6198d,731ae506-554a-439c-95ad-ccc709d4dcde,4687100,INR,NETBANKING,failed,BANK_TIMEOUT,1,9,1,731,91,0.65,TRUE,RETRY,SUCCESS,4687100,2026-08-30T18:50:50.044715
97566fb6-a3bd-442a-b146-fd61c6549258,1fc6c9e3-5f30-48dd-ba90-b28f6dc0ccf6,312300,INR,UPI,failed,CUSTOMER_ABANDONED,2,3,2,615,47,0.56,TRUE,PAYMENT_LINK,FAILURE,0,2026-08-30T19:34:50.044725
039d825c-a86a-4b24-8352-a5e7219940d6,24710801-c546-4811-8842-593dfe394097,1324300,INR,UPI,failed,BANK_TIMEOUT,1,16,2,308,904,0.64,TRUE,RETRY,SUCCESS,1324300,2026-08-30T05:17:50.044734
0340cb9a-a5c2-44f1-b7c3-ba87134f9d76,1260c576-7d3d-4ebb-b7eb-dbd9bd8c0bc5,109900,INR,WALLET,failed,INSUFFICIENT_FUNDS,1,18,8,247,1112,0.38,FALSE,NO_ACTION,FAILURE,0,2026-08-30T01:49:50.044744
bedb0c65-526d-4663-ab75-5bd65a926843,168feae5-2100-41cb-b4f7-48579c6e029c,4626000,INR,CARD,failed,INSUFFICIENT_FUNDS,1,1,0,70,638,0.59,FALSE,NO_ACTION,FAILURE,0,2026-08-30T09:43:50.044754
4003ad1b-54b5-4497-a30d-764200e05228,54592cce-8e1e-4fc7-863e-7d535927ebe7,342400,INR,UPI,failed,NETWORK_ERROR,1,7,0,32,217,0.41,TRUE,RETRY,SUCCESS,342400,2026-08-30T16:44:50.044765
73d1c3d5-7e50-48b1-bf97-88ebdc8d6452,b6790e29-c87e-4bed-b830-802620dc6a9b,3916700,INR,NETBANKING,failed,INSUFFICIENT_FUNDS,1,1,0,508,914,0.59,FALSE,NO_ACTION,FAILURE,0,2026-08-30T05:07:50.044775
f380c7d7-a299-4365-be9a-7d5f5c12008b,0d45cab0-39f8-485f-93db-d505b2410550,1308500,INR,CARD,failed,CUSTOMER_ABANDONED,1,20,9,843,954,0.55,FALSE,NO_ACTION,FAILURE,0,2026-08-30T04:27:50.044785
a56bf581-298d-476c-bcc9-6ba3a416a3c1,f1051fb5-0072-41d7-94b2-5cc745b93df6,4588300,INR,UPI,failed,NETWORK_ERROR,1,10,4,303,954,0.48,TRUE,RETRY,SUCCESS,4588300,2026-08-30T04:27:50.044798
10846299-a7f6-41e6-94e0-37eb5ca1befc,2ff8c7a7-ca7e-47c5-bdb9-2c06a136d46b,4053100,INR,UPI,failed,NETWORK_ERROR,1,12,2,491,1363,0.36,TRUE,RETRY,SUCCESS,4053100,2026-08-29T21:38:50.044807
08fffda6-2d50-49fe-be9b-18bd53765b22,6f34eb91-f215-4c5b-8ef1-b5f73d37257d,208300,INR,UPI,failed,BANK_TIMEOUT,1,13,5,477,350,0.33,TRUE,RETRY,SUCCESS,208300,2026-08-30T14:31:50.044817
20282413-ffc5-4da9-acb9-79961d0c9d19,fc1a1cf4-5b09-4aa3-b05a-82d1db7f6feb,684500,INR,UPI,failed,CUSTOMER_ABANDONED,1,13,3,738,1139,0.62,TRUE,PAYMENT_LINK,SUCCESS,684500,2026-08-30T01:22:50.044826
5971c638-1a4e-400f-b7bf-7aff2fac7142,7bd0de2c-8f9b-47f0-b115-14b0ae372e6c,3880100,INR,UPI,failed,INSUFFICIENT_FUNDS,1,18,8,789,988,0.41,FALSE,NO_ACTION,FAILURE,0,2026-08-30T03:53:50.044835
2e063fc0-d975-4e4a-b46a-c25e477c84ff,6ce14a9f-415d-46c0-b858-dac4b360ef8e,4558500,INR,UPI,failed,CUSTOMER_ABANDONED,1,3,0,550,701,0.54,TRUE,PAYMENT_LINK,SUCCESS,4558500,2026-08-30T08:40:50.044845
d408a796-cfe6-4fd3-a928-7dad90a1a3bd,8da87b2e-fa66-4628-a165-761c96110b47,4855500,INR,NETBANKING,failed,INSUFFICIENT_FUNDS,1,4,1,225,1213,0.58,FALSE,NO_ACTION,FAILURE,0,2026-08-30T00:08:50.044854
d4d8d30f-20d0-4b9e-9ca8-54f7c93213db,44f4ecbc-dbd3-4db0-bbf2-b31f839cc068,2927700,INR,UPI,failed,OTHER,1,8,3,4,223,0.65,TRUE,PAYMENT_LINK,FAILURE,0,2026-08-30T16:38:50.044865
ecbaf6a1-e4b8-4358-874e-414ee1bc7f82,20371099-477b-45b7-8c2a-64e9cc091595,3249400,INR,CARD,failed,BANK_TIMEOUT,1,12,4,431,285,0.81,TRUE,RETRY,SUCCESS,3249400,2026-08-30T15:36:50.044875
247783cf-91a1-4711-a8c2-feff22f02947,8dc8197c-f55e-43b3-9b17-6a841b8aea7c,4971500,INR,UPI,failed,BANK_TIMEOUT,1,3,0,655,799,0.59,TRUE,RETRY,SUCCESS,4971500,2026-08-30T07:02:50.044884
36436084-28f9-4978-b73d-c9648731b567,8350e754-4034-464a-8775-c4ec1f46e690,2084800,INR,UPI,failed,CUSTOMER_ABANDONED,1,7,2,367,891,0.67,TRUE,PAYMENT_LINK,FAILURE,0,2026-08-30T05:30:50.044893
e367cfc8-ccaf-44c3-baf7-8be2d58daae7,f54160e0-ddf8-4d23-9c5c-330e68fa9f62,63200,INR,CARD,failed,INSUFFICIENT_FUNDS,2,13,3,3,603,0.15,TRUE,REMINDER,FAILURE,0,2026-08-30T10:18:50.044902
576ba642-e17d-42d4-82a5-16bc05c2fe96,8dc8197c-f55e-43b3-9b17-6a841b8aea7c,4619500,INR,UPI,failed,OTHER,1,3,0,655,578,0.79,TRUE,PAYMENT_LINK,SUCCESS,4619500,2026-08-30T10:43:50.044911
35ae0a3a-f214-41a5-b8ee-5cd3643c4904,c57c6eb2-b580-4c73-b160-e3b871953179,4107400,INR,UPI,failed,NETWORK_ERROR,1,4,1,393,1117,0.27,TRUE,RETRY,SUCCESS,4107400,2026-08-30T01:44:50.044921
f91c8f92-e59c-469b-8d8c-101cdc6f9895,e4d84949-9b88-425b-9a90-5b6ea090a2ec,2530400,INR,CARD,failed,NETWORK_ERROR,1,12,2,67,591,0.9,TRUE,RETRY,SUCCESS,2530400,2026-08-30T10:30:50.044931
a4203167-1f37-42c6-9b6a-59c93b6f4ced,017d681a-c640-41ae-a787-68ffe48af576,4259200,INR,UPI,failed,CUSTOMER_ABANDONED,1,7,2,143,895,0.88,FALSE,NO_ACTION,FAILURE,0,2026-08-30T05:26:50.044940
e7a0fbe8-c6ab-4a23-99c7-665eee9030b4,ea155768-4dc4-4241-a4ea-47c1ea3153c5,4219000,INR,CARD,failed,INVALID_PAYMENT_STATE,2,7,1,603,1425,0.58,FALSE,NO_ACTION,FAILURE,0,2026-08-29T20:36:50.044951
1bf4e2c2-f32a-4104-a166-084a34548bf1,a64321db-0bd1-4e48-a511-35e9c9a81598,2987900,INR,UPI,failed,INSUFFICIENT_FUNDS,1,12,1,3,728,0.28,FALSE,NO_ACTION,FAILURE,0,2026-08-30T08:13:50.044962
8aa6ae5f-a9ee-4e0e-9fc9-f6488fe55951,d5f6166d-d7d2-4aae-9c56-fef598994b1d,3797500,INR,UPI,failed,CUSTOMER_ABANDONED,2,17,1,914,552,0.43,TRUE,PAYMENT_LINK,SUCCESS,3797500,2026-08-30T11:09:50.044971
983c4939-afce-4d3d-bc7b-af3e5571dac8,827db340-0465-4ea4-acb3-d35317415af4,3733400,INR,UPI,failed,NETWORK_ERROR,1,2,0,722,1415,0.16,TRUE,RETRY,SUCCESS,3733400,2026-08-29T20:46:50.044981
af840003-5784-43f8-90a7-9a3f3ea70ff5,509d2bdb-c397-4d3e-9ce3-00ee2275a998,4929000,INR,CARD,failed,NETWORK_ERROR,1,20,6,218,1250,0.17,TRUE,RETRY,SUCCESS,4929000,2026-08-29T23:31:50.044990
e82db773-577f-47c4-994b-0cad4513e00a,10ff8499-2690-4e74-b0c6-a799425e1267,521700,INR,CARD,failed,INSUFFICIENT_FUNDS,1,7,1,484,1256,0.14,FALSE,NO_ACTION,FAILURE,0,2026-08-29T23:25:50.045000
147134dc-d447-41cf-b802-096b33cce3c9,c84b79b8-d99f-4d98-99f9-5e22427ae61b,80600,INR,UPI,failed,INSUFFICIENT_FUNDS,1,9,3,925,679,0.44,TRUE,REMINDER,FAILURE,0,2026-08-30T09:02:50.045009
26eabd59-3818-4698-962e-0681742c8c4a,e704f1a5-a969-4f6d-b761-be01a4f24ad9,1107700,INR,UPI,failed,OTHER,2,6,2,676,1155,0.31,FALSE,NO_ACTION,FAILURE,0,2026-08-30T01:06:50.045018
52dee318-6fdd-448e-af75-0b3479d7c29e,fe45d483-affe-4305-9e49-d88355c5b2bc,1118000,INR,UPI,failed,CUSTOMER_ABANDONED,1,2,0,677,1279,0.12,FALSE,NO_ACTION,FAILURE,0,2026-08-29T23:02:50.045029
f7b3b665-3e0f-47f2-8f0a-1f479e69442d,a8d4fce0-1114-46ec-ba57-44bd1c96a582,3323400,INR,UPI,failed,CUSTOMER_ABANDONED,1,17,6,952,1262,0.32,TRUE,PAYMENT_LINK,SUCCESS,3323400,2026-08-29T23:19:50.045039
8d8ec1f4-5d60-4621-8bcc-57f61d767fab,9184fbba-c20d-4570-bff2-aab5aa3b651e,3967200,INR,UPI,failed,INSUFFICIENT_FUNDS,1,9,1,852,915,0.4,FALSE,NO_ACTION,FAILURE,0,2026-08-30T05:06:50.045048
c0e1eced-d9f0-4f16-a44a-43f7151ebd1e,5a3e1acb-aca9-45af-9ab9-938af1173c05,4602500,INR,UPI,failed,BANK_TIMEOUT,1,20,1,225,68,0.37,TRUE,RETRY,SUCCESS,4602500,2026-08-30T19:13:50.045060
0cdddc78-5fc6-4cac-8f83-12f6d643aa77,656c2a7c-b513-4063-be34-93137ec6ae52,1020200,INR,CARD,failed,CUSTOMER_ABANDONED,1,13,2,126,785,0.29,FALSE,NO_ACTION,FAILURE,0,2026-08-30T07:16:50.045069
3d141004-f09f-45a5-a1d6-4be44cc1345d,d1e44f10-ee7a-49cb-aab7-ee20949abe40,1106300,INR,UPI,failed,CUSTOMER_ABANDONED,1,8,1,323,1316,0.31,TRUE,PAYMENT_LINK,SUCCESS,1106300,2026-08-29T22:25:50.045081
79ab1d01-2a7e-45d3-b1ea-3da26fa1b633,7d3cb466-c44a-4b21-8f27-491c8e751701,2623200,INR,UPI,failed,NETWORK_ERROR,3,20,4,708,1091,0.29,TRUE,RETRY,SUCCESS,2623200,2026-08-30T02:10:50.045091
6f2e680a-4845-467f-b508-7411488284fc,dc3eecc3-0a3d-4c03-b03a-a282ae7801dd,961200,INR,UPI,failed,NETWORK_ERROR,1,11,4,316,920,0.41,TRUE,RETRY,SUCCESS,961200,2026-08-30T05:01:50.045101
59588daa-37e9-497c-ad9a-6585f6747c0d,1bdbaa5e-f97d-42f1-91c5-9b8926c6f3a6,648000,INR,NETBANKING,failed,INSUFFICIENT_FUNDS,3,7,5,876,885,0.59,FALSE,NO_ACTION,FAILURE,0,2026-08-30T05:36:50.045111
d657ba9e-1a7f-486c-82fd-f8098c1c2d0e,808c2925-9cc5-45d7-be68-96f0e0fccce4,2205200,INR,UPI,failed,PAYMENT_EXPIRED,1,7,3,948,1197,0.41,FALSE,NO_ACTION,FAILURE,0,2026-08-30T00:24:50.045121
0d8a463e-4e30-4202-ad3f-bb7d273047f3,f5a93236-6074-4b28-a047-97fa38c86e72,1594600,INR,CARD,failed,INSUFFICIENT_FUNDS,1,7,1,635,692,0.64,TRUE,REMINDER,SUCCESS,1594600,2026-08-30T08:49:50.045130
72ddac64-85d9-47d6-827b-92875153f393,53f7672d-0dfc-493b-a941-271680250615,4419200,INR,UPI,failed,BANK_TIMEOUT,1,7,1,224,1076,0.18,TRUE,RETRY,SUCCESS,4419200,2026-08-30T02:25:50.045139
2fe321d9-95cf-4abd-a8b8-3d237a4e3773,86a1554a-1d88-4b9f-b9b9-ec2edaf658c3,1660800,INR,UPI,failed,BANK_TIMEOUT,1,15,1,40,1217,0.63,TRUE,RETRY,FAILURE,0,2026-08-30T00:04:50.045149
4e5e082e-8427-47c6-9a2a-ba040b6644cc,d1e44f10-ee7a-49cb-aab7-ee20949abe40,808100,INR,CARD,failed,BANK_TIMEOUT,2,8,2,323,267,0.4,TRUE,RETRY,SUCCESS,808100,2026-08-30T15:54:50.045160
12977a46-e6ed-4379-b19c-4fe6bb1abc53,efc1b5a9-fdd0-43df-8d97-6856d4f255f6,1220800,INR,NETBANKING,failed,CUSTOMER_ABANDONED,1,2,0,480,957,0.63,FALSE,NO_ACTION,FAILURE,0,2026-08-30T04:24:50.045169
9fc8c3c5-2770-45cd-9230-a7e6e9b09a22,120214db-7f68-463d-ad44-bf7396253ca9,1821300,INR,CARD,failed,CUSTOMER_ABANDONED,1,3,1,622,663,0.31,TRUE,PAYMENT_LINK,SUCCESS,1821300,2026-08-30T09:18:50.045179
dc996b2e-d3bc-4ced-a873-ca50a1564322,97bf03fa-e71d-4fe2-bc57-d24458db3b7e,2518700,INR,UPI,failed,OTHER,1,10,2,33,543,0.24,FALSE,NO_ACTION,FAILURE,0,2026-08-30T11:18:50.045188
43939b90-39ae-433c-adf7-e7572fe310f9,8aaef694-594e-4cfb-bfd5-e71c6b830733,1325100,INR,CARD,failed,BANK_TIMEOUT,1,11,4,99,295,0.53,TRUE,RETRY,SUCCESS,1325100,2026-08-30T15:26:50.045198
e6095980-ebcc-4e7d-9157-cf35072844b5,53f92c1d-883a-4eb6-8808-46491d7718b7,2903900,INR,CARD,failed,BANK_TIMEOUT,1,16,7,553,1171,0.68,TRUE,RETRY,SUCCESS,2903900,2026-08-30T00:50:50.045207
b79603de-67e4-4d70-ac76-ec7b200c240b,62b61c60-55ae-4fe9-bf15-546533b8ed4c,985500,INR,CARD,failed,BANK_TIMEOUT,1,0,0,345,800,0.0,TRUE,RETRY,SUCCESS,985500,2026-08-30T07:01:50.045216
4f5f4ff1-dada-4b5f-b5bb-91ff7d517085,305448e2-45b9-4bd2-81bc-21663d7cb273,2574600,INR,UPI,failed,INSUFFICIENT_FUNDS,3,17,8,600,1005,0.48,FALSE,NO_ACTION,FAILURE,0,2026-08-30T03:36:50.045225
059114fd-2c4e-4f5e-98bb-bcc50899d6f1,32a162eb-1a1f-4d06-9e8c-5cce4f06b812,469400,INR,UPI,failed,BANK_TIMEOUT,3,19,2,37,988,0.2,TRUE,RETRY,FAILURE,0,2026-08-30T03:53:50.045235
c91b4617-c62c-45a1-9c35-7b6dddd63a5e,ffafe7f6-e102-4236-ad83-b10add2b9491,4478400,INR,UPI,failed,BANK_TIMEOUT,4,9,4,1,1326,0.17,TRUE,RETRY,FAILURE,0,2026-08-29T22:15:50.045244
ffe39553-2714-4b1e-8d17-534d447691b1,7d3f96ac-b9e1-493c-8868-e8967e47dc9e,3022200,INR,CARD,failed,BANK_TIMEOUT,1,20,1,157,1136,0.13,TRUE,RETRY,SUCCESS,3022200,2026-08-30T01:25:50.045254
7b646762-3c8c-42ab-bb52-547cea3e50e3,9afa39dc-ab58-4a40-876a-1b9344ff9ad3,2566500,INR,NETBANKING,failed,INSUFFICIENT_FUNDS,1,13,0,877,174,0.81,FALSE,NO_ACTION,FAILURE,0,2026-08-30T17:27:50.045264
e33bb235-f205-4323-af46-98a9030664b5,9372b343-d16f-4091-b250-932502c8540d,927100,INR,UPI,failed,BANK_TIMEOUT,4,1,3,556,489,0.49,FALSE,NO_ACTION,FAILURE,0,2026-08-30T12:12:50.045273
fa9073a2-e70a-4cd8-af8d-0a1dd8b45d99,0731a241-ccfb-4d54-aacf-6cb0446a09da,4226600,INR,UPI,failed,INSUFFICIENT_FUNDS,2,17,2,726,921,0.87,FALSE,NO_ACTION,FAILURE,0,2026-08-30T05:00:50.045282
288a1423-735c-4d07-be45-19c1c620c7cf,67125a90-d27e-4316-a9fb-f428bc3929ea,377300,INR,UPI,failed,CUSTOMER_ABANDONED,1,6,1,692,434,0.75,TRUE,PAYMENT_LINK,SUCCESS,377300,2026-08-30T13:07:50.045293
078b8da5-9b09-4b25-8437-0fb1e8e27268,bd7130d6-c25f-4e1a-8229-b183084d1b09,3526400,INR,UPI,failed,INSUFFICIENT_FUNDS,3,16,4,807,76,0.69,FALSE,NO_ACTION,FAILURE,0,2026-08-30T19:05:50.045302
ba698e24-427a-409f-b405-50e6425ad7c4,d3d21d20-18d7-4104-a13f-f51b5db7b55d,3098100,INR,NETBANKING,failed,INSUFFICIENT_FUNDS,1,0,0,891,1329,0.0,FALSE,NO_ACTION,FAILURE,0,2026-08-29T22:12:50.045311
6f73dc54-4436-4412-8534-0a4d000bdb33,aedbc26b-cfe7-4fa1-862e-bf0339b376da,4156200,INR,UPI,failed,NETWORK_ERROR,2,2,1,993,935,0.59,TRUE,RETRY,SUCCESS,4156200,2026-08-30T04:46:50.045321
705442d1-18b2-4d98-99dc-45475487321c,0d45cab0-39f8-485f-93db-d505b2410550,706800,INR,UPI,failed,INSUFFICIENT_FUNDS,1,20,9,843,130,0.74,FALSE,NO_ACTION,FAILURE,0,2026-08-30T18:11:50.045330
bea87563-e75b-4791-a011-5a3c2c7c452d,93d371b0-6d83-441d-a871-ab9b2ca95ca6,4846000,INR,CARD,failed,NETWORK_ERROR,3,12,2,810,1180,0.54,FALSE,NO_ACTION,FAILURE,0,2026-08-30T00:41:50.045339
468f33ac-d4bc-48dc-b416-b0185657e92e,4128138f-2017-43bd-bc2f-1703af4f6bc8,1407400,INR,CARD,failed,INSUFFICIENT_FUNDS,1,6,0,180,248,0.32,TRUE,REMINDER,SUCCESS,1407400,2026-08-30T16:13:50.045350
a1fa2c50-d05c-4b8a-9bd7-9e3f6cd1b1c7,1a3f5933-7318-4439-9690-75ddb528cc7e,3636800,INR,UPI,failed,BANK_TIMEOUT,1,16,7,476,274,0.18,TRUE,RETRY,SUCCESS,3636800,2026-08-30T15:47:50.045361
fc3b490c-bfde-42cc-91c0-23597387db81,c84b79b8-d99f-4d98-99f9-5e22427ae61b,1043800,INR,UPI,failed,NETWORK_ERROR,1,9,3,925,368,0.84,TRUE,RETRY,SUCCESS,1043800,2026-08-30T14:13:50.045370
76821068-b41c-4260-8745-e4518a403d62,86a1554a-1d88-4b9f-b9b9-ec2edaf658c3,2737700,INR,CARD,failed,CUSTOMER_ABANDONED,1,15,1,40,260,0.26,TRUE,PAYMENT_LINK,SUCCESS,2737700,2026-08-30T16:01:50.045379
5a00893e-c321-40cb-b630-ae0edb5576cb,80cf42f4-15c1-4462-8724-1283ccf49a59,1577900,INR,NETBANKING,failed,INSUFFICIENT_FUNDS,1,7,1,920,369,0.67,TRUE,REMINDER,SUCCESS,1577900,2026-08-30T14:12:50.045388
156bd57e-e277-45f1-82f3-bb3efdb92c96,320a6e9e-463c-459f-a957-0ce98929794f,1983900,INR,UPI,failed,BANK_TIMEOUT,1,20,4,310,241,0.89,TRUE,RETRY,SUCCESS,1983900,2026-08-30T16:20:50.045397
5921b1d8-0975-466b-af9a-1274b96628b8,4376983c-fe19-4f66-a070-034d4031dda1,4998100,INR,WALLET,failed,INSUFFICIENT_FUNDS,1,7,3,342,1283,0.63,FALSE,NO_ACTION,FAILURE,0,2026-08-29T22:58:50.045407
d0219e0a-59de-4d5e-a426-42f8d684e1eb,e5abec17-156d-4c8b-b4c5-3fca13024e2c,748400,INR,CARD,failed,CUSTOMER_ABANDONED,3,16,3,515,972,0.5,FALSE,NO_ACTION,FAILURE,0,2026-08-30T04:09:50.045416
606f41ca-98ff-4cd9-ae5e-8605abcb1a23,85fe40e8-dc7e-4e82-8b5d-87e6716af925,292500,INR,UPI,failed,NETWORK_ERROR,1,8,1,682,515,0.37,TRUE,RETRY,FAILURE,0,2026-08-30T11:46:50.045425
6171a00a-4a28-44da-a3cb-7992bc48047b,d14b65ac-826c-46fc-bac1-140ec57fc0ed,694300,INR,CARD,failed,OTHER,1,8,1,390,60,0.49,FALSE,NO_ACTION,FAILURE,0,2026-08-30T19:21:50.045434
a3cdaa81-2c9c-44e8-9ae1-b53f8af7f242,2ff8c7a7-ca7e-47c5-bdb9-2c06a136d46b,1552000,INR,CARD,failed,INSUFFICIENT_FUNDS,1,12,2,491,408,0.7,TRUE,REMINDER,SUCCESS,1552000,2026-08-30T13:33:50.045446
2e17ad6d-83f4-4ef3-90ef-fe1372dfb90e,93f5f7eb-40d7-4cee-a2a3-f247fde58889,2147300,INR,UPI,failed,BANK_TIMEOUT,1,11,4,115,410,0.4,TRUE,RETRY,SUCCESS,2147300,2026-08-30T13:31:50.045455
2ca2671e-92db-4af8-a010-fca024c2bfac,7f4d5c65-feab-4c22-9f3a-bc327d2da17c,366100,INR,NETBANKING,failed,BANK_TIMEOUT,3,17,8,828,932,0.24,TRUE,RETRY,SUCCESS,366100,2026-08-30T04:49:50.045464
f6671433-5205-4838-beba-c99a62b33fdd,e5abec17-156d-4c8b-b4c5-3fca13024e2c,4152000,INR,UPI,failed,BANK_TIMEOUT,1,16,1,515,66,0.65,TRUE,RETRY,SUCCESS,4152000,2026-08-30T19:15:50.045473
7d5ce64f-1970-4db0-a149-6f7ee67395bf,201ab8e9-22b7-477c-b4eb-ec68560d07bf,3060900,INR,UPI,failed,BANK_TIMEOUT,1,11,0,661,605,0.58,TRUE,RETRY,SUCCESS,3060900,2026-08-30T10:16:50.045482
8ea67507-4492-44b3-9db3-e10eb2ec4b4e,fa0dcb44-ca2f-4d38-bdad-7159d0a74427,1123600,INR,UPI,failed,INSUFFICIENT_FUNDS,1,13,4,41,844,0.79,FALSE,NO_ACTION,FAILURE,0,2026-08-30T06:17:50.045491
bbc4de83-27fd-4fd7-8821-bc9238bd327a,be2195ea-d78d-4f60-85ba-5ae40fd8e672,3886900,INR,UPI,failed,NETWORK_ERROR,1,2,0,770,877,0.69,TRUE,RETRY,SUCCESS,3886900,2026-08-30T05:44:50.045501
44311590-c813-4530-b4b7-09bb06b5aa1c,fe45d483-affe-4305-9e49-d88355c5b2bc,1467500,INR,NETBANKING,failed,INSUFFICIENT_FUNDS,1,2,0,677,1175,0.82,FALSE,NO_ACTION,FAILURE,0,2026-08-30T00:46:50.045512
750023c9-aa3f-47e1-9e81-dd027a05e9ff,d14b65ac-826c-46fc-bac1-140ec57fc0ed,272500,INR,WALLET,failed,CUSTOMER_ABANDONED,1,8,1,390,872,0.52,FALSE,NO_ACTION,FAILURE,0,2026-08-30T05:49:50.045521
2e2a5a03-fb7f-4dc7-ace1-32e0cce43838,556546ed-5391-4054-b957-a59d9cf32272,4575500,INR,CARD,failed,NETWORK_ERROR,1,8,3,936,1144,0.7,TRUE,RETRY,SUCCESS,4575500,2026-08-30T01:17:50.045530
3f707bea-bc80-448e-8947-94e49f96fb26,73dd8638-80b4-4f86-a42e-ef32375dde5f,879700,INR,UPI,failed,BANK_TIMEOUT,4,18,11,637,33,0.48,TRUE,RETRY,SUCCESS,879700,2026-08-30T19:48:50.045540
1ca1837e-93c0-40df-b1be-6b606c987105,509d2bdb-c397-4d3e-9ce3-00ee2275a998,3748000,INR,CARD,failed,BANK_TIMEOUT,1,20,6,218,284,0.8,TRUE,RETRY,FAILURE,0,2026-08-30T15:37:50.045550
e45976cd-65ea-4f86-af91-4259b92a0b6d,1a3f5933-7318-4439-9690-75ddb528cc7e,4117800,INR,UPI,failed,INSUFFICIENT_FUNDS,2,16,8,476,145,0.41,TRUE,REMINDER,SUCCESS,4117800,2026-08-30T17:56:50.045559
6bc1be38-6a81-494a-8a37-59f6e8629ce3,cbca7b16-055f-4286-80e5-70f47691c04b,2801100,INR,CARD,failed,CUSTOMER_ABANDONED,1,17,2,410,1179,0.74,TRUE,PAYMENT_LINK,SUCCESS,2801100,2026-08-30T00:42:50.045569
3c9a6765-bad3-4caa-8332-df090ee7095b,d48d0f94-c8f1-45c9-82a6-21ca1ab89ab3,2210000,INR,CARD,failed,BANK_TIMEOUT,3,5,2,17,1382,0.39,FALSE,NO_ACTION,FAILURE,0,2026-08-29T21:19:50.045578
4cdcec22-9471-40e6-878f-c1d421de941a,766997d0-d182-4bad-b957-38f93ff6c376,2405900,INR,UPI,failed,BANK_TIMEOUT,1,16,3,284,1328,0.55,TRUE,RETRY,SUCCESS,2405900,2026-08-29T22:13:50.045587
6b9910b3-fb0f-44b0-80d1-1e4509355cb4,ede5f70f-2ba5-4e37-a331-c34303ed5d15,917000,INR,WALLET,failed,BANK_TIMEOUT,1,1,0,609,980,0.69,TRUE,RETRY,FAILURE,0,2026-08-30T04:01:50.045597
2f9564a4-9595-4970-9a1b-7e43a9a428ae,5399f3ad-82db-43e4-a0a4-8c96a8d4be95,1384900,INR,CARD,failed,CUSTOMER_ABANDONED,1,20,9,680,548,0.5,TRUE,PAYMENT_LINK,SUCCESS,1384900,2026-08-30T11:13:50.045606
f198148f-26a4-4768-9f58-b982895f2a1e,41a98a15-03c9-4050-84ec-b0318f98b532,2272400,INR,UPI,failed,INSUFFICIENT_FUNDS,2,10,5,610,963,0.67,FALSE,NO_ACTION,FAILURE,0,2026-08-30T04:18:50.045615
e9c50d6b-6bd8-476c-a670-16b6d6f349ba,55996155-f465-4987-b523-6a25a154bd5b,1925300,INR,UPI,failed,NETWORK_ERROR,1,15,2,757,1420,0.75,TRUE,RETRY,SUCCESS,1925300,2026-08-29T20:41:50.045624
df378844-1116-4cab-b25f-6643d03b04f9,0cef5ba8-f24e-4cba-996d-de3c2efe26ba,3010700,INR,UPI,failed,NETWORK_ERROR,1,16,2,803,158,0.19,TRUE,RETRY,SUCCESS,3010700,2026-08-30T17:43:50.045635
1a00a38e-c55b-479a-91b7-d7cb1ed18c58,62b61c60-55ae-4fe9-bf15-546533b8ed4c,996300,INR,NETBANKING,failed,INSUFFICIENT_FUNDS,1,0,0,345,601,0.0,FALSE,NO_ACTION,FAILURE,0,2026-08-30T10:20:50.045646
8ac50e33-d4a1-432e-a773-c2e32a56e514,0c6da714-064e-4b73-916d-f18b74821489,3558300,INR,NETBANKING,failed,NETWORK_ERROR,1,18,5,858,1321,0.12,TRUE,RETRY,SUCCESS,3558300,2026-08-29T22:20:50.045655
ed65a9f8-d503-43d5-87ea-5b85279e53ce,f1051fb5-0072-41d7-94b2-5cc745b93df6,1532500,INR,CARD,failed,INSUFFICIENT_FUNDS,1,10,4,303,1186,0.37,FALSE,NO_ACTION,FAILURE,0,2026-08-30T00:35:50.045664
8f7461d8-73d4-4576-b42a-7b37927323a7,20371099-477b-45b7-8c2a-64e9cc091595,3196000,INR,UPI,failed,CUSTOMER_ABANDONED,2,12,5,431,912,0.47,FALSE,NO_ACTION,FAILURE,0,2026-08-30T05:09:50.045674
d01a66d0-0d75-4ae9-9a07-752217545b6e,3f927bc6-80b2-4602-bbdc-fa2790588c7c,2018600,INR,UPI,failed,BANK_TIMEOUT,1,15,5,111,591,0.72,TRUE,RETRY,SUCCESS,2018600,2026-08-30T10:30:50.045683
e91836d7-5e33-46bd-8791-5866206a5bc9,a635ca62-1a3b-41f5-9632-1f572735441b,1100200,INR,CARD,failed,BANK_TIMEOUT,1,9,0,168,374,0.88,TRUE,RETRY,SUCCESS,1100200,2026-08-30T14:07:50.045692
03027e75-bf0c-49ba-a494-3fe90740b385,367c9607-d1a0-4a5d-acc8-70ab77c33884,1015800,INR,UPI,failed,BANK_TIMEOUT,4,13,8,280,1177,0.2,FALSE,NO_ACTION,FAILURE,0,2026-08-30T00:44:50.045702
3f820eb6-5608-4eda-b11d-53f08ed128c8,eccc6c87-6d8e-49e4-b44b-109a29274ccb,1354500,INR,UPI,failed,BANK_TIMEOUT,1,17,5,714,705,0.22,TRUE,RETRY,FAILURE,0,2026-08-30T08:36:50.045711
0f973816-6904-4bb5-bf1e-964897467c2e,114d727c-cba6-4704-a4d5-8853928220ba,1986300,INR,UPI,failed,BANK_TIMEOUT,3,16,6,604,298,0.86,TRUE,RETRY,SUCCESS,1986300,2026-08-30T15:23:50.045721
a4b83aed-cd10-41d5-af99-21e50a2ae100,476794c4-d27b-4143-bd98-4fc034b59d35,3589200,INR,WALLET,failed,NETWORK_ERROR,2,1,1,816,971,0.82,TRUE,RETRY,FAILURE,0,2026-08-30T04:10:50.045732
e2a073fb-4beb-4a40-aebe-269ca1bb412c,31d1ff60-05d8-4223-8a4b-d3c1bb478ce0,4380500,INR,UPI,failed,INSUFFICIENT_FUNDS,3,18,7,313,906,0.37,FALSE,NO_ACTION,FAILURE,0,2026-08-30T05:15:50.045741
eb2ba723-3bc1-4a7f-b711-a012d404da02,0635fc68-c916-48d6-a451-b9c4d6e8bc7c,272600,INR,UPI,failed,INSUFFICIENT_FUNDS,1,14,4,849,823,0.59,FALSE,NO_ACTION,FAILURE,0,2026-08-30T06:38:50.045750
15910731-10af-41d9-bb5d-c7e57f49a7f2,10909eed-e652-493b-a1da-2e5584eb50a9,616000,INR,UPI,failed,INSUFFICIENT_FUNDS,1,12,2,736,1079,0.28,FALSE,NO_ACTION,FAILURE,0,2026-08-30T02:22:50.045800
60614889-ec55-4b5e-855b-4326d326fe8e,c36105cd-469d-4e3a-b8d6-a03670c3a2bd,1292600,INR,UPI,failed,INSUFFICIENT_FUNDS,1,13,5,341,1376,0.87,FALSE,NO_ACTION,FAILURE,0,2026-08-29T21:25:50.045815
30073868-d7de-4819-ab4c-e3670d1257da,c57c6eb2-b580-4c73-b160-e3b871953179,1284300,INR,UPI,failed,INSUFFICIENT_FUNDS,1,4,1,393,115,0.83,FALSE,NO_ACTION,FAILURE,0,2026-08-30T18:26:50.045826
4a61de81-64a5-4a15-a27c-9134ab1289b1,e608546d-41d8-4baf-b2b6-94847df6f386,4702100,INR,NETBANKING,failed,NETWORK_ERROR,1,18,5,136,583,0.38,TRUE,RETRY,SUCCESS,4702100,2026-08-30T10:38:50.045872
dbaae1c1-b4f3-4b57-a21d-4e00448910b6,50813081-aa3d-4c6a-8e95-58871b7527f1,584000,INR,UPI,failed,INVALID_PAYMENT_STATE,2,9,1,972,852,0.74,FALSE,NO_ACTION,FAILURE,0,2026-08-30T06:09:50.045890
f8a64db7-3ffa-429d-b1c3-010de7a28542,4277e34f-d80a-428b-ba7b-af34e41445ba,4781000,INR,WALLET,failed,NETWORK_ERROR,2,7,4,990,286,0.77,TRUE,RETRY,SUCCESS,4781000,2026-08-30T15:35:50.045902
6217ae84-8c84-44b0-a396-5114704f851f,13f6fdc6-af5b-4c44-9c85-8480c8b5f681,3120400,INR,WALLET,failed,INSUFFICIENT_FUNDS,1,11,4,445,1210,0.7,FALSE,NO_ACTION,FAILURE,0,2026-08-30T00:11:50.045913
c4d73c80-5854-4ac3-a0b5-6074b976c3e1,4ddc5200-823d-431b-b6d7-468a6d73d98d,4196400,INR,NETBANKING,failed,NETWORK_ERROR,1,17,6,753,1164,0.7,TRUE,RETRY,SUCCESS,4196400,2026-08-30T00:57:50.045925
596f1bda-1d66-4ddb-b88f-f893089bd4f5,2a305466-024b-4342-98c0-5cb747dded24,1907000,INR,UPI,failed,BANK_TIMEOUT,2,7,3,770,1199,0.34,TRUE,RETRY,SUCCESS,1907000,2026-08-30T00:22:50.045934
cff7a8df-761e-45b1-80bf-c47106d3c8d7,81f58424-92af-4a4d-bf37-41c7ed554876,26000,INR,UPI,failed,NETWORK_ERROR,1,11,4,100,1304,0.48,TRUE,RETRY,FAILURE,0,2026-08-29T22:37:50.045944
b8d6cf40-0f9f-4bdc-a74f-b2a77a072cf6,03647acd-2c4e-4dea-bac2-df455b48ef72,1185500,INR,UPI,failed,CUSTOMER_ABANDONED,1,12,4,818,245,0.71,TRUE,PAYMENT_LINK,FAILURE,0,2026-08-30T16:16:50.045954
1a46efd4-cff6-4b24-a9f2-090db1196a28,7d7a117f-6afe-4335-8b1d-991c4d47e64e,4896100,INR,UPI,failed,NETWORK_ERROR,1,8,3,931,529,0.6,TRUE,RETRY,SUCCESS,4896100,2026-08-30T11:32:50.045963
552631d6-9307-4160-8cfc-b0cd7624df1c,e5ef5569-e153-4cc6-836f-8868cf6a97c0,2455800,INR,UPI,failed,INSUFFICIENT_FUNDS,2,15,8,132,334,0.57,FALSE,NO_ACTION,FAILURE,0,2026-08-30T14:47:50.045972
a53d9289-3a82-487e-bd3a-c86ff35461e5,2afb0bea-ebfb-49de-bc7e-7b11a9a2f9cd,4553400,INR,UPI,failed,BANK_TIMEOUT,1,6,0,733,860,0.61,TRUE,RETRY,SUCCESS,4553400,2026-08-30T06:01:50.045982
e3742607-9e7f-4bbc-9601-d3dd2e01caec,55908b2d-b602-42ac-ab25-0224e47f7fcd,3480800,INR,CARD,failed,BANK_TIMEOUT,1,2,0,286,1287,0.25,TRUE,RETRY,FAILURE,0,2026-08-29T22:54:50.045992
fc53bf73-bf31-4e02-88d4-cfdd23d815f0,9b4920b9-8e36-4197-ad4a-2f153c23fa28,2124200,INR,NETBANKING,failed,PAYMENT_EXPIRED,1,4,1,715,617,0.32,FALSE,NO_ACTION,FAILURE,0,2026-08-30T10:04:50.046002
8d25db88-2a4b-45b3-a0e2-a955de233160,9b2e79fc-d47a-49f4-90c1-788354303940,638000,INR,UPI,failed,NETWORK_ERROR,1,5,2,225,281,0.51,TRUE,RETRY,SUCCESS,638000,2026-08-30T15:40:50.046011
74722683-5694-422d-a41e-a310a4b9b521,db93aa4c-35e1-4857-8053-2d1829272b85,1078400,INR,UPI,failed,BANK_TIMEOUT,1,5,1,813,386,0.74,TRUE,RETRY,SUCCESS,1078400,2026-08-30T13:55:50.046022
ce0a0d9e-b5ec-4f56-a33b-03b2b4ba07cc,e44e5edc-8128-4377-b2cb-e874550b446d,3497100,INR,CARD,failed,CUSTOMER_ABANDONED,2,7,1,258,855,0.47,FALSE,NO_ACTION,FAILURE,0,2026-08-30T06:06:50.046033
35be7f51-6093-4a8c-8d15-f559f962e95b,ea0a90b2-115a-44f3-a8f1-4946d80d1be8,870000,INR,NETBANKING,failed,NETWORK_ERROR,1,7,1,111,743,0.21,TRUE,RETRY,FAILURE,0,2026-08-30T07:58:50.046043
9696703c-4c36-41bb-b7d5-a34327135bbf,56f575db-0250-4242-bf50-b4334a279a8c,2251600,INR,UPI,failed,NETWORK_ERROR,2,17,3,764,243,0.28,TRUE,RETRY,SUCCESS,2251600,2026-08-30T16:18:50.046052
e1d34a77-871d-4d95-837f-4e9a41f3df79,eba2f193-dc3f-410c-91af-42dd4e07a904,2024700,INR,UPI,failed,BANK_TIMEOUT,1,17,5,854,1415,0.71,TRUE,RETRY,SUCCESS,2024700,2026-08-29T20:46:50.046062
54c0a77d-f1c0-4620-8333-0b3dd77f2136,9f297c1d-e554-4630-9339-39fc0df5cba1,4973200,INR,UPI,failed,BANK_TIMEOUT,1,20,2,989,1352,0.51,TRUE,RETRY,SUCCESS,4973200,2026-08-29T21:49:50.046071
a472ec52-5fde-4cc7-8f17-7559cccb359e,2c4263fc-2944-4440-b32d-d7b651cd238b,293600,INR,UPI,failed,CUSTOMER_ABANDONED,2,13,4,565,254,0.84,TRUE,PAYMENT_LINK,FAILURE,0,2026-08-30T16:07:50.046081
afe4e6b9-bbd8-4439-a6db-ad44a513292c,eccc6c87-6d8e-49e4-b44b-109a29274ccb,4404800,INR,UPI,failed,BANK_TIMEOUT,2,17,6,714,569,0.86,TRUE,RETRY,SUCCESS,4404800,2026-08-30T10:52:50.046090
fc10c5bd-0a33-4e26-a79a-4fa7aba67d8b,e4b14294-74f7-4b6d-97bd-4a66961c1e87,4784600,INR,CARD,failed,INSUFFICIENT_FUNDS,1,8,1,364,1185,0.71,FALSE,NO_ACTION,FAILURE,0,2026-08-30T00:36:50.046099
3c2044e5-419d-47f9-bd4a-f4de3a488baa,56478ee2-aeed-4b2c-b52e-11072d7ab4a6,1265300,INR,WALLET,failed,BANK_TIMEOUT,2,8,2,801,9,0.88,TRUE,RETRY,SUCCESS,1265300,2026-08-30T20:12:50.046108
c5247871-9c90-402c-ac88-225f6a4d683a,d98e93c8-1c44-44d8-8b47-ffb93603e5c4,4648300,INR,UPI,failed,CUSTOMER_ABANDONED,1,17,0,283,1380,0.87,FALSE,NO_ACTION,FAILURE,0,2026-08-29T21:21:50.046119
a5c79797-c246-4892-bc5e-ab1dc568ed4b,845096a2-543f-4214-a79c-997c8a6607e7,2497800,INR,UPI,failed,INSUFFICIENT_FUNDS,1,20,5,908,644,0.2,FALSE,NO_ACTION,FAILURE,0,2026-08-30T09:37:50.046129
c82fc2d6-5bc2-4ef8-a708-d8921adc3928,3cc49d27-acbc-4fa3-a199-412da34acdc7,3259300,INR,CARD,failed,CUSTOMER_ABANDONED,1,18,4,22,84,0.17,TRUE,PAYMENT_LINK,SUCCESS,3259300,2026-08-30T18:57:50.046138
990ae485-2ecd-4ebc-9d2d-67a41f74e36c,a635ca62-1a3b-41f5-9632-1f572735441b,3944700,INR,CARD,failed,CUSTOMER_ABANDONED,2,9,1,168,463,0.54,TRUE,PAYMENT_LINK,FAILURE,0,2026-08-30T12:38:50.046147
28685704-181b-4d08-a4b8-6c9a71e2db60,00ae155e-942f-4bba-95f4-5a4c0ae9b097,466100,INR,NETBANKING,failed,PAYMENT_EXPIRED,3,1,2,223,753,0.24,FALSE,NO_ACTION,FAILURE,0,2026-08-30T07:48:50.046157
34377ea6-425a-4d38-a59e-a6e4016b2695,1fcbaa40-9e0f-4639-a737-e78d9bc71a15,4414600,INR,UPI,failed,NETWORK_ERROR,1,2,0,252,175,0.2,TRUE,RETRY,SUCCESS,4414600,2026-08-30T17:26:50.046166
6f378b67-be92-445e-a5b3-cb601cab8ac5,789749b6-a788-4b00-b693-c3c4dfc24b3b,4869000,INR,NETBANKING,failed,OTHER,1,16,4,655,408,0.37,TRUE,PAYMENT_LINK,FAILURE,0,2026-08-30T13:33:50.046176
6866eb5b-a2c7-4f04-9800-da3c7cb34942,fb620218-cb5a-44d5-8a91-398ecfb320c3,1536100,INR,CARD,failed,CUSTOMER_ABANDONED,1,8,2,170,1192,0.57,TRUE,PAYMENT_LINK,FAILURE,0,2026-08-30T00:29:50.046185
4e679a55-fd34-429b-b51c-a89c1fa8daed,a2163c1f-c49f-4652-823d-eeaa079412cd,2343700,INR,UPI,failed,INSUFFICIENT_FUNDS,1,13,2,212,993,0.51,FALSE,NO_ACTION,FAILURE,0,2026-08-30T03:48:50.046195
36b64fe4-4538-4167-8db1-093f67a5242b,120214db-7f68-463d-ad44-bf7396253ca9,718000,INR,UPI,failed,NETWORK_ERROR,1,3,1,622,276,0.12,TRUE,RETRY,FAILURE,0,2026-08-30T15:45:50.046204
c047c4ec-f812-4a24-8a1f-b16b7e7095c3,7040182b-cb5e-46f5-aa98-910c7af1f729,4454000,INR,UPI,failed,BANK_TIMEOUT,1,5,1,333,670,0.22,TRUE,RETRY,SUCCESS,4454000,2026-08-30T09:11:50.046215
a974a2a4-3544-4007-927e-6b75a236d144,8da87b2e-fa66-4628-a165-761c96110b47,4342400,INR,CARD,failed,CUSTOMER_ABANDONED,2,4,2,225,414,0.33,TRUE,PAYMENT_LINK,SUCCESS,4342400,2026-08-30T13:27:50.046225
b4ec9b3f-b349-4705-a8f4-d8844bd956a2,afdc2f54-d715-4445-8cbc-56b260e5fa03,2261900,INR,CARD,failed,INSUFFICIENT_FUNDS,1,1,0,47,65,0.89,TRUE,REMINDER,SUCCESS,2261900,2026-08-30T19:16:50.046234
e6edde1f-38e4-46d8-aa92-90304d39e95c,59fa2d4d-3b0e-40a6-85ef-5f7c9873930a,2071400,INR,NETBANKING,failed,NETWORK_ERROR,1,6,1,578,363,0.55,TRUE,RETRY,SUCCESS,2071400,2026-08-30T14:18:50.046243
bd95fd94-79c7-4a00-8b17-781c31fa27ad,20c6d2d4-3c68-4ec9-9f45-31a150767c88,1085700,INR,UPI,failed,BANK_TIMEOUT,2,18,3,989,999,0.71,TRUE,RETRY,SUCCESS,1085700,2026-08-30T03:42:50.046253
21e3e4f5-874a-4e05-a07b-1f3bdb785834,6e00be5b-e314-4402-a286-fdc3bc37f2f4,4501600,INR,UPI,failed,NETWORK_ERROR,1,15,0,883,321,0.51,TRUE,RETRY,SUCCESS,4501600,2026-08-30T15:00:50.046262
1b59675b-3d92-4d42-89c3-840167116a33,02547ff9-13b3-4ed1-8549-d0a83ac87a3e,4053100,INR,CARD,failed,CUSTOMER_ABANDONED,1,17,3,929,126,0.12,FALSE,NO_ACTION,FAILURE,0,2026-08-30T18:15:50.046272
17f950d1-7ada-439c-b5af-2456b4cef488,51cc7b14-913a-4aa2-8bf5-5e432e4a4521,2411300,INR,UPI,failed,CUSTOMER_ABANDONED,1,17,3,761,1281,0.37,FALSE,NO_ACTION,FAILURE,0,2026-08-29T23:00:50.046282
1036d1b3-d8a2-41e0-ad4b-c10213f94669,a1597e6d-5104-4a58-a626-a3113a0ea545,2352000,INR,UPI,failed,BANK_TIMEOUT,1,10,0,635,481,0.62,TRUE,RETRY,FAILURE,0,2026-08-30T12:20:50.046292
cd45cd80-870e-48e5-8748-d2b3d666c553,7eb0d221-7157-4c50-a65d-5df9a8c4b977,2008200,INR,UPI,failed,BANK_TIMEOUT,1,10,1,581,77,0.47,TRUE,RETRY,SUCCESS,2008200,2026-08-30T19:04:50.046301
c9fc39ce-305c-4a40-8510-6ea282585f91,afb854f3-eb57-4094-948e-ca12fddcde8c,2770100,INR,UPI,failed,CUSTOMER_ABANDONED,1,19,1,330,649,0.4,TRUE,PAYMENT_LINK,SUCCESS,2770100,2026-08-30T09:32:50.046313
891f3943-6dfa-403f-b153-c7f436ebbe9f,b32f70c1-3271-4049-8eaf-663886b1fb42,3210500,INR,UPI,failed,CUSTOMER_ABANDONED,1,12,5,742,1030,0.75,TRUE,PAYMENT_LINK,SUCCESS,3210500,2026-08-30T03:11:50.046322
b6d3562e-f29a-4122-b51d-cc446e3af49f,277912ab-ca9c-42ed-925b-f78da767798c,2391100,INR,WALLET,failed,BANK_TIMEOUT,1,5,1,268,155,0.77,TRUE,RETRY,SUCCESS,2391100,2026-08-30T17:46:50.046331
d5f2532e-175e-471e-a1f7-9d6b09e17616,2a8fcac7-731f-4ca1-be4b-f99283dcc12e,1958500,INR,WALLET,failed,NETWORK_ERROR,1,6,2,364,189,0.67,TRUE,RETRY,SUCCESS,1958500,2026-08-30T17:12:50.046341
fc0f2215-a2fa-4d9c-bb23-c7ae61cee569,808c2925-9cc5-45d7-be68-96f0e0fccce4,450800,INR,UPI,failed,INSUFFICIENT_FUNDS,1,7,3,948,712,0.74,TRUE,REMINDER,SUCCESS,450800,2026-08-30T08:29:50.046351
721276c0-5acd-4aff-9c1f-7ec78aed3690,efc1b5a9-fdd0-43df-8d97-6856d4f255f6,1975400,INR,UPI,failed,INSUFFICIENT_FUNDS,1,2,0,480,824,0.3,FALSE,NO_ACTION,FAILURE,0,2026-08-30T06:37:50.046362
203131a3-7469-47ba-b2f4-5716b63281e0,5ebca925-3689-4484-98d7-8ba7ba1c7be2,3598500,INR,UPI,failed,BANK_TIMEOUT,2,12,2,149,383,0.56,TRUE,RETRY,FAILURE,0,2026-08-30T13:58:50.046374
7d86c639-d90a-43e1-a0fc-d6351f6d419d,d14ca03b-a1ac-467d-a68c-3dbf9d4919f4,3072400,INR,UPI,failed,INSUFFICIENT_FUNDS,2,13,4,544,889,0.85,FALSE,NO_ACTION,FAILURE,0,2026-08-30T05:32:50.046384
e3761698-f806-49bf-b7a5-835e0e16ea83,7b175984-64d5-44c9-ab44-491e6b3d66a0,3432700,INR,UPI,failed,NETWORK_ERROR,1,1,0,795,1404,0.71,TRUE,RETRY,SUCCESS,3432700,2026-08-29T20:57:50.046394
bd21488b-1b4b-4fac-899b-330fa47e9426,ddb4d83e-b10e-4519-b74f-ee362bbaeb4d,432200,INR,CARD,failed,PAYMENT_EXPIRED,1,0,0,995,588,0.0,FALSE,NO_ACTION,FAILURE,0,2026-08-30T10:33:50.046404
1d477cee-88b9-470a-81a0-4249545307cd,48350ba3-6495-460f-87a2-54e987cf8cf2,4511300,INR,CARD,failed,NETWORK_ERROR,1,4,1,708,394,0.12,TRUE,RETRY,SUCCESS,4511300,2026-08-30T13:47:50.046416
f1a6f206-4424-41c6-a082-dcfc867397c6,7f4d5c65-feab-4c22-9f3a-bc327d2da17c,3678800,INR,WALLET,failed,NETWORK_ERROR,3,17,8,828,414,0.23,TRUE,RETRY,SUCCESS,3678800,2026-08-30T13:27:50.046425
5d11ce49-d381-4f59-b1ca-85519c790f2c,efc1b5a9-fdd0-43df-8d97-6856d4f255f6,1830400,INR,CARD,failed,BANK_TIMEOUT,2,2,1,480,996,0.73,TRUE,RETRY,FAILURE,0,2026-08-30T03:45:50.046435
121b5aaa-8bdd-41ea-a08e-96ce36b045c6,3942584b-1938-4745-8eb9-174b0cb8941c,3952600,INR,UPI,failed,BANK_TIMEOUT,3,17,7,948,745,0.64,TRUE,RETRY,SUCCESS,3952600,2026-08-30T07:56:50.046444
ab1119f9-935c-45e9-8e25-d2e8e15f1c39,ae94b65f-b296-4556-aecd-c98b4563ee81,4756300,INR,CARD,failed,BANK_TIMEOUT,1,4,1,761,1025,0.85,TRUE,RETRY,FAILURE,0,2026-08-30T03:16:50.046454
a4418b25-e923-4e79-a85c-b14fa2930a4b,b5453ec5-2277-42dc-8b12-b55483ed9c5b,3452300,INR,UPI,failed,INVALID_PAYMENT_STATE,1,1,0,580,251,0.72,FALSE,NO_ACTION,FAILURE,0,2026-08-30T16:10:50.046464
91d74e1e-7ac3-490d-af27-599e371a4ddf,2d033817-818e-4a5e-8c60-56f3e36c5695,3839400,INR,CARD,failed,PAYMENT_EXPIRED,2,17,2,241,867,0.27,FALSE,NO_ACTION,FAILURE,0,2026-08-30T05:54:50.046474
01d816df-e790-44db-a6db-f041155349c4,e8ac92b8-0d01-4e8e-9fcf-f97927b9a7d7,1809200,INR,UPI,failed,BANK_TIMEOUT,1,14,2,308,1005,0.53,TRUE,RETRY,SUCCESS,1809200,2026-08-30T03:36:50.046483
1b22fe60-18f8-4a3a-9511-54105afc5e2d,cbae46be-c596-4dd8-8ed3-69c686213356,2787200,INR,UPI,failed,BANK_TIMEOUT,1,15,0,771,297,0.39,TRUE,RETRY,FAILURE,0,2026-08-30T15:24:50.046496
1b5e213b-2e2a-4d16-a79c-ecc5c4c77004,cc898428-2962-40f6-b1ba-93570c2dfe0d,4239600,INR,WALLET,failed,INSUFFICIENT_FUNDS,2,13,3,164,1357,0.74,FALSE,NO_ACTION,FAILURE,0,2026-08-29T21:44:50.046505
3c190853-8944-410f-8237-86998e168619,46ba47e2-47dc-4270-a76f-970ec07ff441,4411300,INR,UPI,failed,INSUFFICIENT_FUNDS,1,13,2,234,1435,0.39,FALSE,NO_ACTION,FAILURE,0,2026-08-29T20:26:50.046517
08d75c8e-49b2-4b6f-8686-334d3779a2fe,fb620218-cb5a-44d5-8a91-398ecfb320c3,3515500,INR,NETBANKING,failed,INVALID_PAYMENT_STATE,1,8,2,170,805,0.84,FALSE,NO_ACTION,FAILURE,0,2026-08-30T06:56:50.046527
c737f196-a859-4fde-bf06-890f65586e3a,9dd89a1c-ce92-4e93-a346-b875be3bbc51,601400,INR,NETBANKING,failed,CUSTOMER_ABANDONED,1,1,0,272,329,0.83,TRUE,PAYMENT_LINK,FAILURE,0,2026-08-30T14:52:50.046537
09b76ccd-d9bb-43c1-98a5-cfdffc72499c,6fb6d31e-eaac-4941-a0c6-1d7f6c42096c,4233300,INR,UPI,failed,BANK_TIMEOUT,2,15,1,394,1007,0.48,TRUE,RETRY,FAILURE,0,2026-08-30T03:34:50.046547
d85a129f-2a95-4573-8144-268f31d19053,d5e4a2c8-9db9-41b2-af9a-00330a552cb2,2778000,INR,NETBANKING,failed,PAYMENT_EXPIRED,2,12,4,710,1431,0.31,FALSE,NO_ACTION,FAILURE,0,2026-08-29T20:30:50.046556
3ad2e686-d314-4eaf-be0c-092dcf0487f4,4bd944b9-0a04-4dc8-aa9a-53271cb2539e,3956000,INR,CARD,failed,INSUFFICIENT_FUNDS,1,17,0,638,1424,0.12,FALSE,NO_ACTION,FAILURE,0,2026-08-29T20:37:50.046566
793a1991-caa6-49a8-861e-ec6bf1727597,7d477c86-4ecf-4f08-ad56-b8a3e8a5aab6,1214100,INR,CARD,failed,CUSTOMER_ABANDONED,1,0,0,845,821,0.0,FALSE,NO_ACTION,FAILURE,0,2026-08-30T06:40:50.046575
f95a078d-4d34-4c05-ad79-9c9c850a3d22,e6778ce5-aaeb-4310-b451-2bfc09f2d5d1,2066000,INR,UPI,failed,BANK_TIMEOUT,1,13,3,322,1330,0.71,TRUE,RETRY,SUCCESS,2066000,2026-08-29T22:11:50.046585
2e21d9f9-b9fe-468e-bf95-f68848bee770,a899680b-9cfe-4a50-86c7-65c04fd2fafb,2103200,INR,UPI,failed,INVALID_PAYMENT_STATE,1,10,3,303,356,0.65,FALSE,NO_ACTION,FAILURE,0,2026-08-30T14:25:50.046595
eccc9893-611c-4bd3-b645-26e03fbd7761,bbb85272-b191-471b-bf50-9b35a59966f9,1856700,INR,UPI,failed,NETWORK_ERROR,1,15,7,264,773,0.86,TRUE,RETRY,SUCCESS,1856700,2026-08-30T07:28:50.046605
ca395033-a688-4a99-86bd-32de18837733,1c27c696-8463-4017-8cef-a1c291cc7b3b,3670300,INR,CARD,failed,INSUFFICIENT_FUNDS,3,6,4,160,948,0.26,FALSE,NO_ACTION,FAILURE,0,2026-08-30T04:33:50.046616
ca788141-1a92-4e64-bfd4-a76d91186eff,f91551e1-4b40-4aab-9358-c35d66c59012,336200,INR,UPI,failed,NETWORK_ERROR,1,17,0,883,183,0.87,TRUE,RETRY,SUCCESS,336200,2026-08-30T17:18:50.046626
46a9bcaa-1578-48e3-a399-193c2c4c4ba8,718f11a5-949e-472e-8950-5d8beb144de8,4719300,INR,UPI,failed,CUSTOMER_ABANDONED,3,17,5,666,1380,0.5,FALSE,NO_ACTION,FAILURE,0,2026-08-29T21:21:50.046636
a7d85d49-92a9-4700-a40b-65fab56b4eaa,ede5f70f-2ba5-4e37-a331-c34303ed5d15,1258700,INR,NETBANKING,failed,PAYMENT_EXPIRED,1,1,0,609,1013,0.41,FALSE,NO_ACTION,FAILURE,0,2026-08-30T03:28:50.046647
2858e10b-8499-43b8-83c7-de911df12302,6b3fd0f4-3c9c-4752-ac39-ca80340748bb,3942700,INR,UPI,failed,PAYMENT_EXPIRED,2,18,6,430,388,0.43,FALSE,NO_ACTION,FAILURE,0,2026-08-30T13:53:50.046658
27f3b478-d0b3-4517-8c12-9dfa4728cedd,4bfc4cef-f2b3-49b0-b34f-ba6a4da77e09,198500,INR,UPI,failed,BANK_TIMEOUT,1,15,1,686,509,0.4,TRUE,RETRY,SUCCESS,198500,2026-08-30T11:52:50.046668
01eeae9d-1f6d-4b8f-a697-a9862256f5f2,53f7672d-0dfc-493b-a941-271680250615,3082800,INR,UPI,failed,NETWORK_ERROR,1,7,1,224,1407,0.27,TRUE,RETRY,SUCCESS,3082800,2026-08-29T20:54:50.046681
acf11323-47e1-430d-9b62-c40e3df994e8,6b629986-43aa-479a-84f8-6829f7566f7e,1689200,INR,UPI,failed,INSUFFICIENT_FUNDS,1,7,2,558,481,0.48,FALSE,NO_ACTION,FAILURE,0,2026-08-30T12:20:50.046692
b554c888-aaa5-42b5-9f6c-c809c5920246,fc30eb38-0e20-40d0-a14b-982c5f9d5bc1,4406000,INR,WALLET,failed,INSUFFICIENT_FUNDS,2,9,4,480,94,0.1,TRUE,REMINDER,SUCCESS,4406000,2026-08-30T18:47:50.046703
28f2a8ad-b715-4309-b9ae-5951a2bec80c,8e287bfe-3b13-4c85-8ca6-c3f3ebfeaf71,4409100,INR,UPI,failed,OTHER,1,13,2,66,1189,0.24,FALSE,NO_ACTION,FAILURE,0,2026-08-30T00:32:50.046716
8942dbd6-4226-4424-9356-d2e61083ad8f,f360ff73-35ad-4153-bbf5-96bc9bf1f744,2232800,INR,NETBANKING,failed,BANK_TIMEOUT,1,7,2,462,1087,0.45,TRUE,RETRY,SUCCESS,2232800,2026-08-30T02:14:50.046728
7ae8701e-79d8-4af9-8102-a8f58e4399c2,4ec8453a-d3c9-4de4-98d0-c29c109ba733,3281600,INR,NETBANKING,failed,PAYMENT_EXPIRED,2,6,3,707,881,0.33,FALSE,NO_ACTION,FAILURE,0,2026-08-30T05:40:50.046739
ad12d967-913a-406d-ab49-9721e7864bd6,fa0dcb44-ca2f-4d38-bdad-7159d0a74427,1738500,INR,UPI,failed,NETWORK_ERROR,1,13,4,41,1007,0.71,TRUE,RETRY,FAILURE,0,2026-08-30T03:34:50.046751
eb868115-b977-42ef-83f6-c3b5d5df535f,103bd111-2c36-4756-ac29-684bb4adc6e5,4182300,INR,CARD,failed,BANK_TIMEOUT,1,5,0,246,471,0.25,TRUE,RETRY,SUCCESS,4182300,2026-08-30T12:30:50.046761
49e2e0ec-f2fc-4eec-a943-caca97a9939c,1fc6c9e3-5f30-48dd-ba90-b28f6dc0ccf6,2870100,INR,UPI,failed,INVALID_PAYMENT_STATE,1,3,1,615,905,0.39,FALSE,NO_ACTION,FAILURE,0,2026-08-30T05:16:50.046772
7af6a3a5-67a5-4070-a265-ce012f1e1f75,7f4d5c65-feab-4c22-9f3a-bc327d2da17c,3009900,INR,UPI,failed,PAYMENT_EXPIRED,2,17,7,828,254,0.38,FALSE,NO_ACTION,FAILURE,0,2026-08-30T16:07:50.046782
ca8160b6-ea85-4951-8253-19c114e0e5b3,86a1554a-1d88-4b9f-b9b9-ec2edaf658c3,1193900,INR,CARD,failed,CUSTOMER_ABANDONED,2,15,2,40,1154,0.81,FALSE,NO_ACTION,FAILURE,0,2026-08-30T01:07:50.046793
332758a8-963b-4d34-9425-d171b7ca29a3,f54160e0-ddf8-4d23-9c5c-330e68fa9f62,37000,INR,UPI,failed,INSUFFICIENT_FUNDS,1,13,2,3,158,0.3,FALSE,NO_ACTION,FAILURE,0,2026-08-30T17:43:50.046803
f061f31f-1153-45af-bbf7-7fb151e3088c,949d08f5-697f-439a-94bd-f4b551cd6dca,2163800,INR,UPI,failed,CUSTOMER_ABANDONED,1,13,1,301,808,0.4,TRUE,PAYMENT_LINK,SUCCESS,2163800,2026-08-30T06:53:50.046814
594ddc44-2fc3-4ff2-871d-3edf9db6a000,6c1a75ca-f826-4b70-924b-9667d2c4b90b,1017700,INR,UPI,failed,NETWORK_ERROR,2,10,3,419,983,0.46,TRUE,RETRY,SUCCESS,1017700,2026-08-30T03:58:50.046826
e4b1c989-8a6e-434e-b92a-c7b045a04e0f,136cb37f-abb1-45d2-a78b-ee1702d33a00,2168900,INR,WALLET,failed,CUSTOMER_ABANDONED,3,3,3,755,666,0.86,TRUE,PAYMENT_LINK,FAILURE,0,2026-08-30T09:15:50.046838
98ccb080-2473-4c75-981d-be07cf8ebc4a,556546ed-5391-4054-b957-a59d9cf32272,3740000,INR,UPI,failed,INVALID_PAYMENT_STATE,2,8,4,936,580,0.36,FALSE,NO_ACTION,FAILURE,0,2026-08-30T10:41:50.046848
550fef9f-e660-414d-ad68-831969aa7b48,017d681a-c640-41ae-a787-68ffe48af576,3595800,INR,WALLET,failed,NETWORK_ERROR,1,7,2,143,365,0.29,TRUE,RETRY,SUCCESS,3595800,2026-08-30T14:16:50.046858
671f6775-9e4e-4691-bfc1-7c22a8400cce,cc898428-2962-40f6-b1ba-93570c2dfe0d,1374600,INR,UPI,failed,CUSTOMER_ABANDONED,1,13,2,164,1340,0.22,FALSE,NO_ACTION,FAILURE,0,2026-08-29T22:01:50.046867
6a778626-767c-443b-b33b-d8c727d5a7b0,f1051fb5-0072-41d7-94b2-5cc745b93df6,2843500,INR,CARD,failed,OTHER,3,10,6,303,1236,0.21,FALSE,NO_ACTION,FAILURE,0,2026-08-29T23:45:50.046877
bde44eec-ef07-42c2-bf51-a143869e47d7,2d033817-818e-4a5e-8c60-56f3e36c5695,2418100,INR,UPI,failed,NETWORK_ERROR,2,17,2,241,976,0.31,TRUE,RETRY,SUCCESS,2418100,2026-08-30T04:05:50.046886
f9247347-5315-4cdf-88d2-86e44a077ab8,90783ec7-4966-475d-9f05-93a4d79a7623,2423200,INR,CARD,failed,NETWORK_ERROR,1,18,5,404,83,0.51,TRUE,RETRY,SUCCESS,2423200,2026-08-30T18:58:50.046896
4d901aa4-1834-49c8-89a7-da8b112d9354,bcbf4e7f-6179-4ff0-a919-995f989b238f,4507300,INR,CARD,failed,OTHER,1,15,4,775,1326,0.52,FALSE,NO_ACTION,FAILURE,0,2026-08-29T22:15:50.046909
fdce7e60-422d-4271-8cdf-bf364bce7c70,ee712a50-81c9-491b-bb47-3402bd1e1f4c,528900,INR,NETBANKING,failed,NETWORK_ERROR,1,15,0,84,262,0.65,TRUE,RETRY,SUCCESS,528900,2026-08-30T15:59:50.046919
c1fa8bd3-da1f-49f9-a3c5-81fbb18b9b58,66982ecf-20f6-44a1-9469-269f083a6b63,1946400,INR,UPI,failed,INSUFFICIENT_FUNDS,3,14,3,139,1052,0.19,FALSE,NO_ACTION,FAILURE,0,2026-08-30T02:49:50.046928
ccea6370-4707-4b61-8d49-e77cb5a2c07e,949d08f5-697f-439a-94bd-f4b551cd6dca,3055100,INR,CARD,failed,INSUFFICIENT_FUNDS,1,13,1,301,522,0.57,TRUE,REMINDER,SUCCESS,3055100,2026-08-30T11:39:50.046939
51ce3b1c-c283-40c7-8285-8799ca5d878f,56470734-f20d-4ef3-9f5b-3ca8bca8bf51,4345700,INR,UPI,failed,CUSTOMER_ABANDONED,2,13,1,384,93,0.17,TRUE,PAYMENT_LINK,SUCCESS,4345700,2026-08-30T18:48:50.046949
3f87ef69-1809-4e56-9987-f7c85cdf4bf2,05be7f80-c95f-440a-b33a-72732a6926b5,4755400,INR,UPI,failed,CUSTOMER_ABANDONED,1,9,3,238,543,0.37,TRUE,PAYMENT_LINK,FAILURE,0,2026-08-30T11:18:50.046958
bcdbcae0-7c2e-46e3-a1dd-7abeb1bf88b3,a88d228f-5898-4da4-89e1-e953678649b7,1222900,INR,UPI,failed,OTHER,1,4,1,406,1380,0.19,FALSE,NO_ACTION,FAILURE,0,2026-08-29T21:21:50.046971
b2ab1392-5c1f-4cf4-ab23-40b88d93db5c,136cb37f-abb1-45d2-a78b-ee1702d33a00,2598200,INR,UPI,failed,BANK_TIMEOUT,1,3,1,755,1417,0.42,TRUE,RETRY,SUCCESS,2598200,2026-08-29T20:44:50.046981
e1cf130d-1b1e-4bc2-a061-d4f161e7f618,3cf14e3f-6b97-4cdf-ad11-b0d2be3e4b71,3199700,INR,UPI,failed,PAYMENT_EXPIRED,1,15,6,778,1415,0.64,FALSE,NO_ACTION,FAILURE,0,2026-08-29T20:46:50.046991
853e53c4-9e31-4640-a0e1-698acb5d8b69,8e287bfe-3b13-4c85-8ca6-c3f3ebfeaf71,1993400,INR,UPI,failed,BANK_TIMEOUT,1,13,2,66,33,0.66,TRUE,RETRY,SUCCESS,1993400,2026-08-30T19:48:50.047002
01606e6b-7507-4590-864f-853c45b01621,73672fd2-2561-4ffe-bd5b-b1357b0d2aaf,4260800,INR,UPI,failed,BANK_TIMEOUT,2,5,2,446,1104,0.25,TRUE,RETRY,SUCCESS,4260800,2026-08-30T01:57:50.047012
e081c834-dae8-44a6-95b9-ed567954671c,1848e09b-27e1-4e99-ad46-07955ecd6ea3,2774800,INR,UPI,failed,BANK_TIMEOUT,1,10,0,664,1439,0.46,TRUE,RETRY,SUCCESS,2774800,2026-08-29T20:22:50.047023
a9caa903-6bf2-4b47-981d-633bddcf6705,59fa2d4d-3b0e-40a6-85ef-5f7c9873930a,3845300,INR,UPI,failed,BANK_TIMEOUT,2,6,2,578,803,0.14,TRUE,RETRY,SUCCESS,3845300,2026-08-30T06:58:50.047033
67744926-7290-4284-aca9-3894bae9cf89,3e37ffa7-584a-4b0f-b03e-7e5b1ba5b177,2839700,INR,WALLET,failed,PAYMENT_EXPIRED,2,4,1,994,1221,0.68,FALSE,NO_ACTION,FAILURE,0,2026-08-30T00:00:50.047044
7a9c21aa-731c-4cb2-ad80-0adfc3bf27a2,4de1347a-bc8a-46be-86e3-25c0e5f85bf4,3204800,INR,UPI,failed,INSUFFICIENT_FUNDS,2,11,4,883,1390,0.82,FALSE,NO_ACTION,FAILURE,0,2026-08-29T21:11:50.047053
4a77d120-2728-4416-bb4c-c947d9b3205a,422c6506-0491-4cc2-882e-8a78538d5856,4691100,INR,UPI,failed,BANK_TIMEOUT,1,17,2,684,1134,0.15,TRUE,RETRY,SUCCESS,4691100,2026-08-30T01:27:50.047062
b5fc597b-5a14-49d3-a25f-30967df4db20,1848e09b-27e1-4e99-ad46-07955ecd6ea3,776300,INR,UPI,failed,OTHER,1,10,0,664,1429,0.45,FALSE,NO_ACTION,FAILURE,0,2026-08-29T20:32:50.047072
c7ca9bde-d48d-471a-9bc3-d94d32551c36,3cf14e3f-6b97-4cdf-ad11-b0d2be3e4b71,1269600,INR,UPI,failed,NETWORK_ERROR,1,15,6,778,1204,0.83,TRUE,RETRY,SUCCESS,1269600,2026-08-30T00:17:50.047081
2848629a-85c1-4d2b-86b6-80c18f6e6324,8051efce-2f28-4fae-a150-d14172bd932d,4697100,INR,CARD,failed,BANK_TIMEOUT,1,13,6,631,800,0.87,TRUE,RETRY,SUCCESS,4697100,2026-08-30T07:01:50.047090
b854e993-465d-4fa0-acc4-19cd0cb66860,59f160a1-e0eb-43b1-847f-5bb4ab0dd067,2370900,INR,CARD,failed,CUSTOMER_ABANDONED,2,14,2,103,1274,0.27,TRUE,PAYMENT_LINK,SUCCESS,2370900,2026-08-29T23:07:50.047101
b4174ceb-3e1c-4a2b-b656-b000a0a51f4b,9f297c1d-e554-4630-9339-39fc0df5cba1,856000,INR,UPI,failed,BANK_TIMEOUT,1,20,2,989,852,0.85,TRUE,RETRY,SUCCESS,856000,2026-08-30T06:09:50.047111
562ce5eb-48de-4fe2-ac51-3aacd74a0d94,203f2a92-e138-46d1-a5d7-6af3adeab121,318300,INR,WALLET,failed,NETWORK_ERROR,1,20,6,591,1387,0.23,TRUE,RETRY,FAILURE,0,2026-08-29T21:14:50.047121
8deb3965-bb04-4d42-850b-1efcfb91598a,3e706bf3-f209-4045-8830-2947756b9c10,427200,INR,UPI,failed,BANK_TIMEOUT,1,12,0,997,1151,0.28,TRUE,RETRY,SUCCESS,427200,2026-08-30T01:10:50.047130
88874886-31f7-4b0c-9d92-92a48f86f29d,845096a2-543f-4214-a79c-997c8a6607e7,315800,INR,CARD,failed,INSUFFICIENT_FUNDS,2,20,6,908,1414,0.8,FALSE,NO_ACTION,FAILURE,0,2026-08-29T20:47:50.047142
e14e3b20-1974-4d8c-bfad-15a9fd46fba8,421aa4fb-81ce-43a2-a6b3-9d614cfcb533,4639400,INR,UPI,failed,OTHER,2,11,5,157,228,0.88,TRUE,PAYMENT_LINK,SUCCESS,4639400,2026-08-30T16:33:50.047154
256260a9-7f62-4854-982e-a6b93777b0f5,509d2bdb-c397-4d3e-9ce3-00ee2275a998,677600,INR,CARD,failed,BANK_TIMEOUT,1,20,6,218,1291,0.19,TRUE,RETRY,SUCCESS,677600,2026-08-29T22:50:50.047163
9db7cbec-3198-4bae-a034-d676c57a8faa,32a162eb-1a1f-4d06-9e8c-5cce4f06b812,1924400,INR,CARD,failed,CUSTOMER_ABANDONED,1,19,0,37,204,0.22,TRUE,PAYMENT_LINK,FAILURE,0,2026-08-30T16:57:50.047173
2ceb5477-0e46-46ea-92db-9d4dc839cf9e,fb620218-cb5a-44d5-8a91-398ecfb320c3,1333100,INR,UPI,failed,NETWORK_ERROR,2,8,3,170,503,0.77,TRUE,RETRY,SUCCESS,1333100,2026-08-30T11:58:50.047182
09d5d883-990a-4add-83d5-a25d8d5a6f87,65b27a5a-c8ee-4c6a-8006-8ef5de5470a3,568500,INR,UPI,failed,CUSTOMER_ABANDONED,1,17,7,668,1290,0.63,FALSE,NO_ACTION,FAILURE,0,2026-08-29T22:51:50.047192
073bc0ba-dc62-4dba-9188-d523edc9da7c,999ac0e7-2ffe-40be-af80-9f633d6f974f,3481100,INR,UPI,failed,BANK_TIMEOUT,2,8,2,654,847,0.83,TRUE,RETRY,FAILURE,0,2026-08-30T06:14:50.047202
e5401308-6e6d-4893-a5eb-780f7c937162,81ac97e5-4b96-4db9-998c-3b3c80a2dfd3,4480800,INR,UPI,failed,BANK_TIMEOUT,1,7,1,415,21,0.67,TRUE,RETRY,SUCCESS,4480800,2026-08-30T20:00:50.047211
9519460d-2c77-4573-bb3d-fc6458683470,67125a90-d27e-4316-a9fb-f428bc3929ea,2073100,INR,UPI,failed,CUSTOMER_ABANDONED,1,6,1,692,806,0.71,FALSE,NO_ACTION,FAILURE,0,2026-08-30T06:55:50.047221
11b29bb6-e42b-4e04-b5d6-3dab201914ee,7d477c86-4ecf-4f08-ad56-b8a3e8a5aab6,999200,INR,NETBANKING,failed,BANK_TIMEOUT,1,0,0,845,1353,0.0,TRUE,RETRY,FAILURE,0,2026-08-29T21:48:50.047231
1ed361a0-fd56-4b91-8e7c-80533d6ff0f1,48495c85-d5d7-423a-adbb-dd7b9c96fdcf,2644500,INR,NETBANKING,failed,CUSTOMER_ABANDONED,2,14,7,861,643,0.83,FALSE,NO_ACTION,FAILURE,0,2026-08-30T09:38:50.047242
7f77ea55-b26d-4a74-9ba5-25d5ffe829e2,4286b544-0e6e-4b2c-a6f5-b57d5c5c6f70,3468900,INR,CARD,failed,BANK_TIMEOUT,1,7,0,885,1319,0.26,TRUE,RETRY,FAILURE,0,2026-08-29T22:22:50.047252
0b0d2dcf-90fe-4a25-b3c4-5ca9096b3049,6395a9b5-e918-49c7-ad9c-c117faba86aa,2907600,INR,CARD,failed,INVALID_PAYMENT_STATE,2,4,2,563,829,0.72,FALSE,NO_ACTION,FAILURE,0,2026-08-30T06:32:50.047261
6dc03b7b-5e5e-404c-ae8a-fdf5365c7c61,5607b60d-6ee3-4c29-82d2-222b25e48359,252200,INR,UPI,failed,NETWORK_ERROR,2,12,4,395,259,0.52,TRUE,RETRY,SUCCESS,252200,2026-08-30T16:02:50.047271
1e59930a-e74b-4f32-9ba5-cf20f6451a0c,354deeac-0dd4-4aca-9c1f-2603a3d93098,3626100,INR,UPI,failed,NETWORK_ERROR,1,7,2,777,48,0.12,TRUE,RETRY,SUCCESS,3626100,2026-08-30T19:33:50.047280
430ce6e8-82d1-47b9-914b-d626b1f966a3,8ad36ba9-196a-4963-9b26-c1a4d57cb057,2001900,INR,CARD,failed,OTHER,1,6,2,352,123,0.77,TRUE,PAYMENT_LINK,SUCCESS,2001900,2026-08-30T18:18:50.047290
02aaeda9-f441-4874-866c-95fd8c6df8c5,9a3b05b6-ff06-421d-b937-5f0cd9218b49,322800,INR,CARD,failed,OTHER,1,13,6,622,1173,0.69,FALSE,NO_ACTION,FAILURE,0,2026-08-30T00:48:50.047299
237146ae-7a8c-40bd-bd65-2741831af568,faa23153-ad6b-43ce-85e9-fd5b4741df00,4897400,INR,WALLET,failed,INSUFFICIENT_FUNDS,2,8,1,138,1286,0.63,FALSE,NO_ACTION,FAILURE,0,2026-08-29T22:55:50.047308
07ee4f1f-d83c-4280-87e6-85fc956c4a5f,5d503ac5-7027-4f8c-a5e0-df210c972494,2305900,INR,UPI,failed,CUSTOMER_ABANDONED,2,3,2,680,1174,0.64,TRUE,PAYMENT_LINK,SUCCESS,2305900,2026-08-30T00:47:50.047318
6104784d-e730-4cbb-a4c5-e4b10c067396,be2cbe60-d337-4d23-9375-4e09f6441ba7,699600,INR,UPI,failed,INSUFFICIENT_FUNDS,2,8,1,434,740,0.46,FALSE,NO_ACTION,FAILURE,0,2026-08-30T08:01:50.047327
90988306-9ed2-49da-860e-4a80ff51ab13,02d1f47d-1a74-4e1d-bc12-6b8537ecda62,2710400,INR,UPI,failed,BANK_TIMEOUT,2,2,1,28,976,0.27,TRUE,RETRY,SUCCESS,2710400,2026-08-30T04:05:50.047338
8f4bfa3b-1498-4022-8d1d-cb115c685dda,bea70ddd-a290-4ef8-9099-e805e2bdbce7,3865000,INR,UPI,failed,CUSTOMER_ABANDONED,2,18,4,21,1197,0.5,FALSE,NO_ACTION,FAILURE,0,2026-08-30T00:24:50.047347
0a4b4442-115c-47db-85d8-a984afdb5d81,40c3a50d-a445-4d75-a058-3ad12245c6a9,4525500,INR,NETBANKING,failed,NETWORK_ERROR,3,7,4,359,334,0.22,TRUE,RETRY,SUCCESS,4525500,2026-08-30T14:47:50.047357
b9a91269-0403-4016-97a6-28af3ad7fa1f,47e5b315-f681-454b-bfd4-603638858be5,4627100,INR,UPI,failed,INSUFFICIENT_FUNDS,1,20,3,409,933,0.48,FALSE,NO_ACTION,FAILURE,0,2026-08-30T04:48:50.047366
414f7094-39f6-477a-9400-7e86acafdf02,b87127f6-2313-44f7-8407-d15a9715fa50,2430400,INR,NETBANKING,failed,BANK_TIMEOUT,2,4,2,156,226,0.2,TRUE,RETRY,SUCCESS,2430400,2026-08-30T16:35:50.047375
3a06b67c-5cec-497a-946a-b255891a714c,747b98f5-917d-4c0c-b0e7-e51db8f874f6,781600,INR,UPI,failed,OTHER,1,11,2,442,996,0.12,FALSE,NO_ACTION,FAILURE,0,2026-08-30T03:45:50.047384
5452cd0a-0a69-440c-8274-4c78a4ddf9fa,e72877cf-d2ec-49a0-b270-33da92e97d2d,3874100,INR,UPI,failed,OTHER,1,4,1,257,581,0.27,TRUE,PAYMENT_LINK,SUCCESS,3874100,2026-08-30T10:40:50.047394
c96c11be-d25a-435b-8848-3666bda4f887,fb620218-cb5a-44d5-8a91-398ecfb320c3,3598300,INR,UPI,failed,INVALID_PAYMENT_STATE,1,8,2,170,1174,0.35,FALSE,NO_ACTION,FAILURE,0,2026-08-30T00:47:50.047403
5aa69c74-222d-40b6-903e-bea73d491637,11e0caee-35cc-4634-9ba2-af538792c7e6,2482700,INR,UPI,failed,CUSTOMER_ABANDONED,1,14,3,330,284,0.5,TRUE,PAYMENT_LINK,SUCCESS,2482700,2026-08-30T15:37:50.047415
3b1979a9-aed1-4907-baf5-53ad0642fa03,dca6f056-b77d-4f96-9b9f-a8079a49335f,986300,INR,NETBANKING,failed,NETWORK_ERROR,2,15,6,130,1361,0.6,TRUE,RETRY,FAILURE,0,2026-08-29T21:40:50.047425
813c9e57-0b14-4ad2-9f4f-3d51d30568cc,67125a90-d27e-4316-a9fb-f428bc3929ea,3555400,INR,UPI,failed,CUSTOMER_ABANDONED,1,6,1,692,569,0.62,TRUE,PAYMENT_LINK,SUCCESS,3555400,2026-08-30T10:52:50.047436
fb764d06-5f5c-44ca-9ebc-321eaa3ffdd9,df01a699-f8e7-4ec8-a7af-e089fff5cd99,4139400,INR,CARD,failed,CUSTOMER_ABANDONED,1,18,8,305,254,0.62,FALSE,NO_ACTION,FAILURE,0,2026-08-30T16:07:50.047444
67b95ae9-9352-4995-905f-f0b676a8acfa,50234046-3b5f-44e6-8a9e-9b64c932cb9f,3560900,INR,UPI,failed,BANK_TIMEOUT,1,8,2,22,388,0.7,TRUE,RETRY,SUCCESS,3560900,2026-08-30T13:53:50.047454
f93ef596-cf25-455d-8a92-c26a40a991a8,2274b42b-c7f9-4843-adfa-d0d509ed1eed,3495500,INR,UPI,failed,BANK_TIMEOUT,2,17,4,15,503,0.76,TRUE,RETRY,SUCCESS,3495500,2026-08-30T11:58:50.047463
7410e654-3a4e-4466-930b-2c8c39d36a54,5607b60d-6ee3-4c29-82d2-222b25e48359,3506600,INR,CARD,failed,NETWORK_ERROR,1,12,3,395,48,0.37,TRUE,RETRY,SUCCESS,3506600,2026-08-30T19:33:50.047472
9e1e25ad-879e-4357-95ef-27aff3382e20,5bf34504-14db-4b80-9949-6b5792554468,2089900,INR,UPI,failed,BANK_TIMEOUT,3,10,2,198,1110,0.23,FALSE,NO_ACTION,FAILURE,0,2026-08-30T01:51:50.047481
c19962af-bfce-4ff7-8a3e-2603e8f3742e,f1b159e7-f2ca-4dad-a9a8-609619495907,597300,INR,UPI,failed,OTHER,1,2,0,115,121,0.59,FALSE,NO_ACTION,FAILURE,0,2026-08-30T18:20:50.047491
f3661c4c-48ba-4191-b4fa-b4de399cbee6,81f58424-92af-4a4d-bf37-41c7ed554876,4684600,INR,UPI,failed,NETWORK_ERROR,1,11,4,100,846,0.81,TRUE,RETRY,FAILURE,0,2026-08-30T06:15:50.047500
98899a07-8306-4970-9b6e-76644f5d83c2,53643074-8cf7-40b3-91d2-4866672320fd,802700,INR,UPI,failed,BANK_TIMEOUT,1,2,0,455,485,0.49,TRUE,RETRY,SUCCESS,802700,2026-08-30T12:16:50.047510
e95f5e05-b832-4873-acef-96e3891bfd28,1260c576-7d3d-4ebb-b7eb-dbd9bd8c0bc5,1774800,INR,UPI,failed,NETWORK_ERROR,1,18,8,247,992,0.12,TRUE,RETRY,FAILURE,0,2026-08-30T03:49:50.047519
c037cfc4-4071-440e-a703-dab6d50365c0,d3d21d20-18d7-4104-a13f-f51b5db7b55d,1773900,INR,UPI,failed,INSUFFICIENT_FUNDS,1,0,0,891,1137,0.0,FALSE,NO_ACTION,FAILURE,0,2026-08-30T01:24:50.047529
0c0c2c2d-6b8e-4470-8ed9-6842c7f39455,a8d4fce0-1114-46ec-ba57-44bd1c96a582,2006300,INR,UPI,failed,NETWORK_ERROR,2,17,7,952,1025,0.26,TRUE,RETRY,SUCCESS,2006300,2026-08-30T03:16:50.047539
03d498f0-a964-40d5-ac7f-f3ea119caeb5,f91551e1-4b40-4aab-9358-c35d66c59012,1616600,INR,UPI,failed,NETWORK_ERROR,3,17,2,883,926,0.13,TRUE,RETRY,FAILURE,0,2026-08-30T04:55:50.047549
ba25e245-e5de-4068-a1e5-6ed5fa089486,d57700a7-a989-4ce9-bec0-53a7f79b7798,1905600,INR,CARD,failed,BANK_TIMEOUT,1,5,1,782,988,0.32,TRUE,RETRY,SUCCESS,1905600,2026-08-30T03:53:50.047560
a026c487-efb4-44e8-b53d-5a52be0fa73e,193e8480-7cbb-4131-bff2-b09151869dce,4153200,INR,UPI,failed,PAYMENT_EXPIRED,1,7,3,48,331,0.69,FALSE,NO_ACTION,FAILURE,0,2026-08-30T14:50:50.047570
1332e2d3-9a0b-4713-ba73-7dfee80e17fd,277912ab-ca9c-42ed-925b-f78da767798c,597900,INR,UPI,failed,BANK_TIMEOUT,1,5,1,268,1140,0.9,TRUE,RETRY,SUCCESS,597900,2026-08-30T01:21:50.047579
d80c1016-5226-415f-8030-d779d01bdf29,d98e93c8-1c44-44d8-8b47-ffb93603e5c4,2096000,INR,NETBANKING,failed,OTHER,1,17,0,283,928,0.32,FALSE,NO_ACTION,FAILURE,0,2026-08-30T04:53:50.047588
60c9fb30-e7a5-49b6-98a1-2599dd7ea855,24710801-c546-4811-8842-593dfe394097,2248900,INR,UPI,failed,OTHER,1,16,2,308,1417,0.21,TRUE,PAYMENT_LINK,SUCCESS,2248900,2026-08-29T20:44:50.047597
da4944cb-e39e-4da4-9e49-3a14d2567b1a,136cb37f-abb1-45d2-a78b-ee1702d33a00,72700,INR,CARD,failed,NETWORK_ERROR,2,3,2,755,1002,0.71,TRUE,RETRY,FAILURE,0,2026-08-30T03:39:50.047606
551308b9-1f2b-4106-ac51-d6b35f124c51,4409b2e1-e2ae-4bc2-86f8-0947c57c9996,4278100,INR,UPI,failed,BANK_TIMEOUT,2,1,1,779,1376,0.46,TRUE,RETRY,FAILURE,0,2026-08-29T21:25:50.047616
65f7fe6a-293c-4d6d-9d1c-66ce7bc54591,596d9769-2d8d-4cfb-a3f0-e32ea0296eac,3950700,INR,UPI,failed,BANK_TIMEOUT,2,16,4,737,1428,0.89,TRUE,RETRY,SUCCESS,3950700,2026-08-29T20:33:50.047626
72a7feb2-39e4-4cc5-982d-1b203f2b56f1,45ab77c1-e02a-4aec-83d4-108769233cf0,2923500,INR,UPI,failed,CUSTOMER_ABANDONED,2,1,1,59,1394,0.84,FALSE,NO_ACTION,FAILURE,0,2026-08-29T21:07:50.047636
6744db5e-4504-4e81-9cd2-4e9c9310f3b3,31436735-0f97-446a-9512-54eddb62d13d,4030200,INR,CARD,failed,PAYMENT_EXPIRED,1,17,6,118,1012,0.87,FALSE,NO_ACTION,FAILURE,0,2026-08-30T03:29:50.047647
154fd2e9-2752-4bcc-a98e-b3a8f0c7d115,f360ff73-35ad-4153-bbf5-96bc9bf1f744,4624000,INR,CARD,failed,BANK_TIMEOUT,1,7,2,462,1308,0.42,TRUE,RETRY,SUCCESS,4624000,2026-08-29T22:33:50.047656
dff649b1-aaf6-4a16-b64f-61d57fed8117,f360ff73-35ad-4153-bbf5-96bc9bf1f744,1127200,INR,UPI,failed,CUSTOMER_ABANDONED,1,7,2,462,1398,0.58,FALSE,NO_ACTION,FAILURE,0,2026-08-29T21:03:50.047665
495b504f-9484-4dcd-8de5-d3c876224421,ad64c2ab-84f3-41b9-85a6-e558ca5a3d2c,850400,INR,CARD,failed,BANK_TIMEOUT,3,14,2,720,467,0.8,TRUE,RETRY,SUCCESS,850400,2026-08-30T12:34:50.047674
a1791562-b7b4-4767-bdaa-46e8e65bad43,a557a40b-c470-46f7-8b81-8d6f8b3d00f2,4453200,INR,UPI,failed,OTHER,1,11,0,242,1259,0.3,FALSE,NO_ACTION,FAILURE,0,2026-08-29T23:22:50.047683
93b8e0dc-8c98-41ec-ba2a-3dc6245cc67c,120214db-7f68-463d-ad44-bf7396253ca9,22800,INR,NETBANKING,failed,INSUFFICIENT_FUNDS,3,3,3,622,107,0.78,FALSE,NO_ACTION,FAILURE,0,2026-08-30T18:34:50.047693
3f07f212-b93d-4ff2-91c8-9b04ca4b1f27,e49f91a9-fd11-46f7-ab6f-afc54510f1a0,2676500,INR,UPI,failed,CUSTOMER_ABANDONED,1,1,0,287,741,0.51,FALSE,NO_ACTION,FAILURE,0,2026-08-30T08:00:50.047702
67f5161f-1a14-4e35-93a0-7e4272adb139,2c67f74d-578e-444d-a301-dc12621e8800,1481500,INR,UPI,failed,OTHER,1,17,3,880,648,0.1,TRUE,PAYMENT_LINK,SUCCESS,1481500,2026-08-30T09:33:50.047711
98a3ba24-6c2f-4745-bdaf-ebd117446ba1,df01a699-f8e7-4ec8-a7af-e089fff5cd99,176200,INR,WALLET,failed,BANK_TIMEOUT,1,18,8,305,153,0.83,TRUE,RETRY,SUCCESS,176200,2026-08-30T17:48:50.047722
8fb9dfeb-3903-4752-af2c-a66b5e0458a4,cc673251-ae7e-4dbd-8aed-a97dc2e9cb58,4112500,INR,CARD,failed,BANK_TIMEOUT,1,6,2,68,50,0.57,TRUE,RETRY,SUCCESS,4112500,2026-08-30T19:31:50.047731
43e55203-ef46-40c4-b1f2-22b275e8871f,f9742233-0d7d-48bc-9837-b730b9a106df,1629700,INR,UPI,failed,BANK_TIMEOUT,1,5,1,269,112,0.76,TRUE,RETRY,SUCCESS,1629700,2026-08-30T18:29:50.047741
e0230f87-c1bd-4bf3-ab24-33b7d7d88a24,a7d459b3-6b35-46b5-bb0c-3137a8f8ab3b,3941900,INR,CARD,failed,CUSTOMER_ABANDONED,1,8,2,552,1186,0.2,TRUE,PAYMENT_LINK,FAILURE,0,2026-08-30T00:35:50.047750
304ec94f-b3dc-4edc-9161-2886972f5066,02547ff9-13b3-4ed1-8549-d0a83ac87a3e,2063100,INR,NETBANKING,failed,CUSTOMER_ABANDONED,2,17,4,929,127,0.84,TRUE,PAYMENT_LINK,SUCCESS,2063100,2026-08-30T18:14:50.047759
8985cf78-4ea4-4e6e-a689-ac333a15ed95,289b8113-c45e-48bc-8d2e-3588024e64b2,2840100,INR,UPI,failed,CUSTOMER_ABANDONED,1,15,7,834,604,0.78,TRUE,PAYMENT_LINK,SUCCESS,2840100,2026-08-30T10:17:50.047769
e1cacb1f-56a9-41c4-b110-7817ba6dd92b,80cf42f4-15c1-4462-8724-1283ccf49a59,1537700,INR,NETBANKING,failed,CUSTOMER_ABANDONED,1,7,1,920,929,0.41,TRUE,PAYMENT_LINK,FAILURE,0,2026-08-30T04:52:50.047778
ec9a91ad-1011-43bf-a2ff-eea4500b784f,d57700a7-a989-4ce9-bec0-53a7f79b7798,673700,INR,UPI,failed,OTHER,2,5,2,782,930,0.51,FALSE,NO_ACTION,FAILURE,0,2026-08-30T04:51:50.047787
6f43a76c-b2e7-441c-bbd8-c08dfde2642d,072a1824-e78a-4bc3-a42f-0ee325c12fb6,682900,INR,UPI,failed,CUSTOMER_ABANDONED,1,10,2,614,397,0.82,FALSE,NO_ACTION,FAILURE,0,2026-08-30T13:44:50.047797
5aa43059-6de7-4a19-a189-d893aae28550,fc1a1cf4-5b09-4aa3-b05a-82d1db7f6feb,1689500,INR,UPI,failed,NETWORK_ERROR,1,13,3,738,381,0.29,TRUE,RETRY,SUCCESS,1689500,2026-08-30T14:00:50.047806
615444b6-3c22-43bc-93d9-51a180ec8b38,0d76b40e-90ff-41ff-b988-d1d20c055f2b,3840700,INR,UPI,failed,OTHER,2,13,1,726,638,0.57,TRUE,PAYMENT_LINK,SUCCESS,3840700,2026-08-30T09:43:50.047816
dd894af4-c40b-4d59-8f73-2cbb4ba69c4a,98327b26-cadd-4b13-a456-0a476dbf1894,2032900,INR,CARD,failed,BANK_TIMEOUT,3,1,2,580,1061,0.57,TRUE,RETRY,SUCCESS,2032900,2026-08-30T02:40:50.047825
5e8bba6c-5c85-43bf-bc5a-87eacec73c4d,3f537f10-42f0-4655-a580-1d1372d08f1e,3676400,INR,NETBANKING,failed,NETWORK_ERROR,1,6,0,971,411,0.61,TRUE,RETRY,SUCCESS,3676400,2026-08-30T13:30:50.047834
b47d9327-d382-4c99-8a42-e92944e4e0d4,00ae155e-942f-4bba-95f4-5a4c0ae9b097,4386800,INR,UPI,failed,CUSTOMER_ABANDONED,1,1,0,223,1419,0.36,FALSE,NO_ACTION,FAILURE,0,2026-08-29T20:42:50.047867
afc24985-a482-4948-ae7d-1c060eef38e7,3725a9a7-de08-4b38-9b54-6f0d46575948,4047600,INR,UPI,failed,NETWORK_ERROR,1,18,5,441,87,0.5,TRUE,RETRY,SUCCESS,4047600,2026-08-30T18:54:50.047882
32c9d12d-4c03-45bd-94ec-aea4bdb24283,99a70021-0636-478b-a41c-1437d7007bfa,1519100,INR,UPI,failed,BANK_TIMEOUT,1,6,2,891,679,0.75,TRUE,RETRY,SUCCESS,1519100,2026-08-30T09:02:50.047893
641c1c45-8520-4a4b-9773-8edf0338b1b1,ecbe7fa6-1448-4278-bb5b-ac3ed48a93bc,54000,INR,UPI,failed,BANK_TIMEOUT,1,14,6,651,236,0.21,TRUE,RETRY,SUCCESS,54000,2026-08-30T16:25:50.047903
4cefd014-4237-4bee-bc6a-e77f902b762b,5c83dfff-7878-4e5b-b124-5039994af805,2368700,INR,UPI,failed,BANK_TIMEOUT,1,17,6,667,357,0.28,TRUE,RETRY,SUCCESS,2368700,2026-08-30T14:24:50.047913
3bd18d46-4e16-42a5-bd16-0c664c678833,ef30ceee-97ee-4ea0-b0b1-fee675c2c72c,3644000,INR,UPI,failed,BANK_TIMEOUT,1,14,3,223,537,0.83,TRUE,RETRY,SUCCESS,3644000,2026-08-30T11:24:50.047923
7765a649-f759-426e-8e3e-6438f1b6aece,053a88ef-7d6a-4594-855c-985d364457d8,4301700,INR,CARD,failed,BANK_TIMEOUT,3,15,5,163,625,0.46,TRUE,RETRY,SUCCESS,4301700,2026-08-30T09:56:50.047933
4a07fd42-90e2-4926-ab6d-bfddb5247f11,65b27a5a-c8ee-4c6a-8006-8ef5de5470a3,3463200,INR,WALLET,failed,OTHER,2,17,8,668,134,0.19,TRUE,PAYMENT_LINK,SUCCESS,3463200,2026-08-30T18:07:50.047967
b7cedf02-c2e5-4b99-a219-424ea7f88e26,9372b343-d16f-4091-b250-932502c8540d,1266200,INR,UPI,failed,CUSTOMER_ABANDONED,1,1,0,556,880,0.88,FALSE,NO_ACTION,FAILURE,0,2026-08-30T05:41:50.047977
fae0d609-ac43-4248-8caf-38a9c2359de1,d6926697-37a8-4e96-a281-58573916961b,4047200,INR,UPI,failed,INVALID_PAYMENT_STATE,1,11,0,855,305,0.36,FALSE,NO_ACTION,FAILURE,0,2026-08-30T15:16:50.047987
8460d02f-4a1f-4cda-85fa-dd79e87037dd,819ad743-114e-47aa-abaf-0d7add1eb11c,1845400,INR,NETBANKING,failed,INVALID_PAYMENT_STATE,3,11,4,553,1002,0.27,FALSE,NO_ACTION,FAILURE,0,2026-08-30T03:39:50.047997
58748337-4815-4bb6-b305-9f23f1dca23f,98327b26-cadd-4b13-a456-0a476dbf1894,4358300,INR,CARD,failed,BANK_TIMEOUT,1,1,0,580,1322,0.7,TRUE,RETRY,SUCCESS,4358300,2026-08-29T22:19:50.048007
61960175-648c-461b-bc8b-84ef27ef4774,c2784ecf-cd21-4a2a-9543-dc4341d25b20,2119100,INR,CARD,failed,INSUFFICIENT_FUNDS,1,1,0,411,1014,0.48,FALSE,NO_ACTION,FAILURE,0,2026-08-30T03:27:50.048016
72228fcf-3394-4cb8-bf2a-b12f00bd8e07,d1e44f10-ee7a-49cb-aab7-ee20949abe40,3837100,INR,CARD,failed,BANK_TIMEOUT,2,8,2,323,926,0.79,TRUE,RETRY,SUCCESS,3837100,2026-08-30T04:55:50.048028
eb52e884-69c5-4a1d-bb6e-ea162ec13946,a77bb881-6084-433e-9642-4dfd992ac7aa,2481200,INR,UPI,failed,OTHER,1,19,0,969,1128,0.17,TRUE,PAYMENT_LINK,SUCCESS,2481200,2026-08-30T01:33:50.048038
0ff5e051-2833-4bd8-b789-092e997a502d,02d9dfb9-0274-4a5a-8a8f-24ef7d2dad30,2314000,INR,UPI,failed,BANK_TIMEOUT,1,11,2,596,689,0.44,TRUE,RETRY,SUCCESS,2314000,2026-08-30T08:52:50.048047
68f270d5-af29-43cb-b837-aed013faa5cb,efc1b5a9-fdd0-43df-8d97-6856d4f255f6,3270600,INR,UPI,failed,NETWORK_ERROR,1,2,0,480,479,0.31,TRUE,RETRY,FAILURE,0,2026-08-30T12:22:50.048057
f79db987-c779-433b-93fd-5259ab30a993,841a2c1b-4e60-4d49-9ccc-ffd141cb56ae,3298300,INR,UPI,failed,INSUFFICIENT_FUNDS,2,11,4,286,467,0.18,FALSE,NO_ACTION,FAILURE,0,2026-08-30T12:34:50.048068
f0dae0bd-3664-4af1-82bf-27e701d28d02,827db340-0465-4ea4-acb3-d35317415af4,3588400,INR,UPI,failed,BANK_TIMEOUT,1,2,0,722,620,0.7,TRUE,RETRY,FAILURE,0,2026-08-30T10:01:50.048078
7de1330f-b294-4a14-8291-a175ac47bfca,9372b343-d16f-4091-b250-932502c8540d,4634400,INR,CARD,failed,BANK_TIMEOUT,2,1,1,556,1113,0.83,TRUE,RETRY,SUCCESS,4634400,2026-08-30T01:48:50.048087
f3e41928-a297-4efe-9bc3-288d42b94ceb,bd4a7c79-f6c9-4e1f-937a-72129b918b05,2281600,INR,CARD,failed,NETWORK_ERROR,1,7,2,625,1188,0.71,TRUE,RETRY,SUCCESS,2281600,2026-08-30T00:33:50.048120
5f071aab-9679-4f76-8fab-4fa1e48bff1b,f876f470-452d-492b-9d38-5a83188ebdf9,988300,INR,NETBANKING,failed,BANK_TIMEOUT,2,18,3,354,430,0.48,TRUE,RETRY,FAILURE,0,2026-08-30T13:11:50.048140
a36feaf9-3281-465f-b6f4-189da1615ede,9745ce5f-bf8e-4e65-bb5b-05ca7725e46f,3081900,INR,CARD,failed,NETWORK_ERROR,2,9,4,477,642,0.78,TRUE,RETRY,FAILURE,0,2026-08-30T09:39:50.048153
1efb5366-22c8-4dd3-bdd5-796533c93554,03647acd-2c4e-4dea-bac2-df455b48ef72,1383500,INR,UPI,failed,INVALID_PAYMENT_STATE,1,12,4,818,285,0.56,FALSE,NO_ACTION,FAILURE,0,2026-08-30T15:36:50.048165
b6b23e1b-ac5e-4de3-aba4-05462b2c38d2,e83d5608-50aa-483c-a19c-6755c52a5161,73400,INR,UPI,failed,CUSTOMER_ABANDONED,1,0,0,307,462,0.0,FALSE,NO_ACTION,FAILURE,0,2026-08-30T12:39:50.048175
ca19e6fa-2e2f-4bc7-ad1b-f881e6620cf8,a0e9c5c7-44c4-48ac-9b70-1ba4698b2057,4942400,INR,UPI,failed,CUSTOMER_ABANDONED,1,17,4,458,668,0.57,TRUE,PAYMENT_LINK,SUCCESS,4942400,2026-08-30T09:13:50.048185
de7e330d-5c4d-433b-83f5-a82b9bd6e311,a4f71868-14d9-4699-a7bf-fcd8cad406b3,1017200,INR,WALLET,failed,OTHER,1,20,0,725,1235,0.83,FALSE,NO_ACTION,FAILURE,0,2026-08-29T23:46:50.048195
41f348ec-5774-4fd9-bc09-2ca390187d5a,9965bb2d-f1d0-4330-b3b6-1e2b15bf2637,2509000,INR,UPI,failed,NETWORK_ERROR,1,4,0,83,386,0.48,TRUE,RETRY,FAILURE,0,2026-08-30T13:55:50.048206
e4365ce4-8ad4-499f-92c6-a80ac73bdef4,3a28c824-7215-4234-a900-0a2e8a22500b,2006500,INR,UPI,failed,BANK_TIMEOUT,1,12,5,994,66,0.76,TRUE,RETRY,SUCCESS,2006500,2026-08-30T19:15:50.048216
dc864b19-117f-4aa1-bccd-45bc61d1e10a,0ee883e3-fc0b-475b-afad-d002bb106670,465400,INR,NETBANKING,failed,NETWORK_ERROR,1,2,0,191,597,0.63,TRUE,RETRY,SUCCESS,465400,2026-08-30T10:24:50.048225
9924d53e-dc51-41bb-8601-38fe2cf02e74,02d9dfb9-0274-4a5a-8a8f-24ef7d2dad30,82300,INR,UPI,failed,INVALID_PAYMENT_STATE,1,11,2,596,322,0.89,FALSE,NO_ACTION,FAILURE,0,2026-08-30T14:59:50.048234
076b2d62-b723-41f5-99ed-0387299bd042,48495c85-d5d7-423a-adbb-dd7b9c96fdcf,3144200,INR,CARD,failed,NETWORK_ERROR,3,14,8,861,423,0.2,TRUE,RETRY,SUCCESS,3144200,2026-08-30T13:18:50.048243
ee66089e-9a04-44b6-974a-dabccfab9319,f0ed4a4d-edde-42f7-8a61-a739ce97e30b,4366700,INR,UPI,failed,INSUFFICIENT_FUNDS,3,14,2,933,1204,0.26,FALSE,NO_ACTION,FAILURE,0,2026-08-30T00:17:50.048253
b49d62b3-1112-447a-8bef-7e9fc0ec5bca,5a11493c-4681-43a7-a1ae-868b392a5dd2,1815100,INR,UPI,failed,OTHER,1,9,2,27,818,0.58,FALSE,NO_ACTION,FAILURE,0,2026-08-30T06:43:50.048262
a5aec575-9b14-483c-b22b-1f4a0f0aca9c,abfde68e-ec07-4d11-b230-b92bd1f44428,3740400,INR,NETBANKING,failed,NETWORK_ERROR,1,5,1,925,187,0.33,TRUE,RETRY,SUCCESS,3740400,2026-08-30T17:14:50.048272
a4e7d6c5-d347-4af5-bf90-d5797906f8ae,b793af11-ad3b-448b-9ec9-10264b4c04ea,4673800,INR,CARD,failed,NETWORK_ERROR,2,12,3,831,359,0.43,TRUE,RETRY,SUCCESS,4673800,2026-08-30T14:22:50.048281
0d905ecd-262f-41bc-a440-4e657225aba4,de5cc768-dd64-45e7-a415-7333b4bdb67e,3010400,INR,UPI,failed,CUSTOMER_ABANDONED,1,12,1,901,196,0.41,TRUE,PAYMENT_LINK,SUCCESS,3010400,2026-08-30T17:05:50.048290
4abefb6d-4c5f-4983-b05b-b729db64ca4d,12560b02-f0f5-45fe-8ef2-0e5b26f14988,1045000,INR,UPI,failed,INSUFFICIENT_FUNDS,1,19,0,152,137,0.66,TRUE,REMINDER,SUCCESS,1045000,2026-08-30T18:04:50.048302
61bc3b1f-4644-4b64-b439-69f3974125df,f360ff73-35ad-4153-bbf5-96bc9bf1f744,2705300,INR,WALLET,failed,INSUFFICIENT_FUNDS,4,7,5,462,157,0.7,FALSE,NO_ACTION,FAILURE,0,2026-08-30T17:44:50.048311
271699f1-3894-4bcb-897c-3035e3824a02,2c26c43c-f68b-4901-839d-984485a0e9ec,2146500,INR,UPI,failed,BANK_TIMEOUT,1,19,7,236,92,0.47,TRUE,RETRY,SUCCESS,2146500,2026-08-30T18:49:50.048320
1eeda5cb-9cb6-4abc-a792-0bd4639628c3,f5a93236-6074-4b28-a047-97fa38c86e72,3037100,INR,UPI,failed,CUSTOMER_ABANDONED,2,7,2,635,813,0.13,FALSE,NO_ACTION,FAILURE,0,2026-08-30T06:48:50.048329
da7af955-98e4-4244-88f4-f33d0c086607,f0ed4a4d-edde-42f7-8a61-a739ce97e30b,904400,INR,UPI,failed,CUSTOMER_ABANDONED,1,14,0,933,140,0.17,TRUE,PAYMENT_LINK,SUCCESS,904400,2026-08-30T18:01:50.048338
55cc0d19-0f77-4f62-ae91-3673b2c1fb48,29ef9c75-b533-412c-88c6-30decc6d36ea,929100,INR,UPI,failed,BANK_TIMEOUT,1,1,0,553,37,0.59,TRUE,RETRY,SUCCESS,929100,2026-08-30T19:44:50.048348
30d008b5-581c-4db4-bbec-3ece7656368a,56470734-f20d-4ef3-9f5b-3ca8bca8bf51,2571400,INR,UPI,failed,CUSTOMER_ABANDONED,1,13,0,384,560,0.22,TRUE,PAYMENT_LINK,SUCCESS,2571400,2026-08-30T11:01:50.048359
75a9f21a-41c7-4517-aabf-6d8b028e5a4d,141b7591-375e-4d66-8be0-c844a7503823,4433900,INR,UPI,failed,NETWORK_ERROR,1,20,6,301,1301,0.75,TRUE,RETRY,SUCCESS,4433900,2026-08-29T22:40:50.048368
d03ddfdc-d49a-4be0-8238-db809485dc4e,3f927bc6-80b2-4602-bbdc-fa2790588c7c,683600,INR,UPI,failed,NETWORK_ERROR,1,15,5,111,10,0.14,TRUE,RETRY,SUCCESS,683600,2026-08-30T20:11:50.048377
c906dc6c-3bd5-4801-bcfb-f8a6325842d8,ace77ee0-fbf5-431b-9ee4-a5cd7f5f26f2,2465200,INR,NETBANKING,failed,BANK_TIMEOUT,1,4,1,342,58,0.89,TRUE,RETRY,SUCCESS,2465200,2026-08-30T19:23:50.048387
0d0704e0-3ce5-4aff-ad6f-83cd6ae27570,10ff8499-2690-4e74-b0c6-a799425e1267,424000,INR,UPI,failed,INVALID_PAYMENT_STATE,2,7,2,484,1361,0.23,FALSE,NO_ACTION,FAILURE,0,2026-08-29T21:40:50.048398
fefc3492-ae3b-47b4-8626-a3d9acfe6960,c77001ff-5687-4aa8-8257-3a6ef6d6fc56,3368700,INR,UPI,failed,NETWORK_ERROR,1,10,3,399,389,0.6,TRUE,RETRY,SUCCESS,3368700,2026-08-30T13:52:50.048409
bee76fca-4769-4d51-a46c-2ac92fc2c41f,1dc353aa-c8ce-42f0-857b-58ceb87b8062,801700,INR,UPI,failed,BANK_TIMEOUT,1,12,1,267,31,0.42,TRUE,RETRY,SUCCESS,801700,2026-08-30T19:50:50.048418
27899af3-9f34-4170-adda-6daabe18e047,5a11493c-4681-43a7-a1ae-868b392a5dd2,1452400,INR,UPI,failed,PAYMENT_EXPIRED,1,9,2,27,756,0.14,FALSE,NO_ACTION,FAILURE,0,2026-08-30T07:45:50.048427
2354d416-c989-4fea-9a2e-728b3cf69da5,80cf42f4-15c1-4462-8724-1283ccf49a59,1986100,INR,CARD,failed,NETWORK_ERROR,4,7,4,920,1099,0.73,TRUE,RETRY,SUCCESS,1986100,2026-08-30T02:02:50.048436
b9b88fcc-5c54-42f0-954a-0d445940ce08,f9742233-0d7d-48bc-9837-b730b9a106df,630900,INR,UPI,failed,OTHER,1,5,1,269,1389,0.84,TRUE,PAYMENT_LINK,SUCCESS,630900,2026-08-29T21:12:50.048446
217a4884-07d3-4716-a146-d1abf1139fce,df4aa70e-4aa7-4aa4-8268-aec6d0bbdfc8,4173800,INR,CARD,failed,CUSTOMER_ABANDONED,3,7,2,870,1365,0.49,FALSE,NO_ACTION,FAILURE,0,2026-08-29T21:36:50.048455
7e3841fb-3991-4853-9fa6-80fa468c011b,668129fd-730d-41f6-94ee-773dc29a2fae,3844000,INR,UPI,failed,INSUFFICIENT_FUNDS,2,8,3,966,1032,0.57,FALSE,NO_ACTION,FAILURE,0,2026-08-30T03:09:50.048464
40f10c24-c4df-488f-a7b9-3c99da40a99c,5d503ac5-7027-4f8c-a5e0-df210c972494,149000,INR,CARD,failed,INVALID_PAYMENT_STATE,1,3,1,680,878,0.71,FALSE,NO_ACTION,FAILURE,0,2026-08-30T05:43:50.048474
529df02a-4897-4951-9bf1-2d4449f84ee2,7b175984-64d5-44c9-ab44-491e6b3d66a0,911400,INR,UPI,failed,BANK_TIMEOUT,1,1,0,795,419,0.61,TRUE,RETRY,SUCCESS,911400,2026-08-30T13:22:50.048485
578f3a61-e378-4033-aff6-b3fe16c57c38,54592cce-8e1e-4fc7-863e-7d535927ebe7,4854700,INR,NETBANKING,failed,BANK_TIMEOUT,1,7,0,32,82,0.52,TRUE,RETRY,SUCCESS,4854700,2026-08-30T18:59:50.048498
599d5645-8a1b-4bcf-9872-d7d790025dd0,bec154e8-a1c1-4dc2-99c6-3ccc633a42fd,4928800,INR,UPI,failed,PAYMENT_EXPIRED,1,7,0,841,497,0.26,FALSE,NO_ACTION,FAILURE,0,2026-08-30T12:04:50.048508
3f64154d-6cc0-4aeb-9732-9ccb42677489,46ba47e2-47dc-4270-a76f-970ec07ff441,4368100,INR,WALLET,failed,PAYMENT_EXPIRED,1,13,2,234,456,0.59,FALSE,NO_ACTION,FAILURE,0,2026-08-30T12:45:50.048517
a7166874-9e7c-4bad-bad5-bbdb883ff5c2,24710801-c546-4811-8842-593dfe394097,1212800,INR,UPI,failed,BANK_TIMEOUT,2,16,3,308,144,0.86,TRUE,RETRY,FAILURE,0,2026-08-30T17:57:50.048526
24904e10-b4b4-4175-bff0-9f71dbaec16c,ede5f70f-2ba5-4e37-a331-c34303ed5d15,832800,INR,UPI,failed,INSUFFICIENT_FUNDS,2,1,1,609,419,0.29,FALSE,NO_ACTION,FAILURE,0,2026-08-30T13:22:50.048536
02a24d5b-296c-4443-b44b-83392a1dc53d,3cf14e3f-6b97-4cdf-ad11-b0d2be3e4b71,3071000,INR,UPI,failed,CUSTOMER_ABANDONED,1,15,6,778,362,0.58,TRUE,PAYMENT_LINK,SUCCESS,3071000,2026-08-30T14:19:50.048546
f6f91df5-8719-4f8e-b565-a9a7e25fc2b2,1a9967e0-8650-4d29-8e72-335e9937a529,1329900,INR,UPI,failed,CUSTOMER_ABANDONED,1,1,0,564,737,0.42,FALSE,NO_ACTION,FAILURE,0,2026-08-30T08:04:50.048555
a7efda4b-f7e8-4a1b-9901-cb185e6b3069,40c3a50d-a445-4d75-a058-3ad12245c6a9,2780100,INR,UPI,failed,CUSTOMER_ABANDONED,2,7,3,359,988,0.12,FALSE,NO_ACTION,FAILURE,0,2026-08-30T03:53:50.048564
9a9d92d7-73cb-45f9-b01e-85b91129a51b,f3762b73-4e33-4b88-ad7e-3617764f1443,555400,INR,CARD,failed,OTHER,1,6,2,283,313,0.54,TRUE,PAYMENT_LINK,SUCCESS,555400,2026-08-30T15:08:50.048574
2d600b81-e033-4762-afd4-656ab1c34802,e6778ce5-aaeb-4310-b451-2bfc09f2d5d1,2982700,INR,UPI,failed,INSUFFICIENT_FUNDS,1,13,3,322,683,0.21,FALSE,NO_ACTION,FAILURE,0,2026-08-30T08:58:50.048583
6982e977-fe95-4808-9ca5-e17c092ba510,75ba338f-4bef-4afd-ab7d-579445f24fcf,1252700,INR,UPI,failed,INVALID_PAYMENT_STATE,2,1,1,479,767,0.49,FALSE,NO_ACTION,FAILURE,0,2026-08-30T07:34:50.048597
ee4a431b-ad5b-48e8-9b26-9dab7975c0ba,8e287bfe-3b13-4c85-8ca6-c3f3ebfeaf71,4874000,INR,UPI,failed,NETWORK_ERROR,1,13,2,66,1205,0.16,TRUE,RETRY,FAILURE,0,2026-08-30T00:16:50.048606
33d63a32-8f0c-4d84-a4eb-481e2ec1e928,9a3b05b6-ff06-421d-b937-5f0cd9218b49,2531900,INR,NETBANKING,failed,BANK_TIMEOUT,2,13,7,622,523,0.72,TRUE,RETRY,SUCCESS,2531900,2026-08-30T11:38:50.048615
9cc651d9-cb45-421a-a5ad-bba7c8c7ec75,f0ed4a4d-edde-42f7-8a61-a739ce97e30b,3212200,INR,CARD,failed,NETWORK_ERROR,1,14,0,933,790,0.84,TRUE,RETRY,SUCCESS,3212200,2026-08-30T07:11:50.048624
4988500b-90ab-47d1-b6ce-03fc87893173,141b7591-375e-4d66-8be0-c844a7503823,2378500,INR,CARD,failed,CUSTOMER_ABANDONED,1,20,6,301,1322,0.22,FALSE,NO_ACTION,FAILURE,0,2026-08-29T22:19:50.048634
9af78f6a-5382-47b1-9745-60e9d96dc8e6,7beb985c-2562-417c-95c4-b37e7db3a4b7,975700,INR,UPI,failed,INSUFFICIENT_FUNDS,3,9,5,3,331,0.11,FALSE,NO_ACTION,FAILURE,0,2026-08-30T14:50:50.048643
edb9d4c8-9eb4-48fb-90bf-8552d469c80d,bc721964-f40f-4773-93c7-760d321e43aa,4673600,INR,NETBANKING,failed,NETWORK_ERROR,1,14,2,556,165,0.51,TRUE,RETRY,SUCCESS,4673600,2026-08-30T17:36:50.048653
d167f412-3971-40ab-9665-a644b9b16493,fcb0964a-7098-4b00-a925-ee9ebecf8d0f,2807500,INR,UPI,failed,NETWORK_ERROR,3,1,2,144,1349,0.81,FALSE,NO_ACTION,FAILURE,0,2026-08-29T21:52:50.048662
4b017795-d4f7-47fe-b0a1-c010c46f3853,2efef1d7-0058-4aee-894c-7e4c515a5e6c,2707500,INR,CARD,failed,OTHER,2,20,8,101,224,0.61,TRUE,PAYMENT_LINK,SUCCESS,2707500,2026-08-30T16:37:50.048671
76c89c38-1c23-4726-91ad-1bd108e3608b,92f05d3c-bc90-4de8-8321-6b98af865706,1773000,INR,CARD,failed,OTHER,1,16,1,73,631,0.11,TRUE,PAYMENT_LINK,SUCCESS,1773000,2026-08-30T09:50:50.048680
6bdc3345-8c3e-40e4-9a71-8e46fe17bb5e,44f4ecbc-dbd3-4db0-bbf2-b31f839cc068,467700,INR,CARD,failed,NETWORK_ERROR,1,8,3,4,591,0.69,TRUE,RETRY,SUCCESS,467700,2026-08-30T10:30:50.048691
3f07b0f8-6dc8-4a79-a52a-a7a83fcbb4d5,b6790e29-c87e-4bed-b830-802620dc6a9b,890300,INR,UPI,failed,BANK_TIMEOUT,3,1,2,508,923,0.55,FALSE,NO_ACTION,FAILURE,0,2026-08-30T04:58:50.048700
e82b4e65-7a01-49bc-89f1-8fffe105026e,a57a08d3-1754-403a-8846-fef1287929ef,396500,INR,CARD,failed,PAYMENT_EXPIRED,1,7,1,692,838,0.45,FALSE,NO_ACTION,FAILURE,0,2026-08-30T06:23:50.048709
ab608784-1029-4a6a-b642-cb547f740616,072a1824-e78a-4bc3-a42f-0ee325c12fb6,4180900,INR,UPI,failed,BANK_TIMEOUT,1,10,2,614,567,0.15,TRUE,RETRY,SUCCESS,4180900,2026-08-30T10:54:50.048718
80cbc194-34d5-4be1-9979-e8682f7d8940,7f4d5c65-feab-4c22-9f3a-bc327d2da17c,4419200,INR,CARD,failed,BANK_TIMEOUT,1,17,6,828,15,0.63,TRUE,RETRY,SUCCESS,4419200,2026-08-30T20:06:50.048728
3539dc50-38ff-4448-8ec7-94e739c2ac50,a88d228f-5898-4da4-89e1-e953678649b7,3433100,INR,CARD,failed,NETWORK_ERROR,1,4,1,406,545,0.85,TRUE,RETRY,SUCCESS,3433100,2026-08-30T11:16:50.048737
05b13cbf-eebe-496a-bed3-1e233224c2b0,1dc353aa-c8ce-42f0-857b-58ceb87b8062,2215600,INR,UPI,failed,INVALID_PAYMENT_STATE,4,12,4,267,491,0.85,FALSE,NO_ACTION,FAILURE,0,2026-08-30T12:10:50.048747
caebf5e4-4577-4c33-818b-ae38a7443327,02547ff9-13b3-4ed1-8549-d0a83ac87a3e,4012900,INR,UPI,failed,NETWORK_ERROR,1,17,3,929,206,0.1,TRUE,RETRY,SUCCESS,4012900,2026-08-30T16:55:50.048756
d0d85988-53e2-4be5-8ccc-a1fd3c752855,49395973-2318-45dd-aae2-8cea3cf61dd0,920000,INR,UPI,failed,BANK_TIMEOUT,1,11,3,465,1433,0.7,TRUE,RETRY,SUCCESS,920000,2026-08-29T20:28:50.048765
09c8020e-ecac-4d6a-a483-07f919231da8,a0e9c5c7-44c4-48ac-9b70-1ba4698b2057,4328000,INR,NETBANKING,failed,INSUFFICIENT_FUNDS,1,17,4,458,7,0.89,TRUE,REMINDER,FAILURE,0,2026-08-30T20:14:50.048775
ca02d43f-0217-49f2-ae35-dac500613ec1,fdeb0fb9-3b00-4933-8758-8450de4fb063,4163500,INR,UPI,failed,BANK_TIMEOUT,2,18,3,460,667,0.64,TRUE,RETRY,SUCCESS,4163500,2026-08-30T09:14:50.048787
9545f84e-4c7c-4fd3-a888-14ba3e12c3d6,476794c4-d27b-4143-bd98-4fc034b59d35,4024600,INR,CARD,failed,NETWORK_ERROR,3,1,2,816,976,0.89,TRUE,RETRY,FAILURE,0,2026-08-30T04:05:50.048796
71b4dfd6-4255-4eac-b5bd-18ab0e013c91,2efef1d7-0058-4aee-894c-7e4c515a5e6c,2532200,INR,UPI,failed,BANK_TIMEOUT,1,20,7,101,1066,0.8,TRUE,RETRY,SUCCESS,2532200,2026-08-30T02:35:50.048806
945b493b-eb67-43a8-8740-3197f426dace,3e706bf3-f209-4045-8830-2947756b9c10,847900,INR,UPI,failed,BANK_TIMEOUT,2,12,1,997,1124,0.89,TRUE,RETRY,FAILURE,0,2026-08-30T01:37:50.048815
9ad9dff8-61d2-4bec-80a5-5ee0ea238255,9f111a11-4c67-44de-8f62-bdaae668f608,3169900,INR,CARD,failed,BANK_TIMEOUT,1,15,6,88,1352,0.66,TRUE,RETRY,FAILURE,0,2026-08-29T21:49:50.048824
f84b901f-8ca1-44fb-a13c-8c3f1736d81f,a5963925-60cd-4d61-b980-bd80020a98ec,1060100,INR,NETBANKING,failed,NETWORK_ERROR,1,8,3,619,575,0.28,TRUE,RETRY,SUCCESS,1060100,2026-08-30T10:46:50.048834
a1421f6c-e7e1-48cc-8659-15f8770f216a,3f927bc6-80b2-4602-bbdc-fa2790588c7c,4404800,INR,UPI,failed,BANK_TIMEOUT,1,15,5,111,1008,0.17,TRUE,RETRY,FAILURE,0,2026-08-30T03:33:50.048845
b0ca04e6-ebf1-43ed-8393-abf2e36870fc,1ac25061-3b16-40bf-92ac-51e7e8cb7b03,3784600,INR,CARD,failed,INSUFFICIENT_FUNDS,1,17,2,576,773,0.83,FALSE,NO_ACTION,FAILURE,0,2026-08-30T07:28:50.048856
d7fceb48-410d-4921-a0fa-e626a3dcda4e,3cf14e3f-6b97-4cdf-ad11-b0d2be3e4b71,2511100,INR,CARD,failed,CUSTOMER_ABANDONED,3,15,8,778,895,0.75,FALSE,NO_ACTION,FAILURE,0,2026-08-30T05:26:50.048866
880ce839-e30a-4354-837a-f23857d39877,9f111a11-4c67-44de-8f62-bdaae668f608,1916900,INR,UPI,failed,BANK_TIMEOUT,2,15,7,88,386,0.7,TRUE,RETRY,SUCCESS,1916900,2026-08-30T13:55:50.048876
2c1826df-d6f5-4b88-928e-d5809b4d8bc6,201ab8e9-22b7-477c-b4eb-ec68560d07bf,2063700,INR,WALLET,failed,INSUFFICIENT_FUNDS,1,11,0,661,127,0.57,FALSE,NO_ACTION,FAILURE,0,2026-08-30T18:14:50.048888
b5c6db6c-f830-4016-b5bc-414362a93b20,731ae506-554a-439c-95ad-ccc709d4dcde,2786700,INR,UPI,failed,NETWORK_ERROR,1,9,1,731,259,0.52,TRUE,RETRY,SUCCESS,2786700,2026-08-30T16:02:50.048899
b1ab4f19-02dd-45c5-9541-bcb85c2f0769,8e287bfe-3b13-4c85-8ca6-c3f3ebfeaf71,70200,INR,UPI,failed,NETWORK_ERROR,1,13,2,66,608,0.77,TRUE,RETRY,SUCCESS,70200,2026-08-30T10:13:50.048909
5ac40821-a684-4866-95f0-2acbc438972c,82bad0b3-189c-4b76-95aa-34acfde715c4,1867200,INR,UPI,failed,CUSTOMER_ABANDONED,2,1,1,74,1440,0.13,FALSE,NO_ACTION,FAILURE,0,2026-08-29T20:21:50.048919
9b16d321-f464-41bc-8468-8fea5ffb2b01,20e34c11-6ffa-40cf-80d0-720451b123d3,4522800,INR,UPI,failed,OTHER,2,19,7,902,980,0.6,FALSE,NO_ACTION,FAILURE,0,2026-08-30T04:01:50.048928
75e16e50-459b-4bd7-b8be-556100958633,55908b2d-b602-42ac-ab25-0224e47f7fcd,4624600,INR,WALLET,failed,BANK_TIMEOUT,2,2,1,286,313,0.76,TRUE,RETRY,SUCCESS,4624600,2026-08-30T15:08:50.048938
65da05f7-0a39-4d29-a80b-39399d6a2c3a,7af7a4bd-69a7-4e4e-a45e-41b9488cabb6,1485000,INR,CARD,failed,BANK_TIMEOUT,2,17,4,824,367,0.79,TRUE,RETRY,SUCCESS,1485000,2026-08-30T14:14:50.048947
4f19b837-575b-40ae-b86b-1067809e45cb,7238d400-2bec-4b0f-a311-6c1be17ded9f,4330400,INR,NETBANKING,failed,BANK_TIMEOUT,1,8,2,689,804,0.37,TRUE,RETRY,FAILURE,0,2026-08-30T06:57:50.048956
7537fcac-e9bd-42fb-87c2-f9abe4f7aea7,9745ce5f-bf8e-4e65-bb5b-05ca7725e46f,2574800,INR,UPI,failed,INSUFFICIENT_FUNDS,1,9,3,477,1427,0.84,FALSE,NO_ACTION,FAILURE,0,2026-08-29T20:34:50.048966
99a0faad-2eda-42a8-8133-3d91b32b18e7,3f7bf40d-dfc5-4bee-89fe-8dcaa4d1458c,2590600,INR,UPI,failed,NETWORK_ERROR,2,18,3,13,111,0.78,TRUE,RETRY,SUCCESS,2590600,2026-08-30T18:30:50.048975
911c753c-5545-41c2-b2fb-266b1ffd1c36,24e6a4a5-c6c3-4202-85ac-b9790cf8d18a,3792400,INR,UPI,failed,CUSTOMER_ABANDONED,1,14,0,550,297,0.27,TRUE,PAYMENT_LINK,SUCCESS,3792400,2026-08-30T15:24:50.048988
927d974f-21bd-4054-a785-236bca565010,6395a9b5-e918-49c7-ad9c-c117faba86aa,69800,INR,UPI,failed,INVALID_PAYMENT_STATE,1,4,1,563,303,0.4,FALSE,NO_ACTION,FAILURE,0,2026-08-30T15:18:50.049000
834b4529-b5e1-4bbc-bb24-7b9ba1ff93ff,bd7130d6-c25f-4e1a-8229-b183084d1b09,1112400,INR,NETBANKING,failed,BANK_TIMEOUT,3,16,4,807,368,0.86,TRUE,RETRY,SUCCESS,1112400,2026-08-30T14:13:50.049010
58189118-d04c-47a9-a6a2-80f2396f7a43,67125a90-d27e-4316-a9fb-f428bc3929ea,3898800,INR,UPI,failed,BANK_TIMEOUT,2,6,2,692,502,0.13,TRUE,RETRY,SUCCESS,3898800,2026-08-30T11:59:50.049020
8d53a8de-072f-465d-b2b8-037427ba2c0b,d90d9903-c9e3-4e62-9f40-7dd36f1fc2e4,3916900,INR,WALLET,failed,CUSTOMER_ABANDONED,1,17,6,341,1417,0.89,TRUE,PAYMENT_LINK,SUCCESS,3916900,2026-08-29T20:44:50.049030
aaa2c555-8ef5-4e43-b4e4-abb63d7813ae,7d3cb466-c44a-4b21-8f27-491c8e751701,4271800,INR,UPI,failed,INSUFFICIENT_FUNDS,1,20,2,708,24,0.2,FALSE,NO_ACTION,FAILURE,0,2026-08-30T19:57:50.049040
9f7f7d31-d395-4df5-ac5f-87908df82549,c8b22318-d2e6-4eef-9451-74fe4eb07de1,4213500,INR,CARD,failed,INSUFFICIENT_FUNDS,1,8,1,607,1174,0.89,FALSE,NO_ACTION,FAILURE,0,2026-08-30T00:47:50.049049
203b82e7-f1ba-4409-ba31-77873a0783f6,3713e628-af30-4c74-b2f7-e0c53e46941b,4894700,INR,UPI,failed,INSUFFICIENT_FUNDS,1,18,3,245,1321,0.66,FALSE,NO_ACTION,FAILURE,0,2026-08-29T22:20:50.049058
0442a4af-b77c-4c49-9b74-759af64d4540,a8d4fce0-1114-46ec-ba57-44bd1c96a582,661600,INR,UPI,failed,CUSTOMER_ABANDONED,2,17,7,952,1101,0.25,TRUE,PAYMENT_LINK,SUCCESS,661600,2026-08-30T02:00:50.049069
e5ae0657-24c3-483b-83af-b45e885d2f8b,e4d84949-9b88-425b-9a90-5b6ea090a2ec,3525400,INR,CARD,failed,INSUFFICIENT_FUNDS,1,12,2,67,1198,0.53,FALSE,NO_ACTION,FAILURE,0,2026-08-30T00:23:50.049078
e53d2af6-3c9b-420b-9fc8-9948c71892c5,6395a9b5-e918-49c7-ad9c-c117faba86aa,823200,INR,CARD,failed,BANK_TIMEOUT,1,4,1,563,241,0.24,TRUE,RETRY,SUCCESS,823200,2026-08-30T16:20:50.049089
db9e1a06-3f6a-4313-8109-05acb8e2bd19,e4d84949-9b88-425b-9a90-5b6ea090a2ec,2940900,INR,CARD,failed,BANK_TIMEOUT,1,12,2,67,423,0.62,TRUE,RETRY,SUCCESS,2940900,2026-08-30T13:18:50.049099
645bf315-db62-4dbc-a8eb-34346af705c5,999ac0e7-2ffe-40be-af80-9f633d6f974f,239400,INR,UPI,failed,BANK_TIMEOUT,1,8,1,654,1115,0.24,TRUE,RETRY,SUCCESS,239400,2026-08-30T01:46:50.049108
18582eb4-e98f-49d2-90ff-3f424f74396b,ace77ee0-fbf5-431b-9ee4-a5cd7f5f26f2,1980000,INR,UPI,failed,OTHER,3,4,3,342,601,0.63,FALSE,NO_ACTION,FAILURE,0,2026-08-30T10:20:50.049117
007e7c2e-fe77-486f-8432-594c6e07ef8d,77cb34db-5ef2-4439-8308-aa51c18fc698,3224100,INR,CARD,failed,INSUFFICIENT_FUNDS,4,20,5,213,722,0.58,FALSE,NO_ACTION,FAILURE,0,2026-08-30T08:19:50.049128
f376e20c-a38f-4f22-9299-b5a4385479e7,d90d9903-c9e3-4e62-9f40-7dd36f1fc2e4,658800,INR,CARD,failed,BANK_TIMEOUT,1,17,6,341,291,0.34,TRUE,RETRY,FAILURE,0,2026-08-30T15:30:50.049137
1008fcde-6789-4269-ac55-b1b98e044d87,4f048405-c5b7-4328-b1e7-4be51d5f5710,3628000,INR,UPI,failed,NETWORK_ERROR,1,19,7,315,1275,0.44,TRUE,RETRY,SUCCESS,3628000,2026-08-29T23:06:50.049146
4863d6ab-386f-4d67-a908-10029e033f9a,4409b2e1-e2ae-4bc2-86f8-0947c57c9996,1080300,INR,UPI,failed,BANK_TIMEOUT,1,1,0,779,872,0.85,TRUE,RETRY,SUCCESS,1080300,2026-08-30T05:49:50.049156
0f4627b5-3547-4929-aa82-c807b5c85d89,4db64df7-4847-4e9f-9ab6-ea0430157658,4811600,INR,UPI,failed,INSUFFICIENT_FUNDS,1,3,1,329,763,0.55,FALSE,NO_ACTION,FAILURE,0,2026-08-30T07:38:50.049165
e9f98fc6-2af5-415b-a5b8-e33a5ef85704,354deeac-0dd4-4aca-9c1f-2603a3d93098,3974500,INR,UPI,failed,PAYMENT_EXPIRED,1,7,2,777,889,0.4,FALSE,NO_ACTION,FAILURE,0,2026-08-30T05:32:50.049174
b3295cb7-035f-448e-8250-d6db505a9bf9,be2cbe60-d337-4d23-9375-4e09f6441ba7,518000,INR,UPI,failed,INSUFFICIENT_FUNDS,1,8,0,434,834,0.15,FALSE,NO_ACTION,FAILURE,0,2026-08-30T06:27:50.049185
d46db963-6b76-4934-b269-ded2b492f260,9b2e79fc-d47a-49f4-90c1-788354303940,2195700,INR,CARD,failed,BANK_TIMEOUT,2,5,3,225,561,0.11,TRUE,RETRY,FAILURE,0,2026-08-30T11:00:50.049195
7f251e52-f6f8-4b70-bb7f-a44509f16723,02547ff9-13b3-4ed1-8549-d0a83ac87a3e,698100,INR,CARD,failed,BANK_TIMEOUT,1,17,3,929,628,0.57,TRUE,RETRY,SUCCESS,698100,2026-08-30T09:53:50.049203
ed67ec27-5792-409a-9a25-e3d6348026e6,c5740b57-9218-4b18-bd71-cd879594021d,4600500,INR,UPI,failed,BANK_TIMEOUT,1,6,0,231,203,0.82,TRUE,RETRY,FAILURE,0,2026-08-30T16:58:50.049212
2a6d6b03-95e9-4557-837e-dbb1182bd277,42369c65-bce3-488a-aa44-d3ccb23787a3,1194000,INR,UPI,failed,CUSTOMER_ABANDONED,3,10,6,344,1089,0.54,FALSE,NO_ACTION,FAILURE,0,2026-08-30T02:12:50.049221
ff305666-870e-4919-a04f-6f94ca3364d9,bea70ddd-a290-4ef8-9099-e805e2bdbce7,3135100,INR,UPI,failed,BANK_TIMEOUT,1,18,3,21,319,0.63,TRUE,RETRY,SUCCESS,3135100,2026-08-30T15:02:50.049230
d024001e-0a1a-4c4d-8f0e-39c9ebb622fb,5174fdd5-8bde-44dc-a2de-4e63d4c4d378,356400,INR,NETBANKING,failed,INSUFFICIENT_FUNDS,1,7,2,216,511,0.64,FALSE,NO_ACTION,FAILURE,0,2026-08-30T11:50:50.049239
0d452ef6-c030-417a-b95d-02d5fd72149f,5a11493c-4681-43a7-a1ae-868b392a5dd2,1209900,INR,UPI,failed,NETWORK_ERROR,1,9,2,27,588,0.32,TRUE,RETRY,FAILURE,0,2026-08-30T10:33:50.049248
8a0884f7-7c27-43fd-9dd2-c2aa3ae6fc19,4a5eb705-7335-4420-b2cd-748ccce2ca52,1509200,INR,UPI,failed,INVALID_PAYMENT_STATE,3,13,5,130,833,0.72,FALSE,NO_ACTION,FAILURE,0,2026-08-30T06:28:50.049258
9db8f3e6-7f1b-4053-bd7a-541aebdf1e0a,7104572c-2ac0-4b0c-96cf-0ce7806c433a,530800,INR,UPI,failed,BANK_TIMEOUT,1,12,4,296,1179,0.15,TRUE,RETRY,SUCCESS,530800,2026-08-30T00:42:50.049267
f0722b11-f895-4055-a39f-bcc72951aff5,f360ff73-35ad-4153-bbf5-96bc9bf1f744,80000,INR,WALLET,failed,NETWORK_ERROR,1,7,2,462,280,0.48,TRUE,RETRY,FAILURE,0,2026-08-30T15:41:50.049279
e6e51fad-bc50-40df-b22f-d980dd021b62,7df60f4d-b9ca-47bd-ab4a-159ec25a4e13,3499100,INR,CARD,failed,NETWORK_ERROR,1,14,3,112,15,0.67,TRUE,RETRY,SUCCESS,3499100,2026-08-30T20:06:50.049288
a1a28274-ff8a-423c-84ff-604a239228a0,7e4fa3a2-74de-4b8f-bd19-b7f1d1ed7b51,4852900,INR,CARD,failed,OTHER,4,1,3,258,1082,0.65,FALSE,NO_ACTION,FAILURE,0,2026-08-30T02:19:50.049297
ba400e11-4662-42de-9555-20a70f1252c3,dca6f056-b77d-4f96-9b9f-a8079a49335f,1114400,INR,CARD,failed,INVALID_PAYMENT_STATE,1,15,5,130,461,0.24,FALSE,NO_ACTION,FAILURE,0,2026-08-30T12:40:50.049309
0ea2b81f-1172-490c-ac2f-9a8c62657f74,4f6d90a9-eb89-4609-8857-0ed7c97a7e24,3376400,INR,UPI,failed,BANK_TIMEOUT,1,7,0,254,350,0.4,TRUE,RETRY,FAILURE,0,2026-08-30T14:31:50.049318
65d70e90-5549-4d8f-b2ea-eb33bf545497,ace77ee0-fbf5-431b-9ee4-a5cd7f5f26f2,3543100,INR,NETBANKING,failed,INVALID_PAYMENT_STATE,1,4,1,342,990,0.33,FALSE,NO_ACTION,FAILURE,0,2026-08-30T03:51:50.049327
d5e4fe7d-14e0-40ba-82a7-f9d2f85b2999,e83d5608-50aa-483c-a19c-6755c52a5161,4146400,INR,UPI,failed,BANK_TIMEOUT,1,0,0,307,1317,0.0,TRUE,RETRY,FAILURE,0,2026-08-29T22:24:50.049336
191ed3c5-162f-4410-b334-8ea8891ce645,656c2a7c-b513-4063-be34-93137ec6ae52,3044600,INR,NETBANKING,failed,PAYMENT_EXPIRED,1,13,2,126,13,0.59,FALSE,NO_ACTION,FAILURE,0,2026-08-30T20:08:50.049345
5c5dba82-f70d-4359-b65c-a6a5cd89e9b8,845096a2-543f-4214-a79c-997c8a6607e7,712300,INR,UPI,failed,INVALID_PAYMENT_STATE,1,20,5,908,727,0.11,FALSE,NO_ACTION,FAILURE,0,2026-08-30T08:14:50.049354
5a416a06-a1dc-494a-a0ea-15d6af21e91f,0ee883e3-fc0b-475b-afad-d002bb106670,565300,INR,UPI,failed,INVALID_PAYMENT_STATE,1,2,0,191,999,0.11,FALSE,NO_ACTION,FAILURE,0,2026-08-30T03:42:50.049364
9350c138-34b9-4d8d-9bff-c3bd1d45c8fe,f9742233-0d7d-48bc-9837-b730b9a106df,1491700,INR,UPI,failed,NETWORK_ERROR,1,5,1,269,374,0.53,TRUE,RETRY,FAILURE,0,2026-08-30T14:07:50.049375
a600a776-1fa2-492e-a54c-0c8e6355f31f,103bd111-2c36-4756-ac29-684bb4adc6e5,2889300,INR,UPI,failed,NETWORK_ERROR,1,5,0,246,736,0.81,TRUE,RETRY,SUCCESS,2889300,2026-08-30T08:05:50.049384
dc160416-f752-4292-963b-1725c78780cd,86a1554a-1d88-4b9f-b9b9-ec2edaf658c3,273800,INR,UPI,failed,NETWORK_ERROR,1,15,1,40,65,0.23,TRUE,RETRY,SUCCESS,273800,2026-08-30T19:16:50.049393
8c7ee9ce-2b52-4d3f-a863-90a109144d27,66ef52b9-1922-4b27-be38-f9e7fec9e872,1751900,INR,UPI,failed,NETWORK_ERROR,1,9,2,511,1397,0.67,TRUE,RETRY,FAILURE,0,2026-08-29T21:04:50.049403
c83ae8bd-3b7c-4638-bbc0-bcd82253082e,4a5eb705-7335-4420-b2cd-748ccce2ca52,2630600,INR,UPI,failed,OTHER,2,13,4,130,797,0.21,TRUE,PAYMENT_LINK,FAILURE,0,2026-08-30T07:04:50.049412
527467b6-2699-44c2-adb9-9a0dda1f28cc,a8d4fce0-1114-46ec-ba57-44bd1c96a582,1029300,INR,UPI,failed,BANK_TIMEOUT,1,17,6,952,107,0.64,TRUE,RETRY,FAILURE,0,2026-08-30T18:34:50.049421
91b65a18-6cf0-483f-a3ff-636ab2b46ca7,e83d5608-50aa-483c-a19c-6755c52a5161,62600,INR,UPI,failed,BANK_TIMEOUT,1,0,0,307,879,0.0,TRUE,RETRY,SUCCESS,62600,2026-08-30T05:42:50.049430
6e84cccf-c51b-438a-a3dd-dc8a49876d81,354deeac-0dd4-4aca-9c1f-2603a3d93098,1234600,INR,UPI,failed,CUSTOMER_ABANDONED,2,7,3,777,1436,0.3,TRUE,PAYMENT_LINK,SUCCESS,1234600,2026-08-29T20:25:50.049439
607d1aeb-5b90-47ac-80ac-0c4781d0815d,20c6d2d4-3c68-4ec9-9f45-31a150767c88,685400,INR,CARD,failed,INSUFFICIENT_FUNDS,1,18,2,989,1211,0.6,FALSE,NO_ACTION,FAILURE,0,2026-08-30T00:10:50.049449
9d65d5e0-ec2e-48a3-95dd-be009d64722c,e5ef5569-e153-4cc6-836f-8868cf6a97c0,877000,INR,UPI,failed,BANK_TIMEOUT,1,15,7,132,300,0.44,TRUE,RETRY,SUCCESS,877000,2026-08-30T15:21:50.049458
9a47fb11-57c7-4788-9d10-8fd659874749,4230e472-46fe-4437-8bc6-c24808c41d0f,2502600,INR,UPI,failed,NETWORK_ERROR,1,5,1,651,474,0.28,TRUE,RETRY,SUCCESS,2502600,2026-08-30T12:27:50.049487
649a8a85-6377-4138-8431-d58779188934,66982ecf-20f6-44a1-9469-269f083a6b63,4229600,INR,UPI,failed,BANK_TIMEOUT,1,14,1,139,719,0.67,TRUE,RETRY,FAILURE,0,2026-08-30T08:22:50.049496
26d32c1e-d4d9-40a2-96bc-c657dfd32287,77192f45-c6d7-4620-819c-0e1230dbd304,277900,INR,UPI,failed,CUSTOMER_ABANDONED,1,14,1,803,585,0.48,TRUE,PAYMENT_LINK,SUCCESS,277900,2026-08-30T10:36:50.049507
7ec670a7-52a7-4ca0-b0b3-7f5ba619b93e,eccc6c87-6d8e-49e4-b44b-109a29274ccb,1663200,INR,NETBANKING,failed,NETWORK_ERROR,1,17,5,714,199,0.64,TRUE,RETRY,FAILURE,0,2026-08-30T17:02:50.049516
7792e2f3-4608-418e-bbb4-6845ebaddfa3,47e5b315-f681-454b-bfd4-603638858be5,2180600,INR,UPI,failed,PAYMENT_EXPIRED,2,20,4,409,1207,0.52,FALSE,NO_ACTION,FAILURE,0,2026-08-30T00:14:50.049525
be19ff70-3c15-490e-955f-6b1777209521,4409b2e1-e2ae-4bc2-86f8-0947c57c9996,1818400,INR,UPI,failed,NETWORK_ERROR,2,1,1,779,268,0.6,TRUE,RETRY,SUCCESS,1818400,2026-08-30T15:53:50.049535
3f830362-c2bc-445f-955c-9ef41767f07a,5c83dfff-7878-4e5b-b124-5039994af805,4298300,INR,CARD,failed,BANK_TIMEOUT,1,17,6,667,203,0.16,TRUE,RETRY,SUCCESS,4298300,2026-08-30T16:58:50.049544
2e39b13d-51a9-4b5d-847c-c426fd270c17,3cf14e3f-6b97-4cdf-ad11-b0d2be3e4b71,3117700,INR,WALLET,failed,BANK_TIMEOUT,2,15,7,778,90,0.2,TRUE,RETRY,SUCCESS,3117700,2026-08-30T18:51:50.049553
bd1494bb-a329-4351-b777-094fe83aa846,0cef5ba8-f24e-4cba-996d-de3c2efe26ba,4986500,INR,NETBANKING,failed,OTHER,3,16,4,803,750,0.46,FALSE,NO_ACTION,FAILURE,0,2026-08-30T07:51:50.049563
04e9d45c-119c-452f-8645-3fe3ae5d3384,50f7a29f-4094-4bd2-912e-f0fd728bc34c,2868100,INR,UPI,failed,NETWORK_ERROR,3,3,3,102,1032,0.73,FALSE,NO_ACTION,FAILURE,0,2026-08-30T03:09:50.049572
49438ade-fdc4-4c97-a8ea-414bf39a3d82,d72d3ef5-51e5-459c-99bd-94e0ed618826,4575900,INR,WALLET,failed,BANK_TIMEOUT,3,5,4,1000,125,0.74,TRUE,RETRY,SUCCESS,4575900,2026-08-30T18:16:50.049583
0c815b00-714f-4f6f-8313-fecf636cd079,f0146588-b51a-4a5a-881f-7da8993287b8,3254200,INR,CARD,failed,INVALID_PAYMENT_STATE,3,14,4,556,339,0.45,FALSE,NO_ACTION,FAILURE,0,2026-08-30T14:42:50.049592
177f1690-2fd0-4a0a-90bf-a46a733e17a8,50813081-aa3d-4c6a-8e95-58871b7527f1,2567500,INR,UPI,failed,BANK_TIMEOUT,1,9,0,972,328,0.56,TRUE,RETRY,SUCCESS,2567500,2026-08-30T14:53:50.049601
365c4f33-cce7-4330-a13d-b63b7fae5698,8aaef694-594e-4cfb-bfd5-e71c6b830733,3370600,INR,UPI,failed,CUSTOMER_ABANDONED,1,11,4,99,622,0.78,TRUE,PAYMENT_LINK,SUCCESS,3370600,2026-08-30T09:59:50.049612
fd335cb2-e404-4caa-a83b-f96752446e88,cf9039f2-a881-44b4-8a5b-40edc3f55ddf,1131300,INR,UPI,failed,INSUFFICIENT_FUNDS,1,17,6,779,1310,0.22,FALSE,NO_ACTION,FAILURE,0,2026-08-29T22:31:50.049622
1bf268c6-0062-40f1-a2d9-47f9dfbd995a,2933552a-f365-4cf1-8fab-b12328a74f15,881400,INR,UPI,failed,CUSTOMER_ABANDONED,1,2,0,852,510,0.89,FALSE,NO_ACTION,FAILURE,0,2026-08-30T11:51:50.049631
874c2e91-0d49-49ec-9de8-ef5f7ee40ac9,9f111a11-4c67-44de-8f62-bdaae668f608,19100,INR,CARD,failed,INSUFFICIENT_FUNDS,3,15,8,88,665,0.17,FALSE,NO_ACTION,FAILURE,0,2026-08-30T09:16:50.049640
b7fed9df-4815-4a41-8136-400de5203568,fc384e99-83d2-4531-8647-e9bc42f5cc3f,1740400,INR,CARD,failed,NETWORK_ERROR,1,14,2,491,665,0.89,TRUE,RETRY,SUCCESS,1740400,2026-08-30T09:16:50.049650
2040a8a7-8e51-4e6f-9429-d6857b99c5d9,10909eed-e652-493b-a1da-2e5584eb50a9,1447000,INR,CARD,failed,BANK_TIMEOUT,1,12,2,736,33,0.53,TRUE,RETRY,FAILURE,0,2026-08-30T19:48:50.049659
507486fe-cea9-499f-8b84-6988da6ad5cd,2c26c43c-f68b-4901-839d-984485a0e9ec,3832400,INR,UPI,failed,CUSTOMER_ABANDONED,1,19,7,236,1340,0.31,FALSE,NO_ACTION,FAILURE,0,2026-08-29T22:01:50.049668
cefcf64d-cd4b-4e8e-9f1e-c5f56520354a,bf269367-5da6-4a39-b439-065fa7e521f0,3620200,INR,UPI,failed,NETWORK_ERROR,1,9,1,583,418,0.57,TRUE,RETRY,FAILURE,0,2026-08-30T13:23:50.049679
21cc4eb4-537b-44b3-9ea8-7e86d00ccd4f,75ba338f-4bef-4afd-ab7d-579445f24fcf,2933200,INR,UPI,failed,CUSTOMER_ABANDONED,1,1,0,479,982,0.17,FALSE,NO_ACTION,FAILURE,0,2026-08-30T03:59:50.049688
5a1f7661-681f-484a-ad83-f595283b38f9,eccc6c87-6d8e-49e4-b44b-109a29274ccb,1164100,INR,UPI,failed,NETWORK_ERROR,2,17,6,714,1327,0.33,TRUE,RETRY,FAILURE,0,2026-08-29T22:14:50.049697
0a7b3642-e42e-4179-821c-ddbe26e8e09e,0d45cab0-39f8-485f-93db-d505b2410550,2593400,INR,CARD,failed,BANK_TIMEOUT,1,20,9,843,874,0.3,TRUE,RETRY,FAILURE,0,2026-08-30T05:47:50.049706
b7a706fa-c9d0-4b81-842e-d9e31668af3c,c12e5219-5743-45de-818d-d22e329d453e,4756800,INR,UPI,failed,CUSTOMER_ABANDONED,2,20,3,109,1236,0.18,FALSE,NO_ACTION,FAILURE,0,2026-08-29T23:45:50.049716
a0b511a5-61a4-42ce-9fde-4c4ded74d64a,93f5f7eb-40d7-4cee-a2a3-f247fde58889,98800,INR,CARD,failed,INSUFFICIENT_FUNDS,1,11,4,115,509,0.72,FALSE,NO_ACTION,FAILURE,0,2026-08-30T11:52:50.049725
c7644777-5a0b-4bb4-9938-3deea744a76c,0b5006c6-a48f-49c7-9e65-5603ef0f91d5,3939700,INR,UPI,failed,OTHER,3,11,4,482,218,0.53,FALSE,NO_ACTION,FAILURE,0,2026-08-30T16:43:50.049738
301eaf0d-84d4-4247-8f24-a101059815c0,201ab8e9-22b7-477c-b4eb-ec68560d07bf,4646300,INR,UPI,failed,BANK_TIMEOUT,2,11,1,661,910,0.75,TRUE,RETRY,SUCCESS,4646300,2026-08-30T05:11:50.049747
1240bd75-83f0-4d8c-a061-0048c118fbb1,3ebd9f20-6be6-4b59-93af-34ee7d6c885a,376100,INR,UPI,failed,BANK_TIMEOUT,1,8,2,874,44,0.76,TRUE,RETRY,SUCCESS,376100,2026-08-30T19:37:50.049778
340fa55a-d985-4c2a-8b47-3796df83c8d4,354deeac-0dd4-4aca-9c1f-2603a3d93098,2731600,INR,UPI,failed,OTHER,1,7,2,777,875,0.41,FALSE,NO_ACTION,FAILURE,0,2026-08-30T05:46:50.049790
fa598ac0-e127-4b93-8597-aedf16762815,c2856fd8-4bcc-4438-9778-27126346aaed,1490300,INR,NETBANKING,failed,CUSTOMER_ABANDONED,1,14,2,837,231,0.49,TRUE,PAYMENT_LINK,SUCCESS,1490300,2026-08-30T16:30:50.049802
40d5eb90-d0e6-4ff0-b47b-7321e11a0493,a02b648e-bd8a-45cf-87ea-348c94f5a119,2351600,INR,UPI,failed,NETWORK_ERROR,1,3,0,807,174,0.82,TRUE,RETRY,SUCCESS,2351600,2026-08-30T17:27:50.050042
00f7d4d7-5138-4af6-b420-25302980a080,57c275ac-20a5-43cd-9bcb-7baae9787b22,2204400,INR,UPI,failed,CUSTOMER_ABANDONED,1,5,0,549,1367,0.65,FALSE,NO_ACTION,FAILURE,0,2026-08-29T21:34:50.050080
35b7a531-201a-4598-aef1-07f8102b60af,c2856fd8-4bcc-4438-9778-27126346aaed,2293100,INR,NETBANKING,failed,BANK_TIMEOUT,1,14,2,837,756,0.85,TRUE,RETRY,SUCCESS,2293100,2026-08-30T07:45:50.050094
8bab6c30-5ae6-4ef2-b212-e7b19cc0f1b9,8da87b2e-fa66-4628-a165-761c96110b47,24200,INR,NETBANKING,failed,OTHER,2,4,2,225,301,0.36,TRUE,PAYMENT_LINK,SUCCESS,24200,2026-08-30T15:20:50.050105
44a4d726-627a-48c0-8644-3f62cd7e83a4,eb2a4e10-5dff-4b77-a42c-230bf90ae6be,3145400,INR,CARD,failed,BANK_TIMEOUT,1,20,6,926,571,0.22,TRUE,RETRY,SUCCESS,3145400,2026-08-30T10:50:50.050116
de30a139-4f99-4af6-9df1-20deffa788e3,6fb6d31e-eaac-4941-a0c6-1d7f6c42096c,2533200,INR,UPI,failed,NETWORK_ERROR,1,15,0,394,848,0.58,TRUE,RETRY,SUCCESS,2533200,2026-08-30T06:13:50.050127
4cc21a45-d3ca-4d05-b5be-ba684bc0e9f7,3030c58f-a8d6-4a1a-9e27-8519335a43fc,1621500,INR,UPI,failed,INSUFFICIENT_FUNDS,1,15,0,449,1009,0.53,FALSE,NO_ACTION,FAILURE,0,2026-08-30T03:32:50.050137
0fe00b6a-6d46-4efd-92cc-192a6cff1908,766997d0-d182-4bad-b957-38f93ff6c376,557900,INR,UPI,failed,NETWORK_ERROR,1,16,3,284,1421,0.75,TRUE,RETRY,SUCCESS,557900,2026-08-29T20:40:50.050148
744fba43-afef-45ef-9a83-163ab12a3a6d,9b2e79fc-d47a-49f4-90c1-788354303940,28700,INR,UPI,failed,INVALID_PAYMENT_STATE,1,5,2,225,971,0.87,FALSE,NO_ACTION,FAILURE,0,2026-08-30T04:10:50.050158
ca595e1d-34dc-4d53-99db-11a0770d24ae,7b175984-64d5-44c9-ab44-491e6b3d66a0,2299400,INR,UPI,failed,PAYMENT_EXPIRED,2,1,1,795,286,0.34,FALSE,NO_ACTION,FAILURE,0,2026-08-30T15:35:50.050180
d07bb472-abdf-4aca-84a9-6a64eafde3d3,201ab8e9-22b7-477c-b4eb-ec68560d07bf,3624300,INR,WALLET,failed,OTHER,1,11,0,661,460,0.14,FALSE,NO_ACTION,FAILURE,0,2026-08-30T12:41:50.050191
48620229-f43f-47d3-9da1-d078104baf27,9afa39dc-ab58-4a40-876a-1b9344ff9ad3,4623400,INR,UPI,failed,CUSTOMER_ABANDONED,1,13,0,877,870,0.4,TRUE,PAYMENT_LINK,SUCCESS,4623400,2026-08-30T05:51:50.050201
112aa58c-6ed9-4cfa-9b4a-a6e308e6dea4,a7d459b3-6b35-46b5-bb0c-3137a8f8ab3b,3134900,INR,CARD,failed,INVALID_PAYMENT_STATE,1,8,2,552,749,0.21,FALSE,NO_ACTION,FAILURE,0,2026-08-30T07:52:50.050211
e626d234-fd1f-4087-9d54-2b6ecc95130c,874a6060-c809-46da-a3f7-3c3742ee0270,3740100,INR,CARD,failed,NETWORK_ERROR,2,17,2,28,963,0.69,TRUE,RETRY,SUCCESS,3740100,2026-08-30T04:18:50.050221
b3500080-0984-4792-bf30-7d1750e1cb50,277912ab-ca9c-42ed-925b-f78da767798c,3091400,INR,UPI,failed,NETWORK_ERROR,2,5,2,268,1424,0.11,TRUE,RETRY,SUCCESS,3091400,2026-08-29T20:37:50.050231
758dda30-1f88-4dc6-ae87-574dc641f7f7,7d477c86-4ecf-4f08-ad56-b8a3e8a5aab6,220400,INR,CARD,failed,BANK_TIMEOUT,1,0,0,845,812,0.0,TRUE,RETRY,SUCCESS,220400,2026-08-30T06:49:50.050240
df07759f-002f-4ac3-bbd6-8112d8405230,fc23b553-62df-4188-8b23-6d8648826a68,2987200,INR,UPI,failed,PAYMENT_EXPIRED,3,0,2,113,1028,0.34,FALSE,NO_ACTION,FAILURE,0,2026-08-30T03:13:50.050249
566b8136-27b3-4d3e-84b3-e864e0d8b74c,65704b21-f619-4109-a911-1bcbbf5a8255,1037600,INR,UPI,failed,BANK_TIMEOUT,1,1,0,570,257,0.69,TRUE,RETRY,SUCCESS,1037600,2026-08-30T16:04:50.050259
5c202f48-ffd6-4176-a272-1fac7f38e0dc,9965bb2d-f1d0-4330-b3b6-1e2b15bf2637,1213800,INR,CARD,failed,OTHER,1,4,0,83,159,0.75,TRUE,PAYMENT_LINK,SUCCESS,1213800,2026-08-30T17:42:50.050269
aee76772-1240-412f-90c4-ce8d86595b76,7d477c86-4ecf-4f08-ad56-b8a3e8a5aab6,2664800,INR,CARD,failed,BANK_TIMEOUT,2,0,1,845,1325,0.44,TRUE,RETRY,SUCCESS,2664800,2026-08-29T22:16:50.050280
8bcdcd67-7b57-4aac-92ee-e56a14a70af5,9b2e79fc-d47a-49f4-90c1-788354303940,3963000,INR,CARD,failed,NETWORK_ERROR,1,5,2,225,334,0.53,TRUE,RETRY,SUCCESS,3963000,2026-08-30T14:47:50.050290
c401d542-ec01-4fdd-96b8-46ed4808abb8,9745ce5f-bf8e-4e65-bb5b-05ca7725e46f,2035800,INR,UPI,failed,BANK_TIMEOUT,3,9,5,477,493,0.32,TRUE,RETRY,SUCCESS,2035800,2026-08-30T12:08:50.050300
1ec96a37-e62c-475a-8aa9-9ed677071355,e47d717d-08e1-4555-aef9-7740365f6e3b,3180600,INR,UPI,failed,NETWORK_ERROR,3,3,2,255,18,0.88,TRUE,RETRY,FAILURE,0,2026-08-30T20:03:50.050310
d806e8bc-587a-48f0-b3bb-0b31ac1f6f10,e4b14294-74f7-4b6d-97bd-4a66961c1e87,1287100,INR,UPI,failed,NETWORK_ERROR,1,8,1,364,266,0.66,TRUE,RETRY,SUCCESS,1287100,2026-08-30T15:55:50.050326
1d7ee10e-dddd-4e17-9063-ff73f95241f1,56470734-f20d-4ef3-9f5b-3ca8bca8bf51,3310200,INR,UPI,failed,PAYMENT_EXPIRED,1,13,0,384,1203,0.74,FALSE,NO_ACTION,FAILURE,0,2026-08-30T00:18:50.050338
4c8f4779-9ea0-478d-a8b0-d6c31dccdaf6,a63f50fc-2228-4b1a-b65a-21200cd08345,255100,INR,UPI,failed,BANK_TIMEOUT,1,7,1,222,1282,0.17,TRUE,RETRY,FAILURE,0,2026-08-29T22:59:50.050349
3c8e904f-49eb-4568-bac7-815a34e03294,b32f70c1-3271-4049-8eaf-663886b1fb42,4476000,INR,CARD,failed,CUSTOMER_ABANDONED,1,12,5,742,1028,0.51,TRUE,PAYMENT_LINK,SUCCESS,4476000,2026-08-30T03:13:50.050359
baf9457a-6669-44c5-83d3-c2f53880dc55,65704b21-f619-4109-a911-1bcbbf5a8255,2247400,INR,UPI,failed,BANK_TIMEOUT,1,1,0,570,1277,0.78,TRUE,RETRY,FAILURE,0,2026-08-29T23:04:50.050368
af1c4291-ffb4-4d71-972c-d393ec75e399,b5453ec5-2277-42dc-8b12-b55483ed9c5b,4485200,INR,UPI,failed,BANK_TIMEOUT,1,1,0,580,154,0.87,TRUE,RETRY,FAILURE,0,2026-08-30T17:47:50.050378
825c0dd3-0bf9-4d4c-8dd2-7fcc3fde5f51,44f4ecbc-dbd3-4db0-bbf2-b31f839cc068,107900,INR,UPI,failed,INVALID_PAYMENT_STATE,1,8,3,4,179,0.5,FALSE,NO_ACTION,FAILURE,0,2026-08-30T17:22:50.050391
9276ef7a-613b-4c6c-9082-7dc69c6856b6,f91551e1-4b40-4aab-9358-c35d66c59012,1947200,INR,UPI,failed,BANK_TIMEOUT,1,17,0,883,183,0.16,TRUE,RETRY,SUCCESS,1947200,2026-08-30T17:18:50.050402
e2d75824-ec82-4fe7-bd61-2ee26741c5fe,1848e09b-27e1-4e99-ad46-07955ecd6ea3,1687800,INR,CARD,failed,NETWORK_ERROR,3,10,2,664,254,0.88,TRUE,RETRY,SUCCESS,1687800,2026-08-30T16:07:50.050412
6cb1dbc6-27db-4b9f-b927-4ffff1839306,c2856fd8-4bcc-4438-9778-27126346aaed,2637500,INR,UPI,failed,INSUFFICIENT_FUNDS,1,14,2,837,903,0.39,FALSE,NO_ACTION,FAILURE,0,2026-08-30T05:18:50.050421
f65bb47e-c7b4-4d68-a2dc-629ba97184c0,3942584b-1938-4745-8eb9-174b0cb8941c,2458900,INR,UPI,failed,NETWORK_ERROR,1,17,5,948,1398,0.13,TRUE,RETRY,SUCCESS,2458900,2026-08-29T21:03:50.050431
23650e1a-aafe-487a-9238-e654cf8a77b4,7a3fe6de-f20b-4989-a305-e9948eb9bf7d,1614400,INR,CARD,failed,INSUFFICIENT_FUNDS,1,4,0,374,216,0.33,FALSE,NO_ACTION,FAILURE,0,2026-08-30T16:45:50.050441
f60a5d83-6522-4a80-aee1-cca7a263cafe,a2163c1f-c49f-4652-823d-eeaa079412cd,488200,INR,UPI,failed,INVALID_PAYMENT_STATE,1,13,2,212,715,0.47,FALSE,NO_ACTION,FAILURE,0,2026-08-30T08:26:50.050452
6433923c-a13b-4e99-a23e-2d62f3e9572a,53643074-8cf7-40b3-91d2-4866672320fd,3056400,INR,UPI,failed,BANK_TIMEOUT,1,2,0,455,813,0.71,TRUE,RETRY,SUCCESS,3056400,2026-08-30T06:48:50.050462
dcec0d2b-31ea-4426-b6da-aa4da4296d7b,6c4f21d7-90e3-49e0-8e0a-a74533ce268b,2254100,INR,WALLET,failed,NETWORK_ERROR,2,10,4,72,976,0.19,TRUE,RETRY,SUCCESS,2254100,2026-08-30T04:05:50.050472
efa3be8f-2ff2-4906-9763-14c0e2cda36a,98327b26-cadd-4b13-a456-0a476dbf1894,963600,INR,CARD,failed,NETWORK_ERROR,1,1,0,580,1232,0.72,TRUE,RETRY,FAILURE,0,2026-08-29T23:49:50.050484
27f20b00-54e4-4781-a7ab-63f08d0591f2,7a3fe6de-f20b-4989-a305-e9948eb9bf7d,2828700,INR,WALLET,failed,BANK_TIMEOUT,1,4,0,374,47,0.86,TRUE,RETRY,SUCCESS,2828700,2026-08-30T19:34:50.050497
6264f66e-1cc3-414d-befb-45925c168a7f,1a9967e0-8650-4d29-8e72-335e9937a529,1164100,INR,UPI,failed,BANK_TIMEOUT,1,1,0,564,611,0.8,TRUE,RETRY,SUCCESS,1164100,2026-08-30T10:10:50.050507
b4c6988e-9f6f-47ce-9829-73e9f29f74b9,e8ac92b8-0d01-4e8e-9fcf-f97927b9a7d7,4398500,INR,NETBANKING,failed,BANK_TIMEOUT,1,14,2,308,878,0.37,TRUE,RETRY,SUCCESS,4398500,2026-08-30T05:43:50.050517
914b37cc-b6d6-4765-aa4a-63546edf0e39,c5740b57-9218-4b18-bd71-cd879594021d,2756600,INR,UPI,failed,INSUFFICIENT_FUNDS,2,6,1,231,1427,0.45,FALSE,NO_ACTION,FAILURE,0,2026-08-29T20:34:50.050531
62fbd257-3df1-4d7d-ba87-11809dba69ef,df01a699-f8e7-4ec8-a7af-e089fff5cd99,2560200,INR,CARD,failed,INSUFFICIENT_FUNDS,2,18,9,305,407,0.16,TRUE,REMINDER,SUCCESS,2560200,2026-08-30T13:34:50.050541
30ca9647-22e5-474d-b6df-07482f20bd77,6c1a75ca-f826-4b70-924b-9667d2c4b90b,4362000,INR,WALLET,failed,OTHER,2,10,3,419,649,0.11,TRUE,PAYMENT_LINK,FAILURE,0,2026-08-30T09:32:50.050551
7c8a2eb1-ce22-4c25-acd2-e8aced5bb9f9,7040182b-cb5e-46f5-aa98-910c7af1f729,2083600,INR,UPI,failed,OTHER,1,5,1,333,1067,0.68,TRUE,PAYMENT_LINK,FAILURE,0,2026-08-30T02:34:50.050560
c6ff35ca-a843-4a90-81e9-b8947ae8575c,f996e2bf-b718-4971-ab2d-ce34d5bdce57,833900,INR,CARD,failed,INSUFFICIENT_FUNDS,1,14,0,972,75,0.27,TRUE,REMINDER,SUCCESS,833900,2026-08-30T19:06:50.050571
50e197ec-a1ca-4058-9e29-29cdb9095231,cbae46be-c596-4dd8-8ed3-69c686213356,1098500,INR,CARD,failed,BANK_TIMEOUT,1,15,0,771,392,0.88,TRUE,RETRY,SUCCESS,1098500,2026-08-30T13:49:50.050581
b035187a-4bd1-4624-8948-60fbab4b5250,6ce14a9f-415d-46c0-b858-dac4b360ef8e,2394100,INR,UPI,failed,INVALID_PAYMENT_STATE,1,3,0,550,256,0.66,FALSE,NO_ACTION,FAILURE,0,2026-08-30T16:05:50.050591
d4f13209-246b-4356-8186-2abbea3a4d44,a635ca62-1a3b-41f5-9632-1f572735441b,2723500,INR,UPI,failed,NETWORK_ERROR,1,9,0,168,1072,0.88,TRUE,RETRY,FAILURE,0,2026-08-30T02:29:50.050607
b32de1c4-73c9-496e-8389-2b851798e566,5a11493c-4681-43a7-a1ae-868b392a5dd2,2817400,INR,UPI,failed,INSUFFICIENT_FUNDS,1,9,2,27,893,0.41,FALSE,NO_ACTION,FAILURE,0,2026-08-30T05:28:50.050617
1828db56-7390-4857-9ed3-91f046c437a1,d90d9903-c9e3-4e62-9f40-7dd36f1fc2e4,4468200,INR,UPI,failed,BANK_TIMEOUT,1,17,6,341,204,0.9,TRUE,RETRY,SUCCESS,4468200,2026-08-30T16:57:50.050627
ae439374-f83b-4e7e-97e5-3c3ed386f0ae,4409b2e1-e2ae-4bc2-86f8-0947c57c9996,117600,INR,CARD,failed,NETWORK_ERROR,1,1,0,779,1278,0.84,TRUE,RETRY,SUCCESS,117600,2026-08-29T23:03:50.050637
da04d78d-6999-4f58-976f-fc1edaaf6861,f1c5c609-c857-49cc-a617-438dd9941ab3,223800,INR,CARD,failed,INVALID_PAYMENT_STATE,1,17,0,178,932,0.54,FALSE,NO_ACTION,FAILURE,0,2026-08-30T04:49:50.050647
de6b1f3c-7ddb-4ea1-a213-d9573b3080a0,f996e2bf-b718-4971-ab2d-ce34d5bdce57,3087400,INR,WALLET,failed,NETWORK_ERROR,2,14,1,972,951,0.43,TRUE,RETRY,SUCCESS,3087400,2026-08-30T04:30:50.050656
9d545854-710d-4337-8269-394e1c4979f8,56470734-f20d-4ef3-9f5b-3ca8bca8bf51,2603900,INR,UPI,failed,NETWORK_ERROR,1,13,0,384,581,0.31,TRUE,RETRY,SUCCESS,2603900,2026-08-30T10:40:50.050666
38f09dd7-744a-4d15-b2ef-e131f717c4ba,afec40f4-1d18-481d-9ab9-df40fd4956e6,2727800,INR,CARD,failed,BANK_TIMEOUT,3,8,4,130,67,0.11,TRUE,RETRY,SUCCESS,2727800,2026-08-30T19:14:50.050675
1791a6f8-6168-4f90-9ea5-0348ea52fee4,0d45cab0-39f8-485f-93db-d505b2410550,3411000,INR,CARD,failed,INSUFFICIENT_FUNDS,1,20,9,843,1172,0.89,FALSE,NO_ACTION,FAILURE,0,2026-08-30T00:49:50.050685
99669bea-213d-4126-802e-27ee009c7c59,9965bb2d-f1d0-4330-b3b6-1e2b15bf2637,1272600,INR,CARD,failed,NETWORK_ERROR,1,4,0,83,1184,0.44,TRUE,RETRY,SUCCESS,1272600,2026-08-30T00:37:50.050695
85d3955c-7311-46b2-ae72-4c72de2e8615,32a162eb-1a1f-4d06-9e8c-5cce4f06b812,1148400,INR,UPI,failed,NETWORK_ERROR,1,19,0,37,474,0.18,TRUE,RETRY,SUCCESS,1148400,2026-08-30T12:27:50.050707
96daed3d-bd61-4ab9-bc79-8591b37bb00d,60a06b02-aaf7-413c-af2b-e83aa8be2839,3790900,INR,CARD,failed,PAYMENT_EXPIRED,1,13,4,338,533,0.77,FALSE,NO_ACTION,FAILURE,0,2026-08-30T11:28:50.050716
ae991352-ad30-462e-9378-07f65ce3c54f,6c1a75ca-f826-4b70-924b-9667d2c4b90b,1345300,INR,UPI,failed,BANK_TIMEOUT,1,10,2,419,1216,0.22,TRUE,RETRY,SUCCESS,1345300,2026-08-30T00:05:50.050726
dfeb3730-0114-4631-9b33-f1996ee34fbf,9b8033e0-cf2a-4e94-ae66-3ca5d1774067,3757300,INR,UPI,failed,CUSTOMER_ABANDONED,1,1,0,94,930,0.61,FALSE,NO_ACTION,FAILURE,0,2026-08-30T04:51:50.050735
b065dd9d-d314-482e-b938-bee2c0cc2c76,14a06bc3-581a-4bc7-a4ba-a1b3596860fc,1581000,INR,CARD,failed,BANK_TIMEOUT,1,4,0,499,503,0.68,TRUE,RETRY,SUCCESS,1581000,2026-08-30T11:58:50.050745
a7060a99-2bac-442f-b743-4eb986b0f863,0e0e894a-db66-430c-877a-86a438a67d99,4330500,INR,UPI,failed,BANK_TIMEOUT,1,13,0,152,48,0.61,TRUE,RETRY,SUCCESS,4330500,2026-08-30T19:33:50.050754
a3aab319-b2da-4c13-8ef2-c5186ef62f0d,9b4bba77-cd95-41f1-84ec-f24bb3762865,3915200,INR,UPI,failed,BANK_TIMEOUT,1,12,2,930,370,0.17,TRUE,RETRY,SUCCESS,3915200,2026-08-30T14:11:50.050764
efd3ff5b-846d-4bae-a3f2-479d4fb0517f,ae94b65f-b296-4556-aecd-c98b4563ee81,1372900,INR,UPI,failed,NETWORK_ERROR,1,4,1,761,151,0.49,TRUE,RETRY,SUCCESS,1372900,2026-08-30T17:50:50.050774
06ba8917-84eb-4f35-bb8a-4cf7bb2749c7,48495c85-d5d7-423a-adbb-dd7b9c96fdcf,2469200,INR,NETBANKING,failed,INSUFFICIENT_FUNDS,1,14,6,861,330,0.24,FALSE,NO_ACTION,FAILURE,0,2026-08-30T14:51:50.050784
56283d83-9115-408f-a2e9-7a7b6fa442c8,c2784ecf-cd21-4a2a-9543-dc4341d25b20,4333100,INR,UPI,failed,INSUFFICIENT_FUNDS,1,1,0,411,703,0.89,FALSE,NO_ACTION,FAILURE,0,2026-08-30T08:38:50.050794
d71be84c-d2ea-46b9-b367-39c865712c43,ae652033-b496-4ce3-84ef-d27c433f31f1,3942100,INR,UPI,failed,BANK_TIMEOUT,2,8,1,619,250,0.25,TRUE,RETRY,SUCCESS,3942100,2026-08-30T16:11:50.050806
bf2c9bc2-e213-4280-bb30-9005592d3dc9,e05610cc-a7fa-4c4d-95ac-ce5b7d7faa85,4997000,INR,UPI,failed,INVALID_PAYMENT_STATE,1,15,3,662,445,0.12,FALSE,NO_ACTION,FAILURE,0,2026-08-30T12:56:50.050815
b2c42f8c-17c7-4a99-b878-bce3f90373e9,27dddbac-74ff-4d4a-9965-851cceffbb74,4779300,INR,CARD,failed,BANK_TIMEOUT,1,13,3,697,409,0.86,TRUE,RETRY,SUCCESS,4779300,2026-08-30T13:32:50.050825
5c217ce9-0947-4e83-a5bc-d244e68c77cd,841a2c1b-4e60-4d49-9ccc-ffd141cb56ae,3070800,INR,CARD,failed,NETWORK_ERROR,1,11,3,286,820,0.84,TRUE,RETRY,SUCCESS,3070800,2026-08-30T06:41:50.050834
8e562224-28cb-401d-9f82-8b2135848e18,ef30ceee-97ee-4ea0-b0b1-fee675c2c72c,4711500,INR,UPI,failed,NETWORK_ERROR,1,14,3,223,1204,0.35,TRUE,RETRY,FAILURE,0,2026-08-30T00:17:50.050849
73d126f2-6a4b-48d6-9d7b-cf56656be0c0,6f34eb91-f215-4c5b-8ef1-b5f73d37257d,2850700,INR,NETBANKING,failed,NETWORK_ERROR,2,13,6,477,653,0.6,TRUE,RETRY,SUCCESS,2850700,2026-08-30T09:28:50.050859
5b7bf719-1653-4e4d-b9b5-3cb2ce8ace49,1850741d-f5a5-4fc4-bc17-7ff9e79bcdb4,2322800,INR,UPI,failed,INSUFFICIENT_FUNDS,1,7,2,634,343,0.81,TRUE,REMINDER,SUCCESS,2322800,2026-08-30T14:38:50.050868
7bfa70f6-9a92-43dd-a287-6593a49058bb,4ddc5200-823d-431b-b6d7-468a6d73d98d,1933300,INR,CARD,failed,INVALID_PAYMENT_STATE,3,17,8,753,1087,0.38,FALSE,NO_ACTION,FAILURE,0,2026-08-30T02:14:50.050877
25829f3c-0fa6-4b11-80e2-d5b3d0fc816d,a64321db-0bd1-4e48-a511-35e9c9a81598,2124700,INR,UPI,failed,BANK_TIMEOUT,1,12,1,3,441,0.63,TRUE,RETRY,FAILURE,0,2026-08-30T13:00:50.050887
cf30a058-8ba5-45af-803f-130a8c9b8354,fb620218-cb5a-44d5-8a91-398ecfb320c3,73100,INR,UPI,failed,BANK_TIMEOUT,1,8,2,170,954,0.55,TRUE,RETRY,SUCCESS,73100,2026-08-30T04:27:50.050896
623fcec8-8ca3-49ae-8555-77f0e6ec3b79,7eb0d221-7157-4c50-a65d-5df9a8c4b977,2537000,INR,UPI,failed,BANK_TIMEOUT,1,10,1,581,1149,0.32,TRUE,RETRY,FAILURE,0,2026-08-30T01:12:50.050907
09e89c2b-9cc7-401e-a47b-b9c630abde9c,ddb4d83e-b10e-4519-b74f-ee362bbaeb4d,4409700,INR,UPI,failed,INVALID_PAYMENT_STATE,1,0,0,995,892,0.0,FALSE,NO_ACTION,FAILURE,0,2026-08-30T05:29:50.050918
b4b80f50-eac2-44a4-85c2-fa1c1edb19e1,667f8fa7-f84f-481e-8946-4924b67fbc9e,1308500,INR,UPI,failed,PAYMENT_EXPIRED,1,3,1,680,563,0.44,FALSE,NO_ACTION,FAILURE,0,2026-08-30T10:58:50.050927
fd5f42ae-f402-484e-b006-0f9b6f460c6f,65b27a5a-c8ee-4c6a-8006-8ef5de5470a3,3951500,INR,UPI,failed,NETWORK_ERROR,1,17,7,668,584,0.11,TRUE,RETRY,SUCCESS,3951500,2026-08-30T10:37:50.050936
fa5b234d-4027-4968-b782-3a6308853614,136cb37f-abb1-45d2-a78b-ee1702d33a00,3036200,INR,UPI,failed,PAYMENT_EXPIRED,1,3,1,755,1093,0.83,FALSE,NO_ACTION,FAILURE,0,2026-08-30T02:08:50.050946
e181456d-50e1-4db4-a1dc-48215e11ffdc,a55e7218-141b-4121-babc-7be4a213be2b,116600,INR,UPI,failed,BANK_TIMEOUT,2,16,3,193,617,0.32,TRUE,RETRY,SUCCESS,116600,2026-08-30T10:04:50.050955
9fbf7f9b-52a1-44aa-9ac1-e7bee125bcc3,e4d84949-9b88-425b-9a90-5b6ea090a2ec,2062400,INR,UPI,failed,BANK_TIMEOUT,1,12,2,67,931,0.49,TRUE,RETRY,FAILURE,0,2026-08-30T04:50:50.050965
e5077a1a-9e43-4c6c-8c16-2243c7517ab7,8051efce-2f28-4fae-a150-d14172bd932d,2460400,INR,NETBANKING,failed,BANK_TIMEOUT,1,13,6,631,22,0.21,TRUE,RETRY,FAILURE,0,2026-08-30T19:59:50.050974
82aa6234-86e4-40e4-9e14-a448b57f6bf9,674b3eb0-347e-4a47-ac1c-2b0e226397d0,2865200,INR,UPI,failed,BANK_TIMEOUT,2,20,8,325,756,0.75,TRUE,RETRY,SUCCESS,2865200,2026-08-30T07:45:50.050983
a645f170-bc54-4de0-a437-fa02c0405f5a,d90d9903-c9e3-4e62-9f40-7dd36f1fc2e4,354000,INR,UPI,failed,CUSTOMER_ABANDONED,1,17,6,341,624,0.16,TRUE,PAYMENT_LINK,SUCCESS,354000,2026-08-30T09:57:50.050995
e8e7cd43-d536-4d92-99b2-2f1e2873bcd1,93d371b0-6d83-441d-a871-ab9b2ca95ca6,2497400,INR,UPI,failed,BANK_TIMEOUT,1,12,0,810,944,0.2,TRUE,RETRY,SUCCESS,2497400,2026-08-30T04:37:50.051008
858d0abc-b668-442d-9d64-9b7ad4a1d0cf,dec77698-5218-4c87-aee2-70d6a3c1f7c8,2718500,INR,CARD,failed,CUSTOMER_ABANDONED,1,15,2,609,493,0.56,TRUE,PAYMENT_LINK,FAILURE,0,2026-08-30T12:08:50.051018
8dec8a17-9265-48d3-98e9-84b566db5355,24710801-c546-4811-8842-593dfe394097,4799700,INR,UPI,failed,BANK_TIMEOUT,2,16,3,308,170,0.38,TRUE,RETRY,SUCCESS,4799700,2026-08-30T17:31:50.051028
3f49a7e5-c7b6-458d-81ae-60ad43987e82,bcbf4e7f-6179-4ff0-a919-995f989b238f,4828600,INR,NETBANKING,failed,CUSTOMER_ABANDONED,1,15,4,775,1013,0.15,FALSE,NO_ACTION,FAILURE,0,2026-08-30T03:28:50.051038
4f4954e0-9d9e-428a-9291-5ae3da9dfebf,be2195ea-d78d-4f60-85ba-5ae40fd8e672,3078000,INR,CARD,failed,BANK_TIMEOUT,1,2,0,770,428,0.75,TRUE,RETRY,SUCCESS,3078000,2026-08-30T13:13:50.051047
9e8d0a62-71e4-43ad-8fca-dc06017bf2d5,3942584b-1938-4745-8eb9-174b0cb8941c,4993900,INR,NETBANKING,failed,CUSTOMER_ABANDONED,1,17,5,948,1034,0.18,FALSE,NO_ACTION,FAILURE,0,2026-08-30T03:07:50.051056
24a66a41-8621-4472-a3a1-391974cc4eb9,46ba47e2-47dc-4270-a76f-970ec07ff441,2393100,INR,UPI,failed,NETWORK_ERROR,1,13,2,234,416,0.72,TRUE,RETRY,SUCCESS,2393100,2026-08-30T13:25:50.051066
557176ba-8588-417c-a3b8-c7c3ff8085fc,f7e5357e-fa51-4527-8ae7-d469f32160f5,4507500,INR,UPI,failed,INVALID_PAYMENT_STATE,1,8,1,188,302,0.47,FALSE,NO_ACTION,FAILURE,0,2026-08-30T15:19:50.051075
097c1e67-b899-4fe4-975e-7459e9fad76b,93f5f7eb-40d7-4cee-a2a3-f247fde58889,1586500,INR,UPI,failed,NETWORK_ERROR,1,11,4,115,976,0.63,TRUE,RETRY,SUCCESS,1586500,2026-08-30T04:05:50.051085
78c416b0-14b3-45c9-a8ea-77d8971200a0,2933552a-f365-4cf1-8fab-b12328a74f15,3616400,INR,UPI,failed,NETWORK_ERROR,1,2,0,852,1029,0.44,TRUE,RETRY,SUCCESS,3616400,2026-08-30T03:12:50.051094
c2b84a00-467e-471f-81ea-427a5d2af7dc,1a3f5933-7318-4439-9690-75ddb528cc7e,651000,INR,UPI,failed,NETWORK_ERROR,3,16,9,476,398,0.34,TRUE,RETRY,SUCCESS,651000,2026-08-30T13:43:50.051105
d2aa27bc-d5d3-4b12-9878-a5775f77577d,57c275ac-20a5-43cd-9bcb-7baae9787b22,3990900,INR,UPI,failed,NETWORK_ERROR,1,5,0,549,1324,0.3,TRUE,RETRY,SUCCESS,3990900,2026-08-29T22:17:50.051115
dd5b6424-e9f3-4434-bc9e-b568c01a07b4,2ff8c7a7-ca7e-47c5-bdb9-2c06a136d46b,243800,INR,UPI,failed,BANK_TIMEOUT,1,12,2,491,565,0.28,TRUE,RETRY,SUCCESS,243800,2026-08-30T10:56:50.051124
90ed82a6-242c-4665-8705-2cb3709c529e,9965bb2d-f1d0-4330-b3b6-1e2b15bf2637,2584800,INR,UPI,failed,CUSTOMER_ABANDONED,2,4,1,83,550,0.5,TRUE,PAYMENT_LINK,SUCCESS,2584800,2026-08-30T11:11:50.051133
78cc4233-75d2-458b-9f4a-b968a789ca98,d1e44f10-ee7a-49cb-aab7-ee20949abe40,1897300,INR,CARD,failed,BANK_TIMEOUT,1,8,1,323,380,0.5,TRUE,RETRY,SUCCESS,1897300,2026-08-30T14:01:50.051142
81bc9ea8-f03f-45f8-9ae6-a23fa25ac285,e6778ce5-aaeb-4310-b451-2bfc09f2d5d1,4518400,INR,UPI,failed,NETWORK_ERROR,1,13,3,322,384,0.37,TRUE,RETRY,FAILURE,0,2026-08-30T13:57:50.051152
962803c6-382a-4ac7-8a9b-55a6f7c3b66f,367c9607-d1a0-4a5d-acc8-70ab77c33884,3120300,INR,UPI,failed,BANK_TIMEOUT,3,13,7,280,158,0.24,TRUE,RETRY,SUCCESS,3120300,2026-08-30T17:43:50.051161
5bf062e7-a546-4516-9f9e-1804e5e163f1,25d70699-845e-48e1-9e59-63e231f5facc,3115200,INR,UPI,failed,NETWORK_ERROR,1,2,0,626,225,0.14,TRUE,RETRY,SUCCESS,3115200,2026-08-30T16:36:50.051170
b62c2c21-fbb9-4a8e-be93-df9354179728,e704f1a5-a969-4f6d-b761-be01a4f24ad9,1506100,INR,UPI,failed,BANK_TIMEOUT,1,6,1,676,193,0.18,TRUE,RETRY,SUCCESS,1506100,2026-08-30T17:08:50.051179
ce5cb858-886f-4a10-9bcb-05c03c49136d,1fcbaa40-9e0f-4639-a737-e78d9bc71a15,4825600,INR,UPI,failed,INSUFFICIENT_FUNDS,1,2,0,252,520,0.39,FALSE,NO_ACTION,FAILURE,0,2026-08-30T11:41:50.051189
1e954603-eb88-46cb-adf2-2feeae19da93,25d70699-845e-48e1-9e59-63e231f5facc,1983500,INR,CARD,failed,INVALID_PAYMENT_STATE,2,2,1,626,1221,0.49,FALSE,NO_ACTION,FAILURE,0,2026-08-30T00:00:50.051200
a040c32e-a0a5-4946-a583-964bd7db6cd9,02d9dfb9-0274-4a5a-8a8f-24ef7d2dad30,4782400,INR,CARD,failed,BANK_TIMEOUT,1,11,2,596,452,0.63,TRUE,RETRY,SUCCESS,4782400,2026-08-30T12:49:50.051211
e7cee7c5-6536-4f5b-8d95-7e7498c3cd17,7e4fa3a2-74de-4b8f-bd19-b7f1d1ed7b51,3795200,INR,CARD,failed,OTHER,1,1,0,258,183,0.26,TRUE,PAYMENT_LINK,SUCCESS,3795200,2026-08-30T17:18:50.051221
58b9dd2c-3ebf-4dd3-a020-c587cb42a7db,d72d3ef5-51e5-459c-99bd-94e0ed618826,4118300,INR,CARD,failed,INVALID_PAYMENT_STATE,1,5,2,1000,1080,0.24,FALSE,NO_ACTION,FAILURE,0,2026-08-30T02:21:50.051231
daaac2fb-b6f2-4a49-b752-6a42a6121b48,c5740b57-9218-4b18-bd71-cd879594021d,2180500,INR,UPI,failed,NETWORK_ERROR,4,6,3,231,634,0.25,TRUE,RETRY,SUCCESS,2180500,2026-08-30T09:47:50.051240
d44cad2d-d04c-4774-a8b6-04c27bb928ee,49395973-2318-45dd-aae2-8cea3cf61dd0,4023200,INR,UPI,failed,CUSTOMER_ABANDONED,1,11,3,465,711,0.33,TRUE,PAYMENT_LINK,SUCCESS,4023200,2026-08-30T08:30:50.051249
390c3f43-e87e-4efb-b34f-aa920ea7db2c,4767b2f6-adf1-4a14-9255-897cd78dab36,974200,INR,UPI,failed,BANK_TIMEOUT,3,15,8,676,1278,0.55,FALSE,NO_ACTION,FAILURE,0,2026-08-29T23:03:50.051258
e055422f-bd01-44b3-8a79-5611dfb0e5fe,6f34eb91-f215-4c5b-8ef1-b5f73d37257d,1899100,INR,UPI,failed,BANK_TIMEOUT,1,13,5,477,446,0.33,TRUE,RETRY,SUCCESS,1899100,2026-08-30T12:55:50.051268
2445ff11-aebc-4924-ac52-b8dc3da85ab3,e6778ce5-aaeb-4310-b451-2bfc09f2d5d1,43300,INR,UPI,failed,CUSTOMER_ABANDONED,1,13,3,322,515,0.21,TRUE,PAYMENT_LINK,FAILURE,0,2026-08-30T11:46:50.051277
566cc428-44de-4884-9691-714c11aaf604,20e34c11-6ffa-40cf-80d0-720451b123d3,4370200,INR,WALLET,failed,INSUFFICIENT_FUNDS,3,19,8,902,555,0.21,FALSE,NO_ACTION,FAILURE,0,2026-08-30T11:06:50.051286
0452cf15-d1fa-4288-bb96-63ab008682eb,de5cc768-dd64-45e7-a415-7333b4bdb67e,3845300,INR,NETBANKING,failed,BANK_TIMEOUT,1,12,1,901,727,0.3,TRUE,RETRY,SUCCESS,3845300,2026-08-30T08:14:50.051297
784cba0c-974c-474d-ab52-3b53d8efdb59,a2163c1f-c49f-4652-823d-eeaa079412cd,653100,INR,NETBANKING,failed,OTHER,1,13,2,212,355,0.55,TRUE,PAYMENT_LINK,SUCCESS,653100,2026-08-30T14:26:50.051307
71518c8e-cc25-408c-b897-274bfaddb655,fe45d483-affe-4305-9e49-d88355c5b2bc,922100,INR,CARD,failed,BANK_TIMEOUT,1,2,0,677,1136,0.26,TRUE,RETRY,SUCCESS,922100,2026-08-30T01:25:50.051316
a6943599-feba-40ac-8378-d05c90cfabf3,2933552a-f365-4cf1-8fab-b12328a74f15,4127700,INR,UPI,failed,BANK_TIMEOUT,2,2,1,852,895,0.18,TRUE,RETRY,SUCCESS,4127700,2026-08-30T05:26:50.051327
6bfb10ef-6418-417f-b764-19cce087c1c4,20e34c11-6ffa-40cf-80d0-720451b123d3,4500200,INR,CARD,failed,NETWORK_ERROR,1,19,6,902,862,0.87,TRUE,RETRY,FAILURE,0,2026-08-30T05:59:50.051336
9d66922e-1642-44d3-bae5-a9761e248616,81f58424-92af-4a4d-bf37-41c7ed554876,2768500,INR,UPI,failed,BANK_TIMEOUT,3,11,6,100,497,0.56,TRUE,RETRY,SUCCESS,2768500,2026-08-30T12:04:50.051347
a5c21ea1-b5df-4dc8-b55e-695c9b9d0f1b,53643074-8cf7-40b3-91d2-4866672320fd,3716500,INR,NETBANKING,failed,BANK_TIMEOUT,2,2,1,455,258,0.42,TRUE,RETRY,FAILURE,0,2026-08-30T16:03:50.051356
88775c93-6ff5-4809-a924-004786be1252,4fe35e7a-e1c4-49b9-bd7a-b1309b5611fd,3404800,INR,UPI,failed,BANK_TIMEOUT,1,8,3,554,1331,0.19,TRUE,RETRY,FAILURE,0,2026-08-29T22:10:50.051365
d533c1f1-9351-4ee2-bd00-6720a98409b7,f3a7d249-2843-4611-a539-6ba9226fffef,3165300,INR,CARD,failed,INVALID_PAYMENT_STATE,1,19,5,427,1198,0.64,FALSE,NO_ACTION,FAILURE,0,2026-08-30T00:23:50.051374
535445ba-6b5f-4789-b0f5-939c7927db90,d7e6104f-73d6-4575-9841-64aee218e61c,4607800,INR,UPI,failed,BANK_TIMEOUT,2,5,2,251,1015,0.21,TRUE,RETRY,SUCCESS,4607800,2026-08-30T03:26:50.051384
61039ceb-f225-4daa-b59f-06c7c5c48e4c,75ba338f-4bef-4afd-ab7d-579445f24fcf,1981900,INR,CARD,failed,CUSTOMER_ABANDONED,3,1,2,479,994,0.6,FALSE,NO_ACTION,FAILURE,0,2026-08-30T03:47:50.051395
82a81fd8-0800-4b8a-beab-0ab5433088ad,1a981cd8-ff4c-40a4-8dfa-f1ada070c1ff,10200,INR,UPI,failed,INVALID_PAYMENT_STATE,1,12,5,512,507,0.26,FALSE,NO_ACTION,FAILURE,0,2026-08-30T11:54:50.051405
4e520706-b9d7-4be3-9ea5-26db55a84eca,2d033817-818e-4a5e-8c60-56f3e36c5695,3324800,INR,UPI,failed,BANK_TIMEOUT,1,17,1,241,829,0.49,TRUE,RETRY,SUCCESS,3324800,2026-08-30T06:32:50.051415
fa0192ef-8ced-45d4-bed8-e6b3372fdc13,a557a40b-c470-46f7-8b81-8d6f8b3d00f2,3592900,INR,UPI,failed,INSUFFICIENT_FUNDS,1,11,0,242,1348,0.59,FALSE,NO_ACTION,FAILURE,0,2026-08-29T21:53:50.051425
a5c84532-ff29-4131-90f0-f70c6a8b3410,1a9967e0-8650-4d29-8e72-335e9937a529,151900,INR,UPI,failed,PAYMENT_EXPIRED,1,1,0,564,350,0.51,FALSE,NO_ACTION,FAILURE,0,2026-08-30T14:31:50.051434
c14abcf2-20ef-4dc0-b76c-62e983ad15a6,a57a08d3-1754-403a-8846-fef1287929ef,3130500,INR,UPI,failed,BANK_TIMEOUT,1,7,1,692,1206,0.49,TRUE,RETRY,SUCCESS,3130500,2026-08-30T00:15:50.051443
460097a7-5c5e-467d-a7b6-417e8a6c395e,bdf92ef4-7900-4ab7-be8c-d3a8a5be0204,713400,INR,UPI,failed,PAYMENT_EXPIRED,1,15,5,763,581,0.47,FALSE,NO_ACTION,FAILURE,0,2026-08-30T10:40:50.051453
5b9e561b-9866-462c-934d-742ef0586f62,53f7672d-0dfc-493b-a941-271680250615,3814600,INR,UPI,failed,INSUFFICIENT_FUNDS,2,7,2,224,1270,0.46,FALSE,NO_ACTION,FAILURE,0,2026-08-29T23:11:50.051462
dd6031e1-34d8-4e54-8888-bd6a517077fe,845096a2-543f-4214-a79c-997c8a6607e7,922900,INR,UPI,failed,CUSTOMER_ABANDONED,1,20,5,908,325,0.39,TRUE,PAYMENT_LINK,SUCCESS,922900,2026-08-30T14:56:50.051472
9bf912f3-4589-457a-850a-c6565428af30,c5740b57-9218-4b18-bd71-cd879594021d,4638300,INR,UPI,failed,INSUFFICIENT_FUNDS,1,6,0,231,311,0.38,TRUE,REMINDER,SUCCESS,4638300,2026-08-30T15:10:50.051481
50241b61-a7bb-4603-bf3d-85c7993b1c8a,56478ee2-aeed-4b2c-b52e-11072d7ab4a6,927700,INR,UPI,failed,CUSTOMER_ABANDONED,1,8,1,801,807,0.15,TRUE,PAYMENT_LINK,SUCCESS,927700,2026-08-30T06:54:50.051492
85089e2f-daac-41da-8492-f7e83bb5cad1,7841a05d-d45c-4f38-b201-0f8e69de45e6,3980400,INR,CARD,failed,INSUFFICIENT_FUNDS,3,11,2,439,1350,0.52,FALSE,NO_ACTION,FAILURE,0,2026-08-29T21:51:50.051501
a8de02ee-817f-4da8-a6fa-a535bef069e0,6c1a75ca-f826-4b70-924b-9667d2c4b90b,3869100,INR,WALLET,failed,NETWORK_ERROR,1,10,2,419,827,0.15,TRUE,RETRY,SUCCESS,3869100,2026-08-30T06:34:50.051510
f59387a2-7904-4a5f-bf7a-ba279b160217,422c6506-0491-4cc2-882e-8a78538d5856,642600,INR,CARD,failed,NETWORK_ERROR,1,17,2,684,663,0.71,TRUE,RETRY,FAILURE,0,2026-08-30T09:18:50.051520
0851f9b9-7c78-4c23-9dfb-9451ca25a8e7,2efef1d7-0058-4aee-894c-7e4c515a5e6c,1560600,INR,UPI,failed,INVALID_PAYMENT_STATE,2,20,8,101,787,0.7,FALSE,NO_ACTION,FAILURE,0,2026-08-30T07:14:50.051529
f1cfe94f-5b06-49aa-9479-c5702f017870,cc673251-ae7e-4dbd-8aed-a97dc2e9cb58,415800,INR,CARD,failed,BANK_TIMEOUT,2,6,3,68,150,0.45,TRUE,RETRY,SUCCESS,415800,2026-08-30T17:51:50.051539
dcfc6362-19f3-41c4-8318-09e0514971c5,005b8efd-fee1-4278-8995-5c6c60b60ce6,1150700,INR,UPI,failed,CUSTOMER_ABANDONED,1,14,3,748,1306,0.56,FALSE,NO_ACTION,FAILURE,0,2026-08-29T22:35:50.051548
2b27ed5f-7a23-4609-a807-5f181faf4994,2c4263fc-2944-4440-b32d-d7b651cd238b,3228400,INR,UPI,failed,BANK_TIMEOUT,1,13,3,565,332,0.45,TRUE,RETRY,FAILURE,0,2026-08-30T14:49:50.051557
47514aa2-fb0a-483f-841b-36d8bb22161e,78df6a4e-37fe-4c66-b80a-5ca9fb2dfd10,3824900,INR,UPI,failed,OTHER,1,16,2,480,69,0.75,TRUE,PAYMENT_LINK,SUCCESS,3824900,2026-08-30T19:12:50.051566
21ab1490-d49f-415a-8117-feb399e4f044,422c3f69-dea6-4548-86e0-78eb25ca7100,3734300,INR,UPI,failed,BANK_TIMEOUT,1,13,3,400,1316,0.52,TRUE,RETRY,SUCCESS,3734300,2026-08-29T22:25:50.051576
529351c7-65d8-4c4a-8632-5c49a2928dd1,320a6e9e-463c-459f-a957-0ce98929794f,3114600,INR,UPI,failed,NETWORK_ERROR,2,20,5,310,283,0.74,TRUE,RETRY,SUCCESS,3114600,2026-08-30T15:38:50.051587
1f97bcbc-ecda-4272-917e-51e3d30b6179,4fe35e7a-e1c4-49b9-bd7a-b1309b5611fd,474400,INR,UPI,failed,BANK_TIMEOUT,1,8,3,554,207,0.19,TRUE,RETRY,SUCCESS,474400,2026-08-30T16:54:50.051596
453fef1c-8aad-4d52-86ea-553a63eecf1a,8cfb9042-b266-444b-a06d-bd04cfbe1337,157700,INR,UPI,failed,OTHER,3,12,5,309,515,0.41,FALSE,NO_ACTION,FAILURE,0,2026-08-30T11:46:50.051605
5145a999-2806-43eb-a18a-181b4baff0a1,c41aef91-b990-4bce-b962-f3b425bbcd9e,1044500,INR,WALLET,failed,BANK_TIMEOUT,1,4,1,880,1061,0.85,TRUE,RETRY,SUCCESS,1044500,2026-08-30T02:40:50.051614
be410137-bfee-4173-bacd-1521da08aa72,5449b9e1-1b7d-49de-bd32-25ef51625d99,3587800,INR,CARD,failed,BANK_TIMEOUT,1,10,4,225,539,0.62,TRUE,RETRY,SUCCESS,3587800,2026-08-30T11:22:50.051623
8284050c-628f-401e-8096-9d953d117f52,a57a08d3-1754-403a-8846-fef1287929ef,2202400,INR,NETBANKING,failed,BANK_TIMEOUT,1,7,1,692,676,0.84,TRUE,RETRY,FAILURE,0,2026-08-30T09:05:50.051632
2d650e2e-de3d-432f-9c93-63adae502fc2,faa23153-ad6b-43ce-85e9-fd5b4741df00,3244500,INR,UPI,failed,OTHER,3,8,2,138,1440,0.77,FALSE,NO_ACTION,FAILURE,0,2026-08-29T20:21:50.051664
6da2bc66-59a4-4f89-8707-5783b47cc23d,a07f4271-5abf-4511-9e91-7395b8361dd0,473700,INR,NETBANKING,failed,INSUFFICIENT_FUNDS,1,7,2,975,166,0.81,FALSE,NO_ACTION,FAILURE,0,2026-08-30T17:35:50.051684
efa3296c-01c0-464b-afc5-c0e18dc11220,47e5b315-f681-454b-bfd4-603638858be5,1782800,INR,CARD,failed,BANK_TIMEOUT,1,20,3,409,462,0.62,TRUE,RETRY,SUCCESS,1782800,2026-08-30T12:39:50.051696
7825ec5b-c3a9-4d6c-a67a-24b3fe49c8ac,35103ec1-9abb-45fa-943f-1dd0f4fce9cb,1502600,INR,UPI,failed,BANK_TIMEOUT,2,11,3,703,402,0.53,TRUE,RETRY,SUCCESS,1502600,2026-08-30T13:39:50.051707
f754aaa5-0a43-47b7-837b-1fddf0b3c0d9,e83d5608-50aa-483c-a19c-6755c52a5161,128500,INR,UPI,failed,BANK_TIMEOUT,2,0,1,307,1425,0.2,TRUE,RETRY,SUCCESS,128500,2026-08-29T20:36:50.051718
1e0af23f-6fb9-42a6-ab8b-651a5b905211,9f111a11-4c67-44de-8f62-bdaae668f608,2880100,INR,UPI,failed,INSUFFICIENT_FUNDS,3,15,8,88,721,0.25,FALSE,NO_ACTION,FAILURE,0,2026-08-30T08:20:50.051728
d026d32c-b826-48cd-b370-d8c2e25f7743,5449b9e1-1b7d-49de-bd32-25ef51625d99,1570800,INR,UPI,failed,INSUFFICIENT_FUNDS,1,10,4,225,1099,0.55,FALSE,NO_ACTION,FAILURE,0,2026-08-30T02:02:50.051737
9cd89a4f-f85c-4c27-88af-0b347242b2d8,718f11a5-949e-472e-8950-5d8beb144de8,4727400,INR,UPI,failed,BANK_TIMEOUT,1,17,3,666,899,0.24,TRUE,RETRY,SUCCESS,4727400,2026-08-30T05:22:50.051747
a5c2bcc4-c8b3-45b4-ad63-d2077f9c75f5,da8978dc-c692-494c-85f1-3ee69c5aeef5,1610600,INR,WALLET,failed,BANK_TIMEOUT,1,20,6,997,1347,0.2,TRUE,RETRY,SUCCESS,1610600,2026-08-29T21:54:50.051756
49bb201e-a8d0-49b5-9521-675fd5ee6ef5,9b4920b9-8e36-4197-ad4a-2f153c23fa28,1359100,INR,UPI,failed,CUSTOMER_ABANDONED,1,4,1,715,452,0.45,TRUE,PAYMENT_LINK,SUCCESS,1359100,2026-08-30T12:49:50.051766
3d2ba2ef-8acf-4149-a515-16c715bc7ff6,7b93e5df-a169-4719-9af9-6bbbcedda3c7,1928100,INR,NETBANKING,failed,BANK_TIMEOUT,2,1,1,989,654,0.66,TRUE,RETRY,SUCCESS,1928100,2026-08-30T09:27:50.051777
b88bec44-6636-4c8b-9c46-c63e49ca2fd6,afb854f3-eb57-4094-948e-ca12fddcde8c,2702400,INR,CARD,failed,INSUFFICIENT_FUNDS,1,19,1,330,417,0.83,TRUE,REMINDER,SUCCESS,2702400,2026-08-30T13:24:50.051786
9c86473e-70f3-4e92-bd2d-ec45157e2769,e6778ce5-aaeb-4310-b451-2bfc09f2d5d1,4872100,INR,UPI,failed,BANK_TIMEOUT,2,13,4,322,291,0.13,TRUE,RETRY,SUCCESS,4872100,2026-08-30T15:30:50.051796
271d540c-bab1-40c4-a1d6-579692826df1,cef4f0e3-8bd2-4c73-ba6a-a2a1b7ba97d8,2983700,INR,WALLET,failed,BANK_TIMEOUT,2,9,1,468,554,0.32,TRUE,RETRY,FAILURE,0,2026-08-30T11:07:50.051805
3046cfcc-9670-4082-853b-860fe31d36d6,5607b60d-6ee3-4c29-82d2-222b25e48359,401300,INR,UPI,failed,INSUFFICIENT_FUNDS,1,12,3,395,784,0.41,FALSE,NO_ACTION,FAILURE,0,2026-08-30T07:17:50.051816
a635917b-d5c6-4db0-958e-ca6e507e6842,6b3fd0f4-3c9c-4752-ac39-ca80340748bb,2495900,INR,UPI,failed,NETWORK_ERROR,1,18,5,430,625,0.13,TRUE,RETRY,FAILURE,0,2026-08-30T09:56:50.051826
59d81381-3c7d-4680-85ee-9b2b4c6ddcd2,7ff02b8f-3220-4da4-8134-bfff13f523b0,3999400,INR,CARD,failed,NETWORK_ERROR,2,16,5,465,538,0.75,TRUE,RETRY,FAILURE,0,2026-08-30T11:23:50.051835
9d11e594-3e65-4d59-af78-d120289c60f3,db93aa4c-35e1-4857-8053-2d1829272b85,4766500,INR,CARD,failed,NETWORK_ERROR,1,5,1,813,117,0.75,TRUE,RETRY,FAILURE,0,2026-08-30T18:24:50.051845
133730ff-c4d9-49fa-b69b-1dcc14993925,1ac25061-3b16-40bf-92ac-51e7e8cb7b03,4453100,INR,UPI,failed,OTHER,1,17,2,576,869,0.56,FALSE,NO_ACTION,FAILURE,0,2026-08-30T05:52:50.051854
a3bd44da-162a-488e-9f90-7c01ae059e21,02d9dfb9-0274-4a5a-8a8f-24ef7d2dad30,1714500,INR,UPI,failed,NETWORK_ERROR,2,11,3,596,488,0.21,TRUE,RETRY,FAILURE,0,2026-08-30T12:13:50.051865
260a9c03-abd7-401a-8f6c-ff9de0305a6a,d72d3ef5-51e5-459c-99bd-94e0ed618826,570500,INR,WALLET,failed,CUSTOMER_ABANDONED,1,5,2,1000,1170,0.42,FALSE,NO_ACTION,FAILURE,0,2026-08-30T00:51:50.051877
153f47b0-0db7-48a4-b851-aeedf68bcf9a,9b2e79fc-d47a-49f4-90c1-788354303940,1771200,INR,CARD,failed,CUSTOMER_ABANDONED,2,5,3,225,1246,0.11,FALSE,NO_ACTION,FAILURE,0,2026-08-29T23:35:50.051889
28131420-03bd-4ee2-ac42-08466bc3864f,4310cc23-cc34-4247-b275-bc06aeb7403e,2113600,INR,CARD,failed,PAYMENT_EXPIRED,1,3,0,231,36,0.45,FALSE,NO_ACTION,FAILURE,0,2026-08-30T19:45:50.051898
261e5080-3aae-4887-b5bd-54168207939c,37471316-8d23-49d3-b223-11a0dd03f95b,3157000,INR,CARD,failed,INSUFFICIENT_FUNDS,1,4,1,250,1187,0.85,FALSE,NO_ACTION,FAILURE,0,2026-08-30T00:34:50.051908
002411cd-d0b4-4de5-ac22-820ea37d7292,aeeef159-9918-4623-80c2-f4cae8d64106,3623900,INR,UPI,failed,BANK_TIMEOUT,1,14,0,506,566,0.31,TRUE,RETRY,SUCCESS,3623900,2026-08-30T10:55:50.051920
0eac442e-4b21-4ec8-8c64-3dd80a6ebf3b,df4aa70e-4aa7-4aa4-8268-aec6d0bbdfc8,972700,INR,NETBANKING,failed,CUSTOMER_ABANDONED,1,7,0,870,1341,0.13,TRUE,PAYMENT_LINK,FAILURE,0,2026-08-29T22:00:50.051929
a10244a3-7875-4017-b4c3-c6bf7527ca83,fe45d483-affe-4305-9e49-d88355c5b2bc,2089600,INR,UPI,failed,CUSTOMER_ABANDONED,1,2,0,677,531,0.88,FALSE,NO_ACTION,FAILURE,0,2026-08-30T11:30:50.051938
b519502d-f114-47e8-a72b-d00e28e2c9a4,e49f91a9-fd11-46f7-ab6f-afc54510f1a0,2325600,INR,UPI,failed,BANK_TIMEOUT,1,1,0,287,224,0.16,TRUE,RETRY,SUCCESS,2325600,2026-08-30T16:37:50.051948
4a049fd8-7ab1-47aa-8751-e7059c5d6e55,707621fe-c060-4738-900c-0dc8e4643939,1347200,INR,UPI,failed,NETWORK_ERROR,2,17,2,110,852,0.16,TRUE,RETRY,SUCCESS,1347200,2026-08-30T06:09:50.051957
64281b86-c7e2-4146-a1ef-68ca3a8384e1,e0ecc58c-ed22-486d-9687-92e310d5ce6c,2150000,INR,CARD,failed,NETWORK_ERROR,3,3,2,345,1336,0.4,TRUE,RETRY,SUCCESS,2150000,2026-08-29T22:05:50.051967
5c2d72df-5d35-43c3-972b-650a70646d08,005b8efd-fee1-4278-8995-5c6c60b60ce6,1060600,INR,UPI,failed,BANK_TIMEOUT,1,14,3,748,1211,0.12,TRUE,RETRY,FAILURE,0,2026-08-30T00:10:50.051977
1d3e41fc-ad00-4be4-97c6-4249ccd618b7,354deeac-0dd4-4aca-9c1f-2603a3d93098,4700800,INR,CARD,failed,INSUFFICIENT_FUNDS,1,7,2,777,705,0.85,FALSE,NO_ACTION,FAILURE,0,2026-08-30T08:36:50.051986
aabf27f7-f43b-430f-a136-1cb7bc12363a,f54160e0-ddf8-4d23-9c5c-330e68fa9f62,223600,INR,CARD,failed,BANK_TIMEOUT,2,13,3,3,1330,0.16,TRUE,RETRY,FAILURE,0,2026-08-29T22:11:50.051995
8cf6e253-40a6-453e-a33f-b0f7cc19d15a,88348805-460d-4203-a479-f598ca09b7c9,3715400,INR,UPI,failed,INSUFFICIENT_FUNDS,1,2,0,903,857,0.53,FALSE,NO_ACTION,FAILURE,0,2026-08-30T06:04:50.052004
c0059544-6fd1-4894-adb1-a0476bda5bd8,8350e754-4034-464a-8775-c4ec1f46e690,3468700,INR,CARD,failed,INSUFFICIENT_FUNDS,1,7,2,367,1066,0.45,FALSE,NO_ACTION,FAILURE,0,2026-08-30T02:35:50.052015
b4b2db69-e878-41e2-87d8-2981aff8d99b,51cc7b14-913a-4aa2-8bf5-5e432e4a4521,3779900,INR,UPI,failed,BANK_TIMEOUT,1,17,3,761,742,0.28,TRUE,RETRY,FAILURE,0,2026-08-30T07:59:50.052024
e44311ae-70a4-4a13-a846-acfec67e151b,99a70021-0636-478b-a41c-1437d7007bfa,1589700,INR,UPI,failed,OTHER,1,6,2,891,164,0.38,TRUE,PAYMENT_LINK,FAILURE,0,2026-08-30T17:37:50.052033
6a2b89de-131a-44f2-b6ad-a319967b631e,3030c58f-a8d6-4a1a-9e27-8519335a43fc,3182900,INR,CARD,failed,NETWORK_ERROR,1,15,0,449,1167,0.76,TRUE,RETRY,FAILURE,0,2026-08-30T00:54:50.052042
6bac300e-f169-4f70-b412-a51b490c91b6,7e4fa3a2-74de-4b8f-bd19-b7f1d1ed7b51,2681300,INR,CARD,failed,CUSTOMER_ABANDONED,1,1,0,258,588,0.37,FALSE,NO_ACTION,FAILURE,0,2026-08-30T10:33:50.052052
ca6b0c62-f3fc-40c3-9b0c-b47235475a4d,4ddc5200-823d-431b-b6d7-468a6d73d98d,2769200,INR,UPI,failed,BANK_TIMEOUT,1,17,6,753,406,0.82,TRUE,RETRY,SUCCESS,2769200,2026-08-30T13:35:50.052061
a9141f11-7fe6-4969-aa9f-ee34f6e760f2,e5ef5569-e153-4cc6-836f-8868cf6a97c0,2753500,INR,UPI,failed,INSUFFICIENT_FUNDS,3,15,9,132,207,0.2,FALSE,NO_ACTION,FAILURE,0,2026-08-30T16:54:50.052070
7dc2fc44-a4e7-4d19-9add-c578c9175021,c64228e0-b472-424e-a2d3-e7ed04575bbd,166800,INR,CARD,failed,OTHER,1,10,1,466,1085,0.83,TRUE,PAYMENT_LINK,SUCCESS,166800,2026-08-30T02:16:50.052079
7317d827-8983-4f89-8970-16b93faef6d6,7bd0de2c-8f9b-47f0-b115-14b0ae372e6c,4577300,INR,UPI,failed,CUSTOMER_ABANDONED,1,18,8,789,690,0.57,TRUE,PAYMENT_LINK,FAILURE,0,2026-08-30T08:51:50.052089
e2575e22-8bd3-476e-ab6a-02105eb3c5f3,d6926697-37a8-4e96-a281-58573916961b,493300,INR,CARD,failed,NETWORK_ERROR,1,11,0,855,838,0.6,TRUE,RETRY,SUCCESS,493300,2026-08-30T06:23:50.052098
129a0fc6-9e37-4354-9273-59ccd343955a,9745ce5f-bf8e-4e65-bb5b-05ca7725e46f,3136700,INR,CARD,failed,CUSTOMER_ABANDONED,2,9,4,477,1208,0.83,TRUE,PAYMENT_LINK,SUCCESS,3136700,2026-08-30T00:13:50.052109
52eae695-2210-4e7f-b8eb-7da9c0993e6e,2ff8c7a7-ca7e-47c5-bdb9-2c06a136d46b,61000,INR,UPI,failed,NETWORK_ERROR,1,12,2,491,777,0.36,TRUE,RETRY,SUCCESS,61000,2026-08-30T07:24:50.052118
330b1106-939e-43bf-ae36-cf4e1bd51330,4286b544-0e6e-4b2c-a6f5-b57d5c5c6f70,645000,INR,UPI,failed,NETWORK_ERROR,1,7,0,885,1061,0.82,TRUE,RETRY,FAILURE,0,2026-08-30T02:40:50.052127
476ddfa6-9fdc-44af-9fff-62c1e550ff5a,66982ecf-20f6-44a1-9469-269f083a6b63,1879400,INR,UPI,failed,NETWORK_ERROR,1,14,1,139,294,0.13,TRUE,RETRY,FAILURE,0,2026-08-30T15:27:50.052136
7601b9fa-479e-47d6-864d-52745dc02fe4,fd7c3cc3-14b8-4252-947f-28b9396320cc,1390700,INR,UPI,failed,BANK_TIMEOUT,2,2,1,765,644,0.18,TRUE,RETRY,SUCCESS,1390700,2026-08-30T09:37:50.052146
5d03a31d-ddf3-40cc-b4f8-cb6d9bc07d07,d72d3ef5-51e5-459c-99bd-94e0ed618826,3199200,INR,UPI,failed,INVALID_PAYMENT_STATE,1,5,2,1000,532,0.89,FALSE,NO_ACTION,FAILURE,0,2026-08-30T11:29:50.052155
29500dbe-3e7f-497c-8bb4-c7461d6f38de,9bdab5d3-bb4c-41a3-9230-c02ce326badb,1528300,INR,CARD,failed,BANK_TIMEOUT,1,15,0,157,1042,0.7,TRUE,RETRY,FAILURE,0,2026-08-30T02:59:50.052165
88e69662-e09e-4006-a55f-061b3d1b677b,0cef5ba8-f24e-4cba-996d-de3c2efe26ba,3547800,INR,UPI,failed,BANK_TIMEOUT,1,16,2,803,53,0.4,TRUE,RETRY,FAILURE,0,2026-08-30T19:28:50.052174
a1f1c3b3-cbbc-4ed2-8790-c4899ae1b232,66982ecf-20f6-44a1-9469-269f083a6b63,4807800,INR,UPI,failed,BANK_TIMEOUT,1,14,1,139,225,0.67,TRUE,RETRY,SUCCESS,4807800,2026-08-30T16:36:50.052183
94945328-8714-4d01-91ec-83ef3a93c007,a77bb881-6084-433e-9642-4dfd992ac7aa,2842800,INR,UPI,failed,BANK_TIMEOUT,1,19,0,969,571,0.69,TRUE,RETRY,SUCCESS,2842800,2026-08-30T10:50:50.052194
a68fa55b-6a95-41a5-ad93-e30e71ce5eb0,9b8033e0-cf2a-4e94-ae66-3ca5d1774067,4887600,INR,CARD,failed,CUSTOMER_ABANDONED,1,1,0,94,1039,0.37,FALSE,NO_ACTION,FAILURE,0,2026-08-30T03:02:50.052205
f2309e14-7f12-46da-9518-871ca5191270,59f160a1-e0eb-43b1-847f-5bb4ab0dd067,3370900,INR,CARD,failed,BANK_TIMEOUT,1,14,1,103,79,0.45,TRUE,RETRY,FAILURE,0,2026-08-30T19:02:50.052214
567265b4-7911-499c-8f7e-8451d5b3683b,6c4f21d7-90e3-49e0-8e0a-a74533ce268b,1257700,INR,CARD,failed,CUSTOMER_ABANDONED,2,10,4,72,73,0.86,TRUE,PAYMENT_LINK,SUCCESS,1257700,2026-08-30T19:08:50.052223
7552f76d-0256-42ad-b78f-0c076712eb93,05be7f80-c95f-440a-b33a-72732a6926b5,2475500,INR,NETBANKING,failed,BANK_TIMEOUT,1,9,3,238,963,0.22,TRUE,RETRY,SUCCESS,2475500,2026-08-30T04:18:50.052232
5b24215e-e952-4ea7-8660-d737339656e9,a02b648e-bd8a-45cf-87ea-348c94f5a119,873700,INR,UPI,failed,INVALID_PAYMENT_STATE,3,3,2,807,439,0.1,FALSE,NO_ACTION,FAILURE,0,2026-08-30T13:02:50.052242
a0586c19-65e0-4867-bed0-49f2ee66ff56,203f2a92-e138-46d1-a5d7-6af3adeab121,4015600,INR,UPI,failed,BANK_TIMEOUT,1,20,6,591,539,0.59,TRUE,RETRY,SUCCESS,4015600,2026-08-30T11:22:50.052251
64572fe6-ba9e-414a-afa3-4f392b36a7f3,c5740b57-9218-4b18-bd71-cd879594021d,3183400,INR,UPI,failed,OTHER,2,6,1,231,475,0.8,TRUE,PAYMENT_LINK,SUCCESS,3183400,2026-08-30T12:26:50.052260
a375c53a-c2c5-4be7-acca-a23711202175,4db64df7-4847-4e9f-9ab6-ea0430157658,2580300,INR,UPI,failed,INSUFFICIENT_FUNDS,1,3,1,329,449,0.19,TRUE,REMINDER,FAILURE,0,2026-08-30T12:52:50.052270
1ef61fdc-beff-4281-b277-7583563e8743,bec154e8-a1c1-4dc2-99c6-3ccc633a42fd,2759800,INR,WALLET,failed,NETWORK_ERROR,1,7,0,841,238,0.24,TRUE,RETRY,SUCCESS,2759800,2026-08-30T16:23:50.052279
130b6686-3c67-43e9-86d6-b30f04fb10fc,a07f4271-5abf-4511-9e91-7395b8361dd0,4577600,INR,UPI,failed,BANK_TIMEOUT,2,7,3,975,1002,0.58,TRUE,RETRY,SUCCESS,4577600,2026-08-30T03:39:50.052288
e4ba43d7-138a-4828-b23f-be8d4cd455bc,2a8b5c85-4b2c-48cf-8310-8deeeabaa6c4,3335800,INR,UPI,failed,INVALID_PAYMENT_STATE,1,17,7,363,1152,0.72,FALSE,NO_ACTION,FAILURE,0,2026-08-30T01:09:50.052299
5d520fe0-8f98-446c-b575-5cb66d6824d8,6c4f21d7-90e3-49e0-8e0a-a74533ce268b,2705000,INR,UPI,failed,NETWORK_ERROR,1,10,3,72,112,0.31,TRUE,RETRY,SUCCESS,2705000,2026-08-30T18:29:50.052308
b98e40e2-5cc6-4a30-9f66-e0bc35f54d82,ea0a90b2-115a-44f3-a8f1-4946d80d1be8,309000,INR,UPI,failed,NETWORK_ERROR,1,7,1,111,342,0.53,TRUE,RETRY,SUCCESS,309000,2026-08-30T14:39:50.052318
dc44d856-b6b2-4fc4-a858-e159d17d4b45,ae652033-b496-4ce3-84ef-d27c433f31f1,4012600,INR,UPI,failed,INSUFFICIENT_FUNDS,1,8,0,619,44,0.74,FALSE,NO_ACTION,FAILURE,0,2026-08-30T19:37:50.052329
bcd369b5-5b8f-498e-adca-78a3f1495ffc,b6790e29-c87e-4bed-b830-802620dc6a9b,2194200,INR,NETBANKING,failed,CUSTOMER_ABANDONED,1,1,0,508,1342,0.14,FALSE,NO_ACTION,FAILURE,0,2026-08-29T21:59:50.052338
c8090b2c-844b-4d95-8350-9bb90da2ad00,86f54dd5-a718-413c-ae50-961a873a33a7,1310400,INR,WALLET,failed,PAYMENT_EXPIRED,1,6,0,103,470,0.33,FALSE,NO_ACTION,FAILURE,0,2026-08-30T12:31:50.052347
ae663133-7dd1-4169-a004-857b5500bf3e,6aa0848f-4881-4336-b92d-00209b3215d0,2182500,INR,UPI,failed,INSUFFICIENT_FUNDS,1,14,4,913,28,0.13,FALSE,NO_ACTION,FAILURE,0,2026-08-30T19:53:50.052356
f774f52b-7d57-445e-bcd1-71ddd634be9c,e44e5edc-8128-4377-b2cb-e874550b446d,681800,INR,UPI,failed,CUSTOMER_ABANDONED,1,7,0,258,580,0.34,TRUE,PAYMENT_LINK,FAILURE,0,2026-08-30T10:41:50.052366
24c98360-fe29-44f2-a04d-851a0c0a099d,be2cbe60-d337-4d23-9375-4e09f6441ba7,231300,INR,UPI,failed,BANK_TIMEOUT,2,8,1,434,1343,0.42,TRUE,RETRY,FAILURE,0,2026-08-29T21:58:50.052381
9e15837e-31f1-43a4-9f08-56ff9206fac2,4376983c-fe19-4f66-a070-034d4031dda1,566500,INR,UPI,failed,INSUFFICIENT_FUNDS,2,7,4,342,851,0.12,FALSE,NO_ACTION,FAILURE,0,2026-08-30T06:10:50.052391
76e1b021-add7-4392-b7ed-b21163cb2d5a,afdc2f54-d715-4445-8cbc-56b260e5fa03,3974000,INR,NETBANKING,failed,BANK_TIMEOUT,1,1,0,47,802,0.26,TRUE,RETRY,SUCCESS,3974000,2026-08-30T06:59:50.052402
6b9dce03-2f0c-470f-9876-67870812e864,6c1a75ca-f826-4b70-924b-9667d2c4b90b,2796200,INR,UPI,failed,BANK_TIMEOUT,1,10,2,419,416,0.18,TRUE,RETRY,SUCCESS,2796200,2026-08-30T13:25:50.052412
9e47e6ec-3705-406a-a465-05cf6982a056,596d9769-2d8d-4cfb-a3f0-e32ea0296eac,1918600,INR,UPI,failed,BANK_TIMEOUT,1,16,3,737,571,0.49,TRUE,RETRY,SUCCESS,1918600,2026-08-30T10:50:50.052421
15cb0d6a-4c47-4115-b875-11cc46ae3768,7e4fa3a2-74de-4b8f-bd19-b7f1d1ed7b51,2516100,INR,UPI,failed,NETWORK_ERROR,1,1,0,258,764,0.71,TRUE,RETRY,SUCCESS,2516100,2026-08-30T07:37:50.052430
90be8c7c-052a-4eec-9fb7-916132e1d047,77cb34db-5ef2-4439-8308-aa51c18fc698,173100,INR,UPI,failed,BANK_TIMEOUT,1,20,2,213,1154,0.19,TRUE,RETRY,SUCCESS,173100,2026-08-30T01:07:50.052439
27086c7c-1998-4354-a17c-9970ac70d7d5,4db64df7-4847-4e9f-9ab6-ea0430157658,558100,INR,UPI,failed,BANK_TIMEOUT,2,3,2,329,1004,0.57,TRUE,RETRY,SUCCESS,558100,2026-08-30T03:37:50.052449
aee822ca-56ea-4ff6-852d-20b672d3923f,ae94b65f-b296-4556-aecd-c98b4563ee81,3113200,INR,UPI,failed,PAYMENT_EXPIRED,2,4,2,761,121,0.71,FALSE,NO_ACTION,FAILURE,0,2026-08-30T18:20:50.052458
58665745-c8dc-4fe3-bc75-ad209fdc9219,0d76b40e-90ff-41ff-b988-d1d20c055f2b,4863000,INR,UPI,failed,BANK_TIMEOUT,1,13,0,726,1158,0.58,TRUE,RETRY,SUCCESS,4863000,2026-08-30T01:03:50.052468
9eed42da-f463-4bbe-8ab0-5a802c7434d9,0bef877b-a892-40de-ae70-8508f8d6258b,4958200,INR,UPI,failed,NETWORK_ERROR,1,10,1,734,1336,0.29,TRUE,RETRY,SUCCESS,4958200,2026-08-29T22:05:50.052478
cfc6eb48-6d7c-4076-a8f1-4e8d698ecc14,e4d84949-9b88-425b-9a90-5b6ea090a2ec,4857500,INR,WALLET,failed,BANK_TIMEOUT,1,12,2,67,1433,0.16,TRUE,RETRY,SUCCESS,4857500,2026-08-29T20:28:50.052488
7de8e499-6d17-4528-982b-791ad5718064,6db5af0d-ffd6-44dd-838b-918672206368,4913000,INR,UPI,failed,BANK_TIMEOUT,2,11,3,544,233,0.13,TRUE,RETRY,SUCCESS,4913000,2026-08-30T16:28:50.052499
7b961f60-510a-4b45-98c8-78572d420bbf,efc1b5a9-fdd0-43df-8d97-6856d4f255f6,3447900,INR,UPI,failed,CUSTOMER_ABANDONED,1,2,0,480,818,0.11,FALSE,NO_ACTION,FAILURE,0,2026-08-30T06:43:50.052508
a0da6550-b3f6-4202-b8a4-c97126cb4204,841a2c1b-4e60-4d49-9ccc-ffd141cb56ae,4728200,INR,NETBANKING,failed,CUSTOMER_ABANDONED,1,11,3,286,1260,0.81,FALSE,NO_ACTION,FAILURE,0,2026-08-29T23:21:50.052517
eb27503b-a909-4151-a893-e12346e9ba5f,f7e5357e-fa51-4527-8ae7-d469f32160f5,937400,INR,UPI,failed,CUSTOMER_ABANDONED,2,8,2,188,761,0.52,FALSE,NO_ACTION,FAILURE,0,2026-08-30T07:40:50.052526
e075e4c5-8232-4959-a3a7-0709753ba621,2afb0bea-ebfb-49de-bc7e-7b11a9a2f9cd,1390300,INR,NETBANKING,failed,OTHER,2,6,1,733,278,0.23,TRUE,PAYMENT_LINK,SUCCESS,1390300,2026-08-30T15:43:50.052536
84c282b8-44a2-4cc6-b647-9ec42146fe29,6c4f21d7-90e3-49e0-8e0a-a74533ce268b,2738200,INR,UPI,failed,NETWORK_ERROR,4,10,6,72,12,0.35,TRUE,RETRY,SUCCESS,2738200,2026-08-30T20:09:50.052545
3a6a004e-71d3-4696-94fb-3e83c3701ff3,89363b5b-45a8-483d-8886-40d43186d39b,3015400,INR,UPI,failed,BANK_TIMEOUT,1,5,0,370,321,0.15,TRUE,RETRY,FAILURE,0,2026-08-30T15:00:50.052555
2c1a1590-eb5c-4728-b5f6-c24af1f16f12,a1597e6d-5104-4a58-a626-a3113a0ea545,4131000,INR,UPI,failed,BANK_TIMEOUT,1,10,0,635,873,0.57,TRUE,RETRY,SUCCESS,4131000,2026-08-30T05:48:50.052564
9fff8370-0822-402c-8c17-c9a1a03ad7ef,bea70ddd-a290-4ef8-9099-e805e2bdbce7,1679500,INR,UPI,failed,INSUFFICIENT_FUNDS,1,18,3,21,1214,0.22,FALSE,NO_ACTION,FAILURE,0,2026-08-30T00:07:50.052573
dbbc1aac-c945-42df-b2d6-b32b0a7e89c3,4286b544-0e6e-4b2c-a6f5-b57d5c5c6f70,1178600,INR,UPI,failed,BANK_TIMEOUT,2,7,1,885,1203,0.62,TRUE,RETRY,SUCCESS,1178600,2026-08-30T00:18:50.052582
1fed771d-2253-472c-b0e6-a40159aa980f,201ab8e9-22b7-477c-b4eb-ec68560d07bf,3890800,INR,CARD,failed,OTHER,2,11,1,661,1262,0.63,FALSE,NO_ACTION,FAILURE,0,2026-08-29T23:19:50.052593
8a691d49-1790-4554-a4f7-b11cb9c6826d,f91551e1-4b40-4aab-9358-c35d66c59012,27500,INR,CARD,failed,OTHER,1,17,0,883,1260,0.22,FALSE,NO_ACTION,FAILURE,0,2026-08-29T23:21:50.052604
f078eca7-4751-4265-af72-83f4a8e96b27,4fe35e7a-e1c4-49b9-bd7a-b1309b5611fd,11600,INR,UPI,failed,INVALID_PAYMENT_STATE,1,8,3,554,1048,0.75,FALSE,NO_ACTION,FAILURE,0,2026-08-30T02:53:50.052613
f69e2395-0e5c-43d9-a545-6e14802f696a,7841a05d-d45c-4f38-b201-0f8e69de45e6,2153600,INR,UPI,failed,CUSTOMER_ABANDONED,1,11,0,439,806,0.4,FALSE,NO_ACTION,FAILURE,0,2026-08-30T06:55:50.052622
2c47653a-ba84-42dc-9625-ac2935401fc1,1848e09b-27e1-4e99-ad46-07955ecd6ea3,2336400,INR,UPI,failed,INSUFFICIENT_FUNDS,1,10,0,664,1240,0.77,FALSE,NO_ACTION,FAILURE,0,2026-08-29T23:41:50.052631
f2a7af61-39fc-438b-87ca-98ac7c9d41e1,7104572c-2ac0-4b0c-96cf-0ce7806c433a,1830100,INR,CARD,failed,PAYMENT_EXPIRED,1,12,4,296,1004,0.66,FALSE,NO_ACTION,FAILURE,0,2026-08-30T03:37:50.052640
336f1c49-5771-405f-9efa-50098199895d,e5ef5569-e153-4cc6-836f-8868cf6a97c0,3666200,INR,NETBANKING,failed,CUSTOMER_ABANDONED,1,15,7,132,749,0.78,TRUE,PAYMENT_LINK,SUCCESS,3666200,2026-08-30T07:52:50.052649
2b5edc6a-8a3d-4bd7-beb6-339fc8d689d6,02d1f47d-1a74-4e1d-bc12-6b8537ecda62,1411000,INR,CARD,failed,INVALID_PAYMENT_STATE,3,2,2,28,392,0.41,FALSE,NO_ACTION,FAILURE,0,2026-08-30T13:49:50.052658
4c1ff62a-f819-47a9-981c-d5a868567949,bb953b77-8fc2-44ed-96d2-e4b5ec5c3652,79900,INR,UPI,failed,NETWORK_ERROR,1,19,8,81,1201,0.35,TRUE,RETRY,SUCCESS,79900,2026-08-30T00:20:50.052668
5f2381b0-6227-4979-aac3-0b429439c34c,2c4263fc-2944-4440-b32d-d7b651cd238b,3305100,INR,NETBANKING,failed,INSUFFICIENT_FUNDS,1,13,3,565,564,0.61,FALSE,NO_ACTION,FAILURE,0,2026-08-30T10:57:50.052677
e7596744-a3c5-4e89-a9c5-25edb432b29d,9afa39dc-ab58-4a40-876a-1b9344ff9ad3,4625400,INR,UPI,failed,INSUFFICIENT_FUNDS,3,13,2,877,63,0.79,FALSE,NO_ACTION,FAILURE,0,2026-08-30T19:18:50.052688
cd05528f-aa2c-460c-9903-83c2687e0dc5,668129fd-730d-41f6-94ee-773dc29a2fae,4153400,INR,UPI,failed,BANK_TIMEOUT,2,8,3,966,1327,0.7,TRUE,RETRY,SUCCESS,4153400,2026-08-29T22:14:50.052698
5e7eca01-7ed3-447f-b52b-e92e9d774341,a5963925-60cd-4d61-b980-bd80020a98ec,4026800,INR,NETBANKING,failed,BANK_TIMEOUT,2,8,4,619,270,0.17,TRUE,RETRY,SUCCESS,4026800,2026-08-30T15:51:50.052707
d2d3450e-2f41-4162-8ea7-de75f9f24483,54592cce-8e1e-4fc7-863e-7d535927ebe7,4187700,INR,CARD,failed,NETWORK_ERROR,2,7,1,32,569,0.89,TRUE,RETRY,SUCCESS,4187700,2026-08-30T10:52:50.052717
f312b356-72de-44e5-8266-37ad75421682,fdeb0fb9-3b00-4933-8758-8450de4fb063,2190100,INR,CARD,failed,PAYMENT_EXPIRED,1,18,2,460,347,0.82,FALSE,NO_ACTION,FAILURE,0,2026-08-30T14:34:50.052726
ce46a3b5-eaed-457b-bc11-2b1c151431fe,981a11db-ed33-462d-b59b-45219b77b1d7,3393800,INR,UPI,failed,CUSTOMER_ABANDONED,1,7,3,571,1368,0.64,FALSE,NO_ACTION,FAILURE,0,2026-08-29T21:33:50.052735
1c935164-76bd-4e96-a867-7bc750ca51d9,ecbe7fa6-1448-4278-bb5b-ac3ed48a93bc,4999200,INR,UPI,failed,CUSTOMER_ABANDONED,1,14,6,651,909,0.14,FALSE,NO_ACTION,FAILURE,0,2026-08-30T05:12:50.052745
2c67d860-7709-41b8-8e4f-da7970f43f5f,d90d9903-c9e3-4e62-9f40-7dd36f1fc2e4,3322600,INR,UPI,failed,INSUFFICIENT_FUNDS,2,17,7,341,7,0.35,TRUE,REMINDER,SUCCESS,3322600,2026-08-30T20:14:50.052754
cb471179-82a8-4fec-a342-b019d10ad955,ba36ff4a-e7ae-48ac-85f0-1b0bf2f0b780,3733500,INR,CARD,failed,BANK_TIMEOUT,3,9,5,714,181,0.19,TRUE,RETRY,SUCCESS,3733500,2026-08-30T17:20:50.052766
59b6347a-1721-4ce9-9571-d71c2d8b50c6,14a06bc3-581a-4bc7-a4ba-a1b3596860fc,2090700,INR,UPI,failed,OTHER,2,4,1,499,22,0.27,TRUE,PAYMENT_LINK,SUCCESS,2090700,2026-08-30T19:59:50.052776
01edb61e-9dfc-407e-9b7c-109628db2982,15425f68-9343-4ad5-8f25-92ca42331243,1626900,INR,UPI,failed,CUSTOMER_ABANDONED,3,15,3,785,392,0.7,FALSE,NO_ACTION,FAILURE,0,2026-08-30T13:49:50.052792
e750fb5c-7573-4ccf-af73-f58582494551,289aea26-298f-48c4-b66f-99eb02e84fe3,359500,INR,UPI,failed,BANK_TIMEOUT,1,20,4,727,1158,0.35,TRUE,RETRY,SUCCESS,359500,2026-08-30T01:03:50.052803
38682eab-c0c0-4bde-965a-309fea4e25d3,3eee5c86-b173-4842-8541-83258af747ed,1315600,INR,UPI,failed,BANK_TIMEOUT,1,2,0,292,542,0.17,TRUE,RETRY,SUCCESS,1315600,2026-08-30T11:19:50.052813
65c0064d-2a80-4fac-af12-70418ed9b297,8aed5b46-843d-4607-8efc-f3b52f6a4377,4216200,INR,UPI,failed,PAYMENT_EXPIRED,1,19,7,852,350,0.13,FALSE,NO_ACTION,FAILURE,0,2026-08-30T14:31:50.052823
a20f81ac-0f92-4e58-96ec-a66145be4890,87986907-f781-411d-b5da-cb27785ee42f,1030400,INR,UPI,failed,BANK_TIMEOUT,2,16,2,544,711,0.62,TRUE,RETRY,SUCCESS,1030400,2026-08-30T08:30:50.052832
7457fe65-9d73-4c2f-96bd-02ee07516a81,baefd991-27ca-497d-8993-80d2d102d693,4595200,INR,WALLET,failed,INSUFFICIENT_FUNDS,2,11,1,942,551,0.17,TRUE,REMINDER,SUCCESS,4595200,2026-08-30T11:10:50.052843
13d38a9d-c385-4395-98aa-181acf74c69a,29dce621-d376-4e2d-a5f0-b65eca970c94,1719400,INR,UPI,failed,BANK_TIMEOUT,1,10,0,643,382,0.48,TRUE,RETRY,SUCCESS,1719400,2026-08-30T13:59:50.052853
3e650413-be52-4aea-b109-2ebe533fdff8,c8d781c2-6645-4201-8d97-6a29f73925d9,2486600,INR,CARD,failed,OTHER,1,16,5,87,215,0.6,TRUE,PAYMENT_LINK,SUCCESS,2486600,2026-08-30T16:46:50.052862
3125f15c-a124-42e9-a0ee-5eeac337b377,341b2455-b614-4a9f-83ac-501a781ca7ca,3126200,INR,UPI,failed,INSUFFICIENT_FUNDS,1,5,1,203,734,0.35,FALSE,NO_ACTION,FAILURE,0,2026-08-30T08:07:50.052874
b3a24893-af61-4a0d-b582-ef0dffea0bb8,eb2ab78c-2fc0-4842-a0d5-b4f9cf304b4b,4938600,INR,UPI,failed,PAYMENT_EXPIRED,1,19,4,498,1180,0.66,FALSE,NO_ACTION,FAILURE,0,2026-08-30T00:41:50.052884
fe7d449f-b504-4c0a-b71b-d1525fd81de3,49cf4356-0b7f-43b7-a75a-64fd496bc7f3,1606300,INR,UPI,failed,NETWORK_ERROR,1,15,3,70,1390,0.42,TRUE,RETRY,FAILURE,0,2026-08-29T21:11:50.052895
d93a9ee2-da82-45c7-9736-6b2c086054f0,6667ab9c-3e69-44d3-bee6-75325f89c949,3332400,INR,UPI,failed,NETWORK_ERROR,1,9,4,210,1183,0.42,TRUE,RETRY,SUCCESS,3332400,2026-08-30T00:38:50.052905
2f1ab52c-f5d8-42b3-8dc9-29bc5239b098,f5515d38-7e0a-4a5f-8a41-b8c4cd6291be,1979800,INR,NETBANKING,failed,OTHER,3,1,2,425,407,0.86,FALSE,NO_ACTION,FAILURE,0,2026-08-30T13:34:50.052914
14ef8802-9cce-496d-a41b-1d528e48874a,39bfc432-faa0-4472-bc3a-9fa02f50f526,861200,INR,CARD,failed,CUSTOMER_ABANDONED,1,10,0,465,186,0.35,TRUE,PAYMENT_LINK,FAILURE,0,2026-08-30T17:15:50.052923
d06d641c-2701-4c94-b7dc-28e3bef4da05,51f9eb6a-d516-4779-bf9c-da4ef02acf0e,2605100,INR,UPI,failed,BANK_TIMEOUT,1,10,4,640,353,0.34,TRUE,RETRY,SUCCESS,2605100,2026-08-30T14:28:50.052933
7bc099d8-6542-4404-9f26-c25ddbd10cf2,800a87e6-3610-40bb-b735-acee77242cf3,2870900,INR,UPI,failed,BANK_TIMEOUT,1,18,4,291,767,0.1,TRUE,RETRY,SUCCESS,2870900,2026-08-30T07:34:50.052942
5acb0e11-62f5-454b-a877-93fe06e43dfa,16cb21a2-7f7a-4ed9-a4b6-8428813b6e2f,4510900,INR,UPI,failed,BANK_TIMEOUT,1,1,0,155,771,0.77,TRUE,RETRY,FAILURE,0,2026-08-30T07:30:50.052951
42d96a22-abf8-4d22-936d-d3377a5c0fd1,30283315-a207-4cfd-a246-7f0137dddb34,2550000,INR,UPI,failed,CUSTOMER_ABANDONED,1,0,0,360,670,0.0,TRUE,PAYMENT_LINK,FAILURE,0,2026-08-30T09:11:50.052960
57695a12-af09-4a50-9070-ccfd62e7c170,134d8c83-47d4-42fe-83e1-8258e49f0f2e,2792600,INR,UPI,failed,INSUFFICIENT_FUNDS,1,4,0,141,1372,0.69,FALSE,NO_ACTION,FAILURE,0,2026-08-29T21:29:50.052970
e4e5c1cb-6406-464c-8f70-fb603e76a6df,1dfb3ce6-eaee-4086-b2c5-d0c022d9edbc,3998000,INR,UPI,failed,BANK_TIMEOUT,1,19,0,405,1027,0.76,TRUE,RETRY,FAILURE,0,2026-08-30T03:14:50.052979
4430cff1-1020-4b4c-b204-8c0aa49f4c83,42a1b325-d32b-4edd-b645-1cf4348aef86,516300,INR,CARD,failed,BANK_TIMEOUT,1,11,5,906,433,0.34,TRUE,RETRY,SUCCESS,516300,2026-08-30T13:08:50.052990
6797f434-054b-40cf-aeea-e3ad96398ff3,eb2ab78c-2fc0-4842-a0d5-b4f9cf304b4b,2799900,INR,UPI,failed,NETWORK_ERROR,1,19,4,498,985,0.13,TRUE,RETRY,SUCCESS,2799900,2026-08-30T03:56:50.052999
a4a56f73-d1c3-463f-81ee-783886f7d803,7cbb9ce4-ca54-4e6d-8194-db2d5c06928f,2619700,INR,CARD,failed,PAYMENT_EXPIRED,1,4,0,54,170,0.38,FALSE,NO_ACTION,FAILURE,0,2026-08-30T17:31:50.053008
89b61f70-9189-4841-b1bb-f9b014c0b581,be5c16ef-50fa-4f5e-94e8-9b4a00cb9961,2660700,INR,CARD,failed,BANK_TIMEOUT,1,11,1,145,1177,0.51,TRUE,RETRY,SUCCESS,2660700,2026-08-30T00:44:50.053020
1e8541db-15c2-42fe-a059-2835319c7266,be5c16ef-50fa-4f5e-94e8-9b4a00cb9961,4402100,INR,UPI,failed,CUSTOMER_ABANDONED,1,11,1,145,530,0.69,FALSE,NO_ACTION,FAILURE,0,2026-08-30T11:31:50.053030
4d927e94-764d-45a2-b819-95e551cbbd5a,c18820a5-3b50-4a59-a592-c681dfcd4e3b,2960800,INR,UPI,failed,CUSTOMER_ABANDONED,2,9,5,245,1096,0.88,FALSE,NO_ACTION,FAILURE,0,2026-08-30T02:05:50.053039
e89fe0dc-ded2-4ea9-8e07-fb755a51d90a,2660a21c-5c9c-4fd2-bc72-044891291d66,2789100,INR,UPI,failed,NETWORK_ERROR,1,14,4,279,308,0.11,TRUE,RETRY,SUCCESS,2789100,2026-08-30T15:13:50.053048
322a26c5-1c8a-4f56-9b92-84c127a967a0,cdf002e9-f8e0-4f07-b499-fdfb48f1a81b,1305000,INR,UPI,failed,INSUFFICIENT_FUNDS,2,17,6,390,891,0.14,FALSE,NO_ACTION,FAILURE,0,2026-08-30T05:30:50.053057
864809fb-cd1b-4cb5-bdbb-c4d569fba958,d2a3d2d8-797a-4bc3-a1ab-2c11ea3661e9,3218700,INR,UPI,failed,BANK_TIMEOUT,1,0,0,996,757,0.0,TRUE,RETRY,SUCCESS,3218700,2026-08-30T07:44:50.053066
6912bc33-5192-4771-831d-cb1b99915e98,679c979b-a698-4222-8a9a-fcf183a2e93a,164200,INR,UPI,failed,BANK_TIMEOUT,1,2,0,471,36,0.46,TRUE,RETRY,SUCCESS,164200,2026-08-30T19:45:50.053075
6e1ff7de-60d1-416d-a1f2-bb14d413993d,284ab2c2-6377-48f0-bcf8-2a832775075d,2351200,INR,CARD,failed,INSUFFICIENT_FUNDS,1,4,1,72,359,0.17,FALSE,NO_ACTION,FAILURE,0,2026-08-30T14:22:50.053086
22061345-c2cc-46ec-8a6b-7332086a78a1,134d8c83-47d4-42fe-83e1-8258e49f0f2e,957900,INR,CARD,failed,NETWORK_ERROR,1,4,0,141,939,0.65,TRUE,RETRY,FAILURE,0,2026-08-30T04:42:50.053097
b2e088e9-1d1a-4d2c-854d-053a9157fa33,e9b824c6-8671-46e2-853d-bcde1fff8185,4811700,INR,CARD,failed,INSUFFICIENT_FUNDS,1,14,3,585,669,0.4,FALSE,NO_ACTION,FAILURE,0,2026-08-30T09:12:50.053107
0111655d-ab8e-46cf-a248-209ae4616d82,15425f68-9343-4ad5-8f25-92ca42331243,4189900,INR,CARD,failed,BANK_TIMEOUT,1,15,1,785,162,0.37,TRUE,RETRY,SUCCESS,4189900,2026-08-30T17:39:50.053182
bacd7caa-bd64-4f90-bb13-b72b8ee128a5,ce924000-2566-42e8-a09b-a84bbdb52d41,156600,INR,UPI,failed,CUSTOMER_ABANDONED,2,20,9,982,163,0.77,TRUE,PAYMENT_LINK,SUCCESS,156600,2026-08-30T17:38:50.053197
6f146975-e5fc-4a7d-9d73-6ffc5306da6a,ffb6acbc-4a2c-4ba5-a5a8-7de3919e8851,3751400,INR,UPI,failed,NETWORK_ERROR,1,6,2,280,500,0.66,TRUE,RETRY,SUCCESS,3751400,2026-08-30T12:01:50.053208
b81a96d4-98f6-4f38-a80a-024240fc1034,e10c1d09-0b9e-4899-929e-b2842b560220,4995400,INR,NETBANKING,failed,BANK_TIMEOUT,1,9,0,684,381,0.32,TRUE,RETRY,SUCCESS,4995400,2026-08-30T14:00:50.053218
061de456-5ad4-4a68-8708-58d3443ba8e1,5675240c-f4c8-4099-b4a9-b835c6289760,1197900,INR,CARD,failed,BANK_TIMEOUT,1,7,2,933,39,0.73,TRUE,RETRY,SUCCESS,1197900,2026-08-30T19:42:50.053228
0da81785-bdfa-4ae0-b847-9ecdc21df66c,29dce621-d376-4e2d-a5f0-b65eca970c94,3936100,INR,CARD,failed,INSUFFICIENT_FUNDS,1,10,0,643,461,0.11,FALSE,NO_ACTION,FAILURE,0,2026-08-30T12:40:50.053237
9af30aab-fa45-4af0-892f-0e60d5de3863,ac8d834c-9949-4b2a-9a77-dd9cc5cbba99,4016700,INR,UPI,failed,CUSTOMER_ABANDONED,2,19,6,839,1205,0.44,FALSE,NO_ACTION,FAILURE,0,2026-08-30T00:16:50.053248
4aab38fa-5873-4de5-9ea2-5d2e3fafae4a,a34e87eb-ba50-4055-9600-6146c289d30d,2559600,INR,UPI,failed,INSUFFICIENT_FUNDS,1,19,4,330,655,0.38,FALSE,NO_ACTION,FAILURE,0,2026-08-30T09:26:50.053260
8bcfb4c3-bd37-4378-8b44-0210df071e6e,29dce621-d376-4e2d-a5f0-b65eca970c94,4876500,INR,UPI,failed,INSUFFICIENT_FUNDS,1,10,0,643,799,0.3,FALSE,NO_ACTION,FAILURE,0,2026-08-30T07:02:50.053270
c11502a8-b346-47ed-8434-aa810ead7991,3e52015a-1a80-480b-bddf-dad333845b26,3754100,INR,WALLET,failed,INSUFFICIENT_FUNDS,1,19,1,821,708,0.17,TRUE,REMINDER,SUCCESS,3754100,2026-08-30T08:33:50.053280
ca742fa1-0c51-46a5-b8f0-36192f5cb601,d4ef9e6e-f448-4865-ad82-ebfd13f83c34,1922400,INR,CARD,failed,NETWORK_ERROR,1,13,3,590,320,0.6,TRUE,RETRY,SUCCESS,1922400,2026-08-30T15:01:50.053291
fb79996d-e0ac-4deb-bd7f-eeea0d5ae917,0d91bbf5-e845-4b70-8d64-8b96f70d2c12,2732300,INR,WALLET,failed,BANK_TIMEOUT,3,20,6,975,1140,0.7,TRUE,RETRY,SUCCESS,2732300,2026-08-30T01:21:50.053302
159833d8-3484-4446-9c53-5b61f871e2c2,08bc2155-e6b9-4cff-aa6a-977c503ce6d0,873000,INR,UPI,failed,OTHER,1,18,5,830,811,0.27,TRUE,PAYMENT_LINK,SUCCESS,873000,2026-08-30T06:50:50.053311
4ce90b88-c8ad-49df-a81f-3e371a437a62,2660a21c-5c9c-4fd2-bc72-044891291d66,1052700,INR,CARD,failed,OTHER,3,14,6,279,1127,0.43,FALSE,NO_ACTION,FAILURE,0,2026-08-30T01:34:50.053321
3867d26d-bf6f-4f7e-988e-e195cf2c599b,341b2455-b614-4a9f-83ac-501a781ca7ca,3937200,INR,UPI,failed,CUSTOMER_ABANDONED,1,5,1,203,1361,0.81,TRUE,PAYMENT_LINK,FAILURE,0,2026-08-29T21:40:50.053330
daef0af7-eacb-4a97-a8ad-4590906192c4,4efe55bb-e7e7-496a-8e0d-56197a6be8b3,3301900,INR,UPI,failed,NETWORK_ERROR,2,12,1,118,1014,0.71,TRUE,RETRY,FAILURE,0,2026-08-30T03:27:50.053340
d94cee0f-33ae-43bf-9195-367d2eae6c82,7cbb9ce4-ca54-4e6d-8194-db2d5c06928f,1174000,INR,UPI,failed,BANK_TIMEOUT,2,4,1,54,951,0.62,TRUE,RETRY,SUCCESS,1174000,2026-08-30T04:30:50.053350
be42c76b-679c-4933-bb57-a1fdc0afa5b6,1503e590-bad8-4bb4-8ed3-37cf667d0071,4290100,INR,UPI,failed,NETWORK_ERROR,1,16,4,450,60,0.6,TRUE,RETRY,SUCCESS,4290100,2026-08-30T19:21:50.053362
49761914-95bb-4573-93a6-29b105e851cd,a61d41bd-df73-48f9-b086-97aa935c2f7e,3939300,INR,UPI,failed,NETWORK_ERROR,1,8,0,952,1249,0.3,TRUE,RETRY,SUCCESS,3939300,2026-08-29T23:32:50.053372
c4b4a79b-8ca8-4c1e-afc4-a7001f04a8c1,cb382f9b-91ac-4738-a586-b046a08b2bfc,2436700,INR,UPI,failed,INSUFFICIENT_FUNDS,2,9,5,280,798,0.54,FALSE,NO_ACTION,FAILURE,0,2026-08-30T07:03:50.053381
9cbc752b-63eb-4fb5-829c-45b53698907a,34c7071a-0ab8-4ad5-84fe-bf2d534700ec,1067600,INR,UPI,failed,CUSTOMER_ABANDONED,1,5,2,429,968,0.85,TRUE,PAYMENT_LINK,SUCCESS,1067600,2026-08-30T04:13:50.053391
ada96ed9-4072-4595-81c6-c0c86ca4e9d3,679c979b-a698-4222-8a9a-fcf183a2e93a,434700,INR,NETBANKING,failed,BANK_TIMEOUT,1,2,0,471,502,0.65,TRUE,RETRY,SUCCESS,434700,2026-08-30T11:59:50.053401
912a3787-705f-47e1-80b8-cac81c0e956d,2660a21c-5c9c-4fd2-bc72-044891291d66,3033800,INR,UPI,failed,BANK_TIMEOUT,1,14,4,279,679,0.8,TRUE,RETRY,SUCCESS,3033800,2026-08-30T09:02:50.053410
b7768d4a-45ae-470a-8fbf-d677e4044e6d,15425f68-9343-4ad5-8f25-92ca42331243,467700,INR,UPI,failed,BANK_TIMEOUT,1,15,1,785,1065,0.9,TRUE,RETRY,SUCCESS,467700,2026-08-30T02:36:50.053420
282e8b4e-ecc6-4052-97ff-2b7dfcde5db9,341b2455-b614-4a9f-83ac-501a781ca7ca,1714100,INR,NETBANKING,failed,INSUFFICIENT_FUNDS,2,5,2,203,1244,0.62,FALSE,NO_ACTION,FAILURE,0,2026-08-29T23:37:50.053429
ad7401fa-47d8-477f-8e37-4153cc10fac3,eee48d58-b8c6-4634-8145-d4360552a8d3,2883800,INR,UPI,failed,CUSTOMER_ABANDONED,1,15,1,673,816,0.76,TRUE,PAYMENT_LINK,SUCCESS,2883800,2026-08-30T06:45:50.053438
8882cc5a-4a8a-4c3f-84d5-80bbf2b9b6da,ce924000-2566-42e8-a09b-a84bbdb52d41,4706400,INR,NETBANKING,failed,INSUFFICIENT_FUNDS,1,20,8,982,255,0.18,TRUE,REMINDER,FAILURE,0,2026-08-30T16:06:50.053449
28005797-03b2-4761-8698-97c397b3335b,1503e590-bad8-4bb4-8ed3-37cf667d0071,4948600,INR,CARD,failed,CUSTOMER_ABANDONED,1,16,4,450,1345,0.37,TRUE,PAYMENT_LINK,FAILURE,0,2026-08-29T21:56:50.053461
25807111-c716-45da-8683-b1530880bbd5,800a87e6-3610-40bb-b735-acee77242cf3,1743400,INR,UPI,failed,INSUFFICIENT_FUNDS,1,18,4,291,1007,0.7,FALSE,NO_ACTION,FAILURE,0,2026-08-30T03:34:50.053471
62a89cd1-e3a3-4492-bf1e-299be15827c8,baefd991-27ca-497d-8993-80d2d102d693,1945200,INR,CARD,failed,NETWORK_ERROR,1,11,0,942,529,0.55,TRUE,RETRY,FAILURE,0,2026-08-30T11:32:50.053480
741d1820-e08a-4b42-90f5-0b5cf2ee78e2,3ac5064b-6996-4aeb-b193-4f31fa1cea10,3429500,INR,UPI,failed,BANK_TIMEOUT,1,10,3,320,743,0.67,TRUE,RETRY,SUCCESS,3429500,2026-08-30T07:58:50.053490
f7455e15-16c5-4248-95ae-a7d74aa872c1,c8d781c2-6645-4201-8d97-6a29f73925d9,4164200,INR,UPI,failed,CUSTOMER_ABANDONED,1,16,5,87,317,0.69,TRUE,PAYMENT_LINK,SUCCESS,4164200,2026-08-30T15:04:50.053500
ee56118f-78ee-41db-8d4a-876726710d69,679c979b-a698-4222-8a9a-fcf183a2e93a,2528000,INR,UPI,failed,BANK_TIMEOUT,2,2,1,471,1195,0.34,TRUE,RETRY,SUCCESS,2528000,2026-08-30T00:26:50.053510
f9ff607e-6aef-473b-99dc-20363008ca3b,15425f68-9343-4ad5-8f25-92ca42331243,3343100,INR,CARD,failed,OTHER,1,15,1,785,1267,0.82,TRUE,PAYMENT_LINK,SUCCESS,3343100,2026-08-29T23:14:50.053523
eebe3ff4-57d8-48b2-b9be-2f59408c1ea6,b9a515f4-1e40-456a-9ff1-e4e3cf5998df,3293900,INR,UPI,failed,NETWORK_ERROR,2,11,3,163,994,0.62,TRUE,RETRY,SUCCESS,3293900,2026-08-30T03:47:50.053533
4ddc28fe-da22-46f7-a53a-e7e98a0a1c87,855bb3d3-315c-4c36-a72b-abd90fdb1d7b,2499500,INR,UPI,failed,OTHER,1,8,2,311,634,0.27,FALSE,NO_ACTION,FAILURE,0,2026-08-30T09:47:50.053543
fee26be5-09c4-4cff-88d0-5abd73ebaf22,a26f4afa-7d06-44ab-99ca-f136efb779dd,4786000,INR,CARD,failed,INSUFFICIENT_FUNDS,1,19,0,347,941,0.56,FALSE,NO_ACTION,FAILURE,0,2026-08-30T04:40:50.053553
a4abc5b3-4771-4e1f-bce0-8be677d57cca,526152a1-450c-44e3-958d-27975a74c5f8,4900600,INR,CARD,failed,CUSTOMER_ABANDONED,1,9,1,615,468,0.69,TRUE,PAYMENT_LINK,SUCCESS,4900600,2026-08-30T12:33:50.053565
125f4abb-4346-49ab-a7ae-46ab1c9cab98,3dda315a-ab53-4c8e-9b80-796f92b7e6c6,657700,INR,WALLET,failed,INSUFFICIENT_FUNDS,1,9,1,396,1096,0.78,FALSE,NO_ACTION,FAILURE,0,2026-08-30T02:05:50.053575
61f4a2af-2a5a-438e-a1bb-0812d727a5aa,a61d41bd-df73-48f9-b086-97aa935c2f7e,376800,INR,UPI,failed,INSUFFICIENT_FUNDS,1,8,0,952,375,0.65,TRUE,REMINDER,SUCCESS,376800,2026-08-30T14:06:50.053585
63ed8f24-8412-4e35-baec-44aaa685a303,cc4a511d-bb99-43d9-a3f3-a84de208e265,4711400,INR,UPI,failed,BANK_TIMEOUT,1,16,0,849,1131,0.32,TRUE,RETRY,SUCCESS,4711400,2026-08-30T01:30:50.053596
1040aa98-d4ac-4c50-bb77-08a71fb10a31,42a1b325-d32b-4edd-b645-1cf4348aef86,427200,INR,NETBANKING,failed,BANK_TIMEOUT,1,11,5,906,426,0.28,TRUE,RETRY,SUCCESS,427200,2026-08-30T13:15:50.053606
9d4d3010-e141-4fac-aba0-5a688ddce094,29dce621-d376-4e2d-a5f0-b65eca970c94,654000,INR,UPI,failed,CUSTOMER_ABANDONED,1,10,0,643,1299,0.16,FALSE,NO_ACTION,FAILURE,0,2026-08-29T22:42:50.053616
edde0641-fdce-406d-a507-d8035846f0f4,04e48ec6-e152-4b89-ae62-fac4d204f6a3,556400,INR,UPI,failed,BANK_TIMEOUT,1,18,6,773,1226,0.49,TRUE,RETRY,SUCCESS,556400,2026-08-29T23:55:50.053626
542e74cc-1c6d-4d2c-9621-ce3bceccc6d5,e3867130-b43d-47c3-afd2-6b2c1be99da7,740800,INR,CARD,failed,NETWORK_ERROR,1,1,0,257,1207,0.74,TRUE,RETRY,SUCCESS,740800,2026-08-30T00:14:50.053636
48745d86-6645-493f-9d4b-72435f05427d,480c4b68-4548-451b-b5dc-59bbb11b977f,1659800,INR,CARD,failed,INSUFFICIENT_FUNDS,1,1,0,739,362,0.36,FALSE,NO_ACTION,FAILURE,0,2026-08-30T14:19:50.053749
322dc893-1ab4-4a79-93a3-c4ac9267e7c4,dfd876d4-004b-4456-8cae-1e3bea79b19b,4238900,INR,UPI,failed,INVALID_PAYMENT_STATE,1,1,0,883,564,0.64,FALSE,NO_ACTION,FAILURE,0,2026-08-30T10:57:50.053917
2a10a339-60db-41eb-b9c3-88eec6d7821d,3dda315a-ab53-4c8e-9b80-796f92b7e6c6,2893800,INR,UPI,failed,CUSTOMER_ABANDONED,1,9,1,396,14,0.36,TRUE,PAYMENT_LINK,SUCCESS,2893800,2026-08-30T20:07:50.053987
82c9847f-76d9-40fe-b50b-970e2a114d60,7cbb9ce4-ca54-4e6d-8194-db2d5c06928f,1181700,INR,UPI,failed,NETWORK_ERROR,1,4,0,54,908,0.37,TRUE,RETRY,FAILURE,0,2026-08-30T05:13:50.054026
0fa86866-e6bc-4a4c-9480-da38c10168e0,ffb6acbc-4a2c-4ba5-a5a8-7de3919e8851,722400,INR,CARD,failed,BANK_TIMEOUT,1,6,2,280,656,0.71,TRUE,RETRY,SUCCESS,722400,2026-08-30T09:25:50.054059
ffabe60c-772a-4459-b166-16aee182a1fc,f5515d38-7e0a-4a5f-8a41-b8c4cd6291be,4004500,INR,UPI,failed,CUSTOMER_ABANDONED,1,1,0,425,394,0.71,TRUE,PAYMENT_LINK,FAILURE,0,2026-08-30T13:47:50.054091
fc9e5664-df09-488e-87da-f5aa82e73e19,c6aadbdc-5c41-4bcf-89cb-5cfe7f71862a,4352300,INR,UPI,failed,OTHER,4,20,6,647,1339,0.58,FALSE,NO_ACTION,FAILURE,0,2026-08-29T22:02:50.054122
f0fbd847-946b-4320-8181-92962ec6dd6e,15425f68-9343-4ad5-8f25-92ca42331243,1775400,INR,UPI,failed,BANK_TIMEOUT,3,15,3,785,622,0.4,TRUE,RETRY,SUCCESS,1775400,2026-08-30T09:59:50.054159
d9511024-c111-41e8-bd00-688ebed43ec4,e9b824c6-8671-46e2-853d-bcde1fff8185,4893800,INR,UPI,failed,NETWORK_ERROR,1,14,3,585,855,0.1,TRUE,RETRY,SUCCESS,4893800,2026-08-30T06:06:50.054190
ed3827ee-788b-4547-bfa2-89a4937c4a32,2618f635-689f-4b84-beb1-6eca10003f8c,2327400,INR,CARD,failed,BANK_TIMEOUT,1,3,0,242,562,0.12,TRUE,RETRY,SUCCESS,2327400,2026-08-30T10:59:50.054224
d11e7900-b79e-48c7-942d-ed38cc978127,d73167bd-c57a-4205-b820-a96d532b1fe2,1687200,INR,UPI,failed,NETWORK_ERROR,1,6,1,974,784,0.36,TRUE,RETRY,SUCCESS,1687200,2026-08-30T07:17:50.054256
04e9073e-8f0a-4f67-a4c4-2ac190a8cbb4,e10c1d09-0b9e-4899-929e-b2842b560220,4057200,INR,UPI,failed,INVALID_PAYMENT_STATE,1,9,0,684,498,0.23,FALSE,NO_ACTION,FAILURE,0,2026-08-30T12:03:50.054285
06395e6e-d451-49dc-b2ea-26c51909a77d,15425f68-9343-4ad5-8f25-92ca42331243,3895800,INR,UPI,failed,OTHER,1,15,1,785,1351,0.41,TRUE,PAYMENT_LINK,SUCCESS,3895800,2026-08-29T21:50:50.054322
8d0a17e6-7e3e-428d-ab6f-50d6f5f364aa,76fc42f6-c6f4-4387-be96-b214f75d45cc,1845900,INR,WALLET,failed,INSUFFICIENT_FUNDS,1,10,0,297,115,0.61,FALSE,NO_ACTION,FAILURE,0,2026-08-30T18:26:50.054355
87f39e5e-6ab4-43e2-ac2f-8c6ab4d7dbe8,8d76267c-a10f-4d4d-b5f2-8180a49603d9,2881200,INR,NETBANKING,failed,BANK_TIMEOUT,1,10,3,227,152,0.36,TRUE,RETRY,SUCCESS,2881200,2026-08-30T17:49:50.054386
9b8b0149-4ca1-4795-a83f-b138d053cb5d,2b094dbf-c55f-4d2c-94f8-182363a03c87,995700,INR,UPI,failed,INSUFFICIENT_FUNDS,1,19,0,582,898,0.3,FALSE,NO_ACTION,FAILURE,0,2026-08-30T05:23:50.054419
15f151b4-1ead-41b3-97e3-4bc684c3b57a,7f4d2b3a-f6e6-46f5-bd72-777a6c4774ed,4339900,INR,UPI,failed,INSUFFICIENT_FUNDS,1,4,0,386,45,0.21,TRUE,REMINDER,FAILURE,0,2026-08-30T19:36:50.054449
63f9aa4d-8a47-4e5d-8fbd-038d27ca3dd9,ef907a65-e8a9-414d-b17b-7e2dcb772e54,4672200,INR,CARD,failed,OTHER,1,13,3,687,914,0.7,FALSE,NO_ACTION,FAILURE,0,2026-08-30T05:07:50.054485
8d5dbf09-f9b8-47bf-acc5-eead726ed8f6,9239bef1-9a5f-4295-bffb-44bf778ba4b5,3079200,INR,UPI,failed,NETWORK_ERROR,1,5,2,333,531,0.3,TRUE,RETRY,SUCCESS,3079200,2026-08-30T11:30:50.054517
9f679a83-b5cc-46ae-b551-62d75faf76fb,d2a3d2d8-797a-4bc3-a1ab-2c11ea3661e9,4218900,INR,UPI,failed,NETWORK_ERROR,1,0,0,996,99,0.0,TRUE,RETRY,SUCCESS,4218900,2026-08-30T18:42:50.054546
123e6186-f262-45c6-8233-067d700bc994,ca6e2461-2e9b-4b50-8bf4-f8756919bb7a,2457600,INR,UPI,failed,NETWORK_ERROR,1,2,0,885,1033,0.8,TRUE,RETRY,SUCCESS,2457600,2026-08-30T03:08:50.054576
89307837-0350-4df9-881a-48bb2ddcc210,dfd876d4-004b-4456-8cae-1e3bea79b19b,3777100,INR,UPI,failed,BANK_TIMEOUT,1,1,0,883,189,0.88,TRUE,RETRY,SUCCESS,3777100,2026-08-30T17:12:50.054607
1a678ab8-ae6e-4c87-a5d4-3825f2f4f1d1,f9fb5aec-13df-4464-b535-869bf0433daf,3375200,INR,CARD,failed,BANK_TIMEOUT,3,14,3,803,1250,0.62,FALSE,NO_ACTION,FAILURE,0,2026-08-29T23:31:50.054641
0baef985-65a9-4949-93df-4b26097ecdff,f70d5ab3-409a-478c-83fd-76f90cd9c138,4492300,INR,UPI,failed,BANK_TIMEOUT,1,17,0,659,312,0.62,TRUE,RETRY,SUCCESS,4492300,2026-08-30T15:09:50.054673
a535595f-249a-433d-8355-10498c5e86ba,baefd991-27ca-497d-8993-80d2d102d693,2985600,INR,UPI,failed,CUSTOMER_ABANDONED,2,11,1,942,886,0.81,FALSE,NO_ACTION,FAILURE,0,2026-08-30T05:35:50.054704
dd402b0d-c539-40b8-b785-1f8bcba4a5c1,679c979b-a698-4222-8a9a-fcf183a2e93a,51600,INR,CARD,failed,NETWORK_ERROR,1,2,0,471,661,0.44,TRUE,RETRY,SUCCESS,51600,2026-08-30T09:20:50.054745
b5d0ca74-a014-442c-bd93-acc6af80bbc7,40c9ed5e-26d2-46e3-a392-c73c1d76ef29,2150500,INR,UPI,failed,CUSTOMER_ABANDONED,1,20,7,386,1177,0.84,TRUE,PAYMENT_LINK,SUCCESS,2150500,2026-08-30T00:44:50.054761
0fd8e752-d11a-413a-b6bb-eb62d98738bd,1f937235-2ad8-4938-b9e9-c273bbd93b85,1010100,INR,UPI,failed,BANK_TIMEOUT,1,7,2,41,207,0.12,TRUE,RETRY,FAILURE,0,2026-08-30T16:54:50.054773
fb1c0186-6693-4a61-9883-3f5641e1894a,bef9196d-9a0e-4df4-af3b-25bda32ce67d,844400,INR,UPI,failed,OTHER,1,14,0,170,646,0.84,TRUE,PAYMENT_LINK,SUCCESS,844400,2026-08-30T09:35:50.054783
c795e833-f6b3-4804-8482-e2f252f7f5ca,7cbb9ce4-ca54-4e6d-8194-db2d5c06928f,2790500,INR,WALLET,failed,BANK_TIMEOUT,3,4,2,54,728,0.12,TRUE,RETRY,FAILURE,0,2026-08-30T08:13:50.054793
95e6f2ef-eb51-4d2b-a2f1-3942ef8672f8,d2a3d2d8-797a-4bc3-a1ab-2c11ea3661e9,2468300,INR,UPI,failed,INVALID_PAYMENT_STATE,2,0,1,996,428,0.4,FALSE,NO_ACTION,FAILURE,0,2026-08-30T13:13:50.054803
16958cc7-9cf5-4e87-af6b-6c88fa55bcc5,ce924000-2566-42e8-a09b-a84bbdb52d41,1311700,INR,UPI,failed,NETWORK_ERROR,2,20,9,982,191,0.88,TRUE,RETRY,SUCCESS,1311700,2026-08-30T17:10:50.054818
574dd764-7035-4a9d-a663-b680c3284ae0,620d8adf-75fe-4d06-9c98-09a736c139f2,807500,INR,UPI,failed,BANK_TIMEOUT,3,12,4,520,1239,0.39,TRUE,RETRY,SUCCESS,807500,2026-08-29T23:42:50.054830
db5ca3d0-7b69-4df5-af54-5472019d3c2c,800a87e6-3610-40bb-b735-acee77242cf3,605000,INR,CARD,failed,NETWORK_ERROR,1,18,4,291,230,0.86,TRUE,RETRY,SUCCESS,605000,2026-08-30T16:31:50.054840
dd5a1560-9070-4ec4-a966-3331748ea241,341b2455-b614-4a9f-83ac-501a781ca7ca,2633400,INR,WALLET,failed,BANK_TIMEOUT,1,5,1,203,635,0.77,TRUE,RETRY,FAILURE,0,2026-08-30T09:46:50.054850
6e8d43ea-1410-433f-b0c1-24c0d3ef2aa8,d4ef9e6e-f448-4865-ad82-ebfd13f83c34,1513100,INR,WALLET,failed,BANK_TIMEOUT,1,13,3,590,799,0.8,TRUE,RETRY,FAILURE,0,2026-08-30T07:02:50.054859
3f57c3a8-d562-4d76-97ff-0992650669ac,134d8c83-47d4-42fe-83e1-8258e49f0f2e,4252500,INR,NETBANKING,failed,BANK_TIMEOUT,2,4,1,141,364,0.55,TRUE,RETRY,SUCCESS,4252500,2026-08-30T14:17:50.054869
a6fd6685-e75b-4d89-ba1d-3b6aa0ef29e9,cc4a511d-bb99-43d9-a3f3-a84de208e265,3088900,INR,CARD,failed,BANK_TIMEOUT,2,16,1,849,1354,0.33,TRUE,RETRY,FAILURE,0,2026-08-29T21:47:50.054879
8c46b130-031f-405b-bcc7-065c68dc8057,341b2455-b614-4a9f-83ac-501a781ca7ca,1139900,INR,UPI,failed,INSUFFICIENT_FUNDS,1,5,1,203,1370,0.25,FALSE,NO_ACTION,FAILURE,0,2026-08-29T21:31:50.054888
7ad644a5-f823-4b4d-96b1-538adb85c699,284ab2c2-6377-48f0-bcf8-2a832775075d,1074100,INR,UPI,failed,BANK_TIMEOUT,1,4,1,72,765,0.83,TRUE,RETRY,SUCCESS,1074100,2026-08-30T07:36:50.054897
039e7f00-2c0b-48fd-b876-5a4c1d507ad5,afb5a458-38fb-422c-b4be-f508b9787f58,179200,INR,UPI,failed,INVALID_PAYMENT_STATE,1,7,3,374,296,0.83,FALSE,NO_ACTION,FAILURE,0,2026-08-30T15:25:50.054907
170c4191-2d39-4bb2-ac61-74edaf54746b,6970d8fe-4578-4de9-a23d-338cf534f34f,3932300,INR,CARD,failed,BANK_TIMEOUT,1,16,5,79,715,0.82,TRUE,RETRY,FAILURE,0,2026-08-30T08:26:50.054917
0bcb92ed-b073-4c89-9a4f-5d17c470098d,284ab2c2-6377-48f0-bcf8-2a832775075d,3127400,INR,UPI,failed,NETWORK_ERROR,2,4,2,72,902,0.21,TRUE,RETRY,SUCCESS,3127400,2026-08-30T05:19:50.054929
fb41846c-530b-488c-b105-9b9b2f9f7ccb,289aea26-298f-48c4-b66f-99eb02e84fe3,3131100,INR,UPI,failed,OTHER,1,20,4,727,1345,0.53,TRUE,PAYMENT_LINK,SUCCESS,3131100,2026-08-29T21:56:50.054939
807de3b3-5aba-4634-b39f-1624cecbdc26,30283315-a207-4cfd-a246-7f0137dddb34,3141200,INR,UPI,failed,PAYMENT_EXPIRED,1,0,0,360,258,0.0,FALSE,NO_ACTION,FAILURE,0,2026-08-30T16:03:50.054948
4ec1017f-d677-4428-8f30-9e53d7359e67,8d96247a-f530-4ff9-a320-c420ff17607f,944500,INR,UPI,failed,BANK_TIMEOUT,1,6,1,544,828,0.33,TRUE,RETRY,SUCCESS,944500,2026-08-30T06:33:50.054958
0304c605-1758-4f0d-ab4d-04a6d6db0c26,3f107d42-fa72-449c-b46e-fb4878ce2c9c,1219900,INR,CARD,failed,NETWORK_ERROR,2,13,2,510,947,0.63,TRUE,RETRY,SUCCESS,1219900,2026-08-30T04:34:50.054968
501d52f3-f7bc-4c03-a5fc-3665d607323f,3eee5c86-b173-4842-8541-83258af747ed,1758000,INR,CARD,failed,BANK_TIMEOUT,1,2,0,292,1355,0.22,TRUE,RETRY,FAILURE,0,2026-08-29T21:46:50.054977
623c3feb-61e5-4481-bb7d-5537f6f9b3d4,7cb5091c-c641-44f6-8b9d-09035edfabb1,2533300,INR,CARD,failed,CUSTOMER_ABANDONED,3,16,2,553,30,0.21,FALSE,NO_ACTION,FAILURE,0,2026-08-30T19:51:50.054987
e7724ccb-2b58-494e-ab7f-8a5fa1ddcd7e,02f25f9f-71c3-4f2e-99fd-34840373c289,1568600,INR,UPI,failed,NETWORK_ERROR,1,9,3,626,991,0.79,TRUE,RETRY,FAILURE,0,2026-08-30T03:50:50.054997
c9a7061b-406a-49a9-a965-6717e96e3bf4,1f937235-2ad8-4938-b9e9-c273bbd93b85,2668500,INR,UPI,failed,BANK_TIMEOUT,1,7,2,41,1118,0.45,TRUE,RETRY,SUCCESS,2668500,2026-08-30T01:43:50.055007
577d5020-dd68-47df-bc5e-a99385c26864,ca6e2461-2e9b-4b50-8bf4-f8756919bb7a,2220800,INR,UPI,failed,INVALID_PAYMENT_STATE,1,2,0,885,999,0.72,FALSE,NO_ACTION,FAILURE,0,2026-08-30T03:42:50.055017
0b8b687a-54be-4cc0-a6e1-18ddcb612a60,30283315-a207-4cfd-a246-7f0137dddb34,4387800,INR,NETBANKING,failed,CUSTOMER_ABANDONED,1,0,0,360,749,0.0,FALSE,NO_ACTION,FAILURE,0,2026-08-30T07:52:50.055033
9cdd8813-beba-46d0-9253-1755d5404973,eee48d58-b8c6-4634-8145-d4360552a8d3,3570600,INR,UPI,failed,BANK_TIMEOUT,1,15,1,673,228,0.2,TRUE,RETRY,SUCCESS,3570600,2026-08-30T16:33:50.055043
149f9b07-ede4-46ae-95e8-6b47f695e2be,cd3aa98b-32a0-4594-bf5c-5668f1c5fe87,2022100,INR,UPI,failed,INSUFFICIENT_FUNDS,3,3,2,865,1034,0.25,FALSE,NO_ACTION,FAILURE,0,2026-08-30T03:07:50.055053
2ebafdfb-849f-42e8-acdc-09fbbcc4a61b,3eee5c86-b173-4842-8541-83258af747ed,3358200,INR,UPI,failed,PAYMENT_EXPIRED,1,2,0,292,35,0.26,FALSE,NO_ACTION,FAILURE,0,2026-08-30T19:46:50.055063
24ee10d2-e625-4fd1-a311-2e213ff19a47,cb797b48-989b-42df-b1a6-3c65ebe88d16,3948200,INR,CARD,failed,INSUFFICIENT_FUNDS,1,1,0,568,97,0.74,FALSE,NO_ACTION,FAILURE,0,2026-08-30T18:44:50.055072
14354bd5-1f36-4eeb-a96d-cff4f8f1076a,6667ab9c-3e69-44d3-bee6-75325f89c949,4556100,INR,NETBANKING,failed,INSUFFICIENT_FUNDS,1,9,4,210,206,0.64,TRUE,REMINDER,FAILURE,0,2026-08-30T16:55:50.055084
4333c083-9e63-4e8a-a9ef-40deb04e99c7,1dfb3ce6-eaee-4086-b2c5-d0c022d9edbc,4932400,INR,CARD,failed,INSUFFICIENT_FUNDS,3,19,2,405,869,0.79,FALSE,NO_ACTION,FAILURE,0,2026-08-30T05:52:50.055094
d76057f7-8d99-4a9f-aa16-bb504bb6c59a,ce924000-2566-42e8-a09b-a84bbdb52d41,1953100,INR,UPI,failed,INSUFFICIENT_FUNDS,1,20,8,982,976,0.47,FALSE,NO_ACTION,FAILURE,0,2026-08-30T04:05:50.055104
6da99522-b6e8-4834-988f-f026307ad728,d4ef9e6e-f448-4865-ad82-ebfd13f83c34,12300,INR,UPI,failed,CUSTOMER_ABANDONED,1,13,3,590,428,0.84,TRUE,PAYMENT_LINK,FAILURE,0,2026-08-30T13:13:50.055113
eb340dda-3d8f-4d81-90e6-3a48d7d8fe36,01d27cdb-2607-4e20-ada7-bd26f558c67b,4959000,INR,UPI,failed,BANK_TIMEOUT,2,17,9,866,497,0.41,TRUE,RETRY,SUCCESS,4959000,2026-08-30T12:04:50.055123
aea5cbaf-2d9e-47d8-aa28-fc2107146749,b9a515f4-1e40-456a-9ff1-e4e3cf5998df,1277200,INR,UPI,failed,NETWORK_ERROR,1,11,2,163,566,0.21,TRUE,RETRY,SUCCESS,1277200,2026-08-30T10:55:50.055135
deea83a6-a989-4113-a0ea-c0cdbfe0ec67,1503e590-bad8-4bb4-8ed3-37cf667d0071,4416000,INR,UPI,failed,NETWORK_ERROR,1,16,4,450,671,0.11,TRUE,RETRY,SUCCESS,4416000,2026-08-30T09:10:50.055144
ef7d70f7-6993-4199-926b-6d03919fe8f9,ff48c705-2498-4f9f-9014-7f3fa5b0084b,4129200,INR,UPI,failed,BANK_TIMEOUT,1,18,5,147,256,0.53,TRUE,RETRY,SUCCESS,4129200,2026-08-30T16:05:50.055154
95722f5d-9007-4de5-aae6-feba0c7d46da,5559825c-aa32-4069-b8ba-8ee95f47cf23,4953000,INR,NETBANKING,failed,NETWORK_ERROR,1,16,6,106,84,0.41,TRUE,RETRY,SUCCESS,4953000,2026-08-30T18:57:50.055163
ac38bfef-eac6-4783-89e8-3625f5eb4f30,29dce621-d376-4e2d-a5f0-b65eca970c94,2801200,INR,UPI,failed,INVALID_PAYMENT_STATE,1,10,0,643,998,0.71,FALSE,NO_ACTION,FAILURE,0,2026-08-30T03:43:50.055173
3fd844de-b334-4e75-bc17-ca46da779715,ff48c705-2498-4f9f-9014-7f3fa5b0084b,590400,INR,WALLET,failed,INSUFFICIENT_FUNDS,1,18,5,147,743,0.29,FALSE,NO_ACTION,FAILURE,0,2026-08-30T07:58:50.055183
627fddcf-5e12-4926-b4e3-f35718e3ecb0,38f2f107-7d20-47b2-8be9-a4c648fb337d,4607900,INR,WALLET,failed,NETWORK_ERROR,1,14,0,473,574,0.77,TRUE,RETRY,FAILURE,0,2026-08-30T10:47:50.055219
4fd39902-7281-4fd4-b4f5-261d03d18e40,f2b2b0d1-fc1d-439e-badc-14f3da22ed73,3338000,INR,UPI,failed,CUSTOMER_ABANDONED,1,19,8,873,731,0.17,FALSE,NO_ACTION,FAILURE,0,2026-08-30T08:10:50.055231
beae438d-bc0f-43dd-b57c-e018833e7098,c18820a5-3b50-4a59-a592-c681dfcd4e3b,3192000,INR,UPI,failed,NETWORK_ERROR,1,9,4,245,1364,0.31,TRUE,RETRY,FAILURE,0,2026-08-29T21:37:50.055242
e1034def-3984-4ec1-98b7-144bcd1e84e7,facfad17-ca5d-448a-a336-70ae86555665,3684400,INR,CARD,failed,INSUFFICIENT_FUNDS,1,16,0,361,1368,0.41,FALSE,NO_ACTION,FAILURE,0,2026-08-29T21:33:50.055252
e78075d3-efb0-4eba-a975-9f71813dbce3,b9a515f4-1e40-456a-9ff1-e4e3cf5998df,4221800,INR,WALLET,failed,INSUFFICIENT_FUNDS,1,11,2,163,489,0.39,TRUE,REMINDER,FAILURE,0,2026-08-30T12:12:50.055264
c09ff3eb-3d6d-46fb-a8df-1bb12f6d3d9f,341b2455-b614-4a9f-83ac-501a781ca7ca,2590400,INR,CARD,failed,BANK_TIMEOUT,1,5,1,203,902,0.78,TRUE,RETRY,SUCCESS,2590400,2026-08-30T05:19:50.055276
cd0f2661-f047-48a3-a620-1337fd7e04c9,ce924000-2566-42e8-a09b-a84bbdb52d41,4126400,INR,CARD,failed,NETWORK_ERROR,3,20,10,982,443,0.55,TRUE,RETRY,FAILURE,0,2026-08-30T12:58:50.055286
f0bbe520-2d1f-417d-bcbb-1036c5fbf134,30283315-a207-4cfd-a246-7f0137dddb34,1925400,INR,NETBANKING,failed,PAYMENT_EXPIRED,2,0,1,360,520,0.39,FALSE,NO_ACTION,FAILURE,0,2026-08-30T11:41:50.055296
8b90729c-e7f3-4a11-be5e-3def2abd2a9f,2efa48e4-c59a-41bd-bda6-3fa542031d13,1639800,INR,UPI,failed,CUSTOMER_ABANDONED,1,12,3,604,1432,0.89,FALSE,NO_ACTION,FAILURE,0,2026-08-29T20:29:50.055305
348eaa81-068b-4316-8a86-8c683a6b8a04,02f25f9f-71c3-4f2e-99fd-34840373c289,1062400,INR,UPI,failed,CUSTOMER_ABANDONED,1,9,3,626,660,0.69,TRUE,PAYMENT_LINK,FAILURE,0,2026-08-30T09:21:50.055315
e864273e-95b7-4f08-92b8-34f20f62a5d5,2660a21c-5c9c-4fd2-bc72-044891291d66,3285700,INR,NETBANKING,failed,NETWORK_ERROR,1,14,4,279,467,0.35,TRUE,RETRY,FAILURE,0,2026-08-30T12:34:50.055326
c5cdb208-2334-485c-a379-f4fc26420624,cb382f9b-91ac-4738-a586-b046a08b2bfc,4200700,INR,UPI,failed,INSUFFICIENT_FUNDS,1,9,4,280,784,0.26,FALSE,NO_ACTION,FAILURE,0,2026-08-30T07:17:50.055335
609d215f-d427-4bf7-8556-c2aa7b1d7ebb,facfad17-ca5d-448a-a336-70ae86555665,2307600,INR,UPI,failed,NETWORK_ERROR,1,16,0,361,327,0.87,TRUE,RETRY,SUCCESS,2307600,2026-08-30T14:54:50.055345
d35bd9eb-0c15-4fa7-8e0c-1280e9b4dace,1503e590-bad8-4bb4-8ed3-37cf667d0071,2045000,INR,NETBANKING,failed,CUSTOMER_ABANDONED,1,16,4,450,1147,0.53,FALSE,NO_ACTION,FAILURE,0,2026-08-30T01:14:50.055357
65036956-f013-4094-864c-9d1a8064d268,ef907a65-e8a9-414d-b17b-7e2dcb772e54,507600,INR,UPI,failed,BANK_TIMEOUT,1,13,3,687,1359,0.42,TRUE,RETRY,SUCCESS,507600,2026-08-29T21:42:50.055369
be0ee0c7-545f-469a-ba4a-5c993240613e,08bc2155-e6b9-4cff-aa6a-977c503ce6d0,2328600,INR,UPI,failed,OTHER,1,18,5,830,602,0.59,TRUE,PAYMENT_LINK,SUCCESS,2328600,2026-08-30T10:19:50.055381
b1e3c181-982e-41e3-9620-95bdccf3566f,1dfb3ce6-eaee-4086-b2c5-d0c022d9edbc,2910200,INR,CARD,failed,BANK_TIMEOUT,1,19,0,405,561,0.12,TRUE,RETRY,SUCCESS,2910200,2026-08-30T11:00:50.055394
dfea8a74-b775-4df1-bf67-a692970c9ed0,1dfb3ce6-eaee-4086-b2c5-d0c022d9edbc,1617900,INR,NETBANKING,failed,NETWORK_ERROR,2,19,1,405,298,0.11,TRUE,RETRY,SUCCESS,1617900,2026-08-30T15:23:50.055406
774cd820-a1aa-4516-a366-8848957d9c3b,c6aadbdc-5c41-4bcf-89cb-5cfe7f71862a,3177100,INR,CARD,failed,NETWORK_ERROR,1,20,3,647,1164,0.25,TRUE,RETRY,SUCCESS,3177100,2026-08-30T00:57:50.055415
1119cdae-1f0b-4299-a842-22de3e3585b9,ce924000-2566-42e8-a09b-a84bbdb52d41,4120700,INR,UPI,failed,OTHER,1,20,8,982,536,0.67,TRUE,PAYMENT_LINK,FAILURE,0,2026-08-30T11:25:50.055425
87672dbf-b1bd-4f17-9c56-e4e4c453b0d9,cdf002e9-f8e0-4f07-b499-fdfb48f1a81b,2836600,INR,UPI,failed,OTHER,3,17,7,390,656,0.53,FALSE,NO_ACTION,FAILURE,0,2026-08-30T09:25:50.055435
b0eff827-f62a-4dc0-b6ac-6a9fa67286de,cc4a511d-bb99-43d9-a3f3-a84de208e265,891400,INR,UPI,failed,PAYMENT_EXPIRED,2,16,1,849,1103,0.56,FALSE,NO_ACTION,FAILURE,0,2026-08-30T01:58:50.055445
12e7e787-4ae3-462e-8554-bdef6f369419,42a1b325-d32b-4edd-b645-1cf4348aef86,3335600,INR,CARD,failed,INSUFFICIENT_FUNDS,1,11,5,906,1238,0.28,FALSE,NO_ACTION,FAILURE,0,2026-08-29T23:43:50.055455
1b67d103-2562-498a-90f8-f02dea8193df,ef907a65-e8a9-414d-b17b-7e2dcb772e54,4236800,INR,WALLET,failed,PAYMENT_EXPIRED,1,13,3,687,552,0.56,FALSE,NO_ACTION,FAILURE,0,2026-08-30T11:09:50.055465
a390a847-ed6b-4ec3-9398-ac5204348096,2f86d74e-cf41-4fac-ae1b-6c70aa0545a5,2879600,INR,UPI,failed,NETWORK_ERROR,3,3,2,338,351,0.12,TRUE,RETRY,SUCCESS,2879600,2026-08-30T14:30:50.055476
e0ee77dc-16db-4aa2-8047-9eb2b9cd2d1f,a048ebe5-b9a2-452d-b6da-480c78c61145,2288000,INR,UPI,failed,CUSTOMER_ABANDONED,1,14,6,280,726,0.15,TRUE,PAYMENT_LINK,SUCCESS,2288000,2026-08-30T08:15:50.055486
8232641b-94dc-4e0d-8455-5dce2a8e52c8,a048ebe5-b9a2-452d-b6da-480c78c61145,4779400,INR,UPI,failed,INSUFFICIENT_FUNDS,1,14,6,280,274,0.89,FALSE,NO_ACTION,FAILURE,0,2026-08-30T15:47:50.055496
bfbdaef5-7eae-4e5e-9ec4-b00a35c5dea1,59c4f886-4565-4bbd-9bba-67b30b5c0617,2040400,INR,UPI,failed,CUSTOMER_ABANDONED,1,18,5,460,1168,0.74,FALSE,NO_ACTION,FAILURE,0,2026-08-30T00:53:50.055506
83b81243-efef-4f0d-88b1-e2ca9608da04,2618f635-689f-4b84-beb1-6eca10003f8c,955200,INR,CARD,failed,OTHER,1,3,0,242,14,0.88,FALSE,NO_ACTION,FAILURE,0,2026-08-30T20:07:50.055515
3ea5f745-4584-46a0-a2ae-293d7a915ae4,26ec66f7-a5a9-4b17-a7cf-a9ef555d4428,2358400,INR,UPI,failed,CUSTOMER_ABANDONED,1,19,1,345,131,0.52,TRUE,PAYMENT_LINK,SUCCESS,2358400,2026-08-30T18:10:50.055525
376fe36d-bb92-4e81-83f8-f7d0b5cbe03f,76fc42f6-c6f4-4387-be96-b214f75d45cc,3952100,INR,CARD,failed,OTHER,2,10,1,297,61,0.62,TRUE,PAYMENT_LINK,SUCCESS,3952100,2026-08-30T19:20:50.055534
0870ff37-9f21-46b6-98a8-7ae828b15a64,cb382f9b-91ac-4738-a586-b046a08b2bfc,627000,INR,NETBANKING,failed,INSUFFICIENT_FUNDS,3,9,6,280,794,0.74,FALSE,NO_ACTION,FAILURE,0,2026-08-30T07:07:50.055544
c81b88b7-b140-45de-ae7e-8c38ed80dc96,49cf4356-0b7f-43b7-a75a-64fd496bc7f3,917700,INR,CARD,failed,BANK_TIMEOUT,1,15,3,70,364,0.67,TRUE,RETRY,SUCCESS,917700,2026-08-30T14:17:50.055554
0d92de7c-e5ee-4ba2-ba5a-8424fe903bfc,eb2ab78c-2fc0-4842-a0d5-b4f9cf304b4b,1717200,INR,UPI,failed,BANK_TIMEOUT,4,19,7,498,1297,0.17,TRUE,RETRY,SUCCESS,1717200,2026-08-29T22:44:50.055564
9b2fff5c-bfe9-4bb9-814a-333239dd0851,3f107d42-fa72-449c-b46e-fb4878ce2c9c,143600,INR,NETBANKING,failed,BANK_TIMEOUT,1,13,1,510,1399,0.4,TRUE,RETRY,FAILURE,0,2026-08-29T21:02:50.055578
1858d321-714f-4cca-a9f6-889b2e6e8951,cb797b48-989b-42df-b1a6-3c65ebe88d16,92400,INR,UPI,failed,NETWORK_ERROR,1,1,0,568,1164,0.55,TRUE,RETRY,FAILURE,0,2026-08-30T00:57:50.055589
192d1c70-a0bc-46af-b1f7-41a98c2f9964,ffb6acbc-4a2c-4ba5-a5a8-7de3919e8851,4181200,INR,CARD,failed,BANK_TIMEOUT,1,6,2,280,708,0.18,TRUE,RETRY,SUCCESS,4181200,2026-08-30T08:33:50.055599
5df970f5-e068-4d51-b2e8-74e9a92530fd,8d76267c-a10f-4d4d-b5f2-8180a49603d9,3771600,INR,UPI,failed,NETWORK_ERROR,2,10,4,227,364,0.51,TRUE,RETRY,SUCCESS,3771600,2026-08-30T14:17:50.055609
c99e53e0-17bc-450d-a9c0-93c3dceb3ddc,2f86d74e-cf41-4fac-ae1b-6c70aa0545a5,264100,INR,NETBANKING,failed,INVALID_PAYMENT_STATE,2,3,1,338,247,0.75,FALSE,NO_ACTION,FAILURE,0,2026-08-30T16:14:50.055619
68881b00-2f7e-495a-897c-ed03d03e3149,679c979b-a698-4222-8a9a-fcf183a2e93a,716300,INR,UPI,failed,BANK_TIMEOUT,1,2,0,471,205,0.5,TRUE,RETRY,FAILURE,0,2026-08-30T16:56:50.055628
7400397f-0241-40a3-af04-4e6b137e842b,42a1b325-d32b-4edd-b645-1cf4348aef86,2221100,INR,NETBANKING,failed,OTHER,1,11,5,906,797,0.73,TRUE,PAYMENT_LINK,SUCCESS,2221100,2026-08-30T07:04:50.055639
8a8c15f3-a271-42b0-839e-47068b38ce8d,ac8d834c-9949-4b2a-9a77-dd9cc5cbba99,2227300,INR,UPI,failed,BANK_TIMEOUT,3,19,7,839,1006,0.25,TRUE,RETRY,SUCCESS,2227300,2026-08-30T03:35:50.055648
32abb783-bdfe-4465-bc31-374d771c134a,42a1b325-d32b-4edd-b645-1cf4348aef86,3158500,INR,CARD,failed,OTHER,2,11,6,906,1211,0.18,FALSE,NO_ACTION,FAILURE,0,2026-08-30T00:10:50.055657
711219b5-c5b7-4514-825e-c1ff58dfa149,45cdaac4-eda7-429d-ad72-03730b481862,4301300,INR,UPI,failed,INSUFFICIENT_FUNDS,1,12,0,672,1090,0.52,FALSE,NO_ACTION,FAILURE,0,2026-08-30T02:11:50.055667
b176860d-27b4-479c-a1eb-5cd168473fe1,08b20e51-59a9-453f-ba57-1a2eff55626b,1326800,INR,UPI,failed,BANK_TIMEOUT,2,2,1,342,600,0.86,TRUE,RETRY,SUCCESS,1326800,2026-08-30T10:21:50.055678
59e5aba9-f6ac-41d7-987a-aa287fe0228c,a61d41bd-df73-48f9-b086-97aa935c2f7e,3224300,INR,UPI,failed,BANK_TIMEOUT,1,8,0,952,1249,0.41,TRUE,RETRY,FAILURE,0,2026-08-29T23:32:50.055687
afd5ce87-e9d2-4af8-ab27-29af040de96e,dfd876d4-004b-4456-8cae-1e3bea79b19b,4493000,INR,CARD,failed,INSUFFICIENT_FUNDS,1,1,0,883,183,0.35,FALSE,NO_ACTION,FAILURE,0,2026-08-30T17:18:50.055697
0e24a649-ea8f-4f8e-aab9-a711efbb30a0,4888654f-6f54-48b4-b7f9-9d407ee6b663,3753900,INR,UPI,failed,INSUFFICIENT_FUNDS,2,13,1,151,1095,0.12,FALSE,NO_ACTION,FAILURE,0,2026-08-30T02:06:50.055708
5253ac8b-14ff-439b-b141-7b56e2ce44f2,87986907-f781-411d-b5da-cb27785ee42f,1243600,INR,UPI,failed,INSUFFICIENT_FUNDS,2,16,2,544,1402,0.8,FALSE,NO_ACTION,FAILURE,0,2026-08-29T20:59:50.055717
a7c49498-27f9-4e04-90cd-8f6ad2b17911,cb797b48-989b-42df-b1a6-3c65ebe88d16,1178400,INR,UPI,failed,CUSTOMER_ABANDONED,1,1,0,568,440,0.18,TRUE,PAYMENT_LINK,FAILURE,0,2026-08-30T13:01:50.055727
8d1ae21f-97af-452b-a50e-f832e9c7a8aa,d73167bd-c57a-4205-b820-a96d532b1fe2,2109100,INR,UPI,failed,BANK_TIMEOUT,1,6,1,974,1312,0.59,TRUE,RETRY,SUCCESS,2109100,2026-08-29T22:29:50.055736
1ef9fc42-a5ac-4dcd-b2f5-5b65586d5a2f,4888654f-6f54-48b4-b7f9-9d407ee6b663,4527900,INR,UPI,failed,BANK_TIMEOUT,3,13,2,151,1351,0.75,TRUE,RETRY,FAILURE,0,2026-08-29T21:50:50.055745
6c798075-16bb-42f8-ba98-d96eda49a88f,87986907-f781-411d-b5da-cb27785ee42f,1506600,INR,UPI,failed,PAYMENT_EXPIRED,1,16,1,544,291,0.58,FALSE,NO_ACTION,FAILURE,0,2026-08-30T15:30:50.055754
e86c1df1-f2a4-40a1-84e6-77d0260d72a2,cdf002e9-f8e0-4f07-b499-fdfb48f1a81b,2781100,INR,CARD,failed,CUSTOMER_ABANDONED,3,17,7,390,635,0.26,TRUE,PAYMENT_LINK,SUCCESS,2781100,2026-08-30T09:46:50.055763
b7628f44-1815-487d-a7dc-2a3d39fb97f7,ff3ecb5c-5abb-4013-a41a-1628c8e9a95e,2691700,INR,CARD,failed,NETWORK_ERROR,1,17,7,513,570,0.77,TRUE,RETRY,FAILURE,0,2026-08-30T10:51:50.055775
57969d6e-de65-4c95-ad39-3e50065cf5c9,3f107d42-fa72-449c-b46e-fb4878ce2c9c,3943000,INR,UPI,failed,CUSTOMER_ABANDONED,1,13,1,510,920,0.2,TRUE,PAYMENT_LINK,SUCCESS,3943000,2026-08-30T05:01:50.055784
5d7be777-78c6-40da-a232-60e6d9e9b604,284ab2c2-6377-48f0-bcf8-2a832775075d,765400,INR,UPI,failed,CUSTOMER_ABANDONED,1,4,1,72,1100,0.36,TRUE,PAYMENT_LINK,SUCCESS,765400,2026-08-30T02:01:50.055794
7570ff4b-2321-4b0f-a0ff-a25b2e0f2e6d,0f3dfb98-2863-45fb-9625-d3f3d670b2f1,4695900,INR,NETBANKING,failed,NETWORK_ERROR,1,4,1,833,584,0.78,TRUE,RETRY,FAILURE,0,2026-08-30T10:37:50.055803
31f6c8e6-1a5b-4eb8-8e47-df536bab6177,7494a32a-00e2-4d27-898b-1c1c249495a1,1334600,INR,WALLET,failed,INSUFFICIENT_FUNDS,1,11,1,795,261,0.51,FALSE,NO_ACTION,FAILURE,0,2026-08-30T16:00:50.055812
b3a1261f-8e2a-4020-a6c6-ad8095df45fe,855bb3d3-315c-4c36-a72b-abd90fdb1d7b,726500,INR,UPI,failed,BANK_TIMEOUT,1,8,2,311,172,0.71,TRUE,RETRY,SUCCESS,726500,2026-08-30T17:29:50.055822
7ff6c600-5f04-48cf-8406-55746322c311,c6aadbdc-5c41-4bcf-89cb-5cfe7f71862a,2440700,INR,UPI,failed,BANK_TIMEOUT,1,20,3,647,85,0.63,TRUE,RETRY,FAILURE,0,2026-08-30T18:56:50.055831
4673f5a5-7ab0-4dc3-9583-c24bcceeab9f,8aed5b46-843d-4607-8efc-f3b52f6a4377,1389000,INR,CARD,failed,BANK_TIMEOUT,1,19,7,852,313,0.37,TRUE,RETRY,FAILURE,0,2026-08-30T15:08:50.055840
5f821a6b-d46c-4ddc-98fe-fb8299fd7f68,cd3aa98b-32a0-4594-bf5c-5668f1c5fe87,3037900,INR,UPI,failed,INSUFFICIENT_FUNDS,1,3,0,865,314,0.86,TRUE,REMINDER,SUCCESS,3037900,2026-08-30T15:07:50.055849
d402eb60-4742-4e52-86db-21679ef9f04e,3dda315a-ab53-4c8e-9b80-796f92b7e6c6,1283600,INR,UPI,failed,CUSTOMER_ABANDONED,1,9,1,396,903,0.16,FALSE,NO_ACTION,FAILURE,0,2026-08-30T05:18:50.055858
02adf080-65a4-4628-9441-8299afe9131b,cb797b48-989b-42df-b1a6-3c65ebe88d16,1896100,INR,UPI,failed,BANK_TIMEOUT,3,1,2,568,117,0.19,FALSE,NO_ACTION,FAILURE,0,2026-08-30T18:24:50.055869
7ede0b8e-88f3-4756-931c-1fdf10b12969,620d8adf-75fe-4d06-9c98-09a736c139f2,3511400,INR,UPI,failed,CUSTOMER_ABANDONED,2,12,3,520,659,0.4,FALSE,NO_ACTION,FAILURE,0,2026-08-30T09:22:50.055878
783bb872-880a-474c-bf6b-7b4686737840,ff48c705-2498-4f9f-9014-7f3fa5b0084b,4494700,INR,UPI,failed,NETWORK_ERROR,1,18,5,147,794,0.71,TRUE,RETRY,SUCCESS,4494700,2026-08-30T07:07:50.055889
7aa35c30-67b4-4247-96c5-27eeefcb1b21,3dda315a-ab53-4c8e-9b80-796f92b7e6c6,240600,INR,UPI,failed,BANK_TIMEOUT,1,9,1,396,976,0.85,TRUE,RETRY,SUCCESS,240600,2026-08-30T04:05:50.055898
74a36a71-309f-4b70-85c9-60edd070c088,c6aadbdc-5c41-4bcf-89cb-5cfe7f71862a,2544700,INR,UPI,failed,CUSTOMER_ABANDONED,1,20,3,647,1255,0.3,TRUE,PAYMENT_LINK,SUCCESS,2544700,2026-08-29T23:26:50.055908
1aae9ab1-9db3-4536-8db9-89b90f99ac34,855bb3d3-315c-4c36-a72b-abd90fdb1d7b,1013600,INR,UPI,failed,INVALID_PAYMENT_STATE,1,8,2,311,588,0.61,FALSE,NO_ACTION,FAILURE,0,2026-08-30T10:33:50.055917
a43730ab-aa10-468d-a279-74572c1eec5b,87986907-f781-411d-b5da-cb27785ee42f,1695600,INR,NETBANKING,failed,NETWORK_ERROR,1,16,1,544,615,0.22,TRUE,RETRY,SUCCESS,1695600,2026-08-30T10:06:50.055927
057bf597-7795-4b88-a3a6-1b29bcbdad06,a34e87eb-ba50-4055-9600-6146c289d30d,1497500,INR,WALLET,failed,BANK_TIMEOUT,1,19,4,330,427,0.85,TRUE,RETRY,SUCCESS,1497500,2026-08-30T13:14:50.055936
0367d218-17a4-49b0-b815-5e0d14de69c4,134d8c83-47d4-42fe-83e1-8258e49f0f2e,2974200,INR,UPI,failed,NETWORK_ERROR,1,4,0,141,668,0.63,TRUE,RETRY,SUCCESS,2974200,2026-08-30T09:13:50.055945
693fbf16-cd0c-4271-a823-d4c1790d9dbe,76fc42f6-c6f4-4387-be96-b214f75d45cc,1431800,INR,CARD,failed,INSUFFICIENT_FUNDS,3,10,2,297,1351,0.73,FALSE,NO_ACTION,FAILURE,0,2026-08-29T21:50:50.055954
c9d74026-d830-444d-bec8-a167b2c5d5a2,29dce621-d376-4e2d-a5f0-b65eca970c94,3602700,INR,NETBANKING,failed,CUSTOMER_ABANDONED,1,10,0,643,629,0.27,FALSE,NO_ACTION,FAILURE,0,2026-08-30T09:52:50.055965
a01fbdf1-1708-4d23-8995-e82f090e00e3,ff48c705-2498-4f9f-9014-7f3fa5b0084b,3567400,INR,CARD,failed,NETWORK_ERROR,2,18,6,147,1278,0.43,TRUE,RETRY,SUCCESS,3567400,2026-08-29T23:03:50.055975
90faea4c-60de-406f-b7db-54379950ecc5,3eee5c86-b173-4842-8541-83258af747ed,1037000,INR,CARD,failed,OTHER,1,2,0,292,908,0.12,FALSE,NO_ACTION,FAILURE,0,2026-08-30T05:13:50.055987
0f20b336-e976-4609-b4e0-796d56840d82,c8d781c2-6645-4201-8d97-6a29f73925d9,4381200,INR,UPI,failed,OTHER,1,16,5,87,320,0.61,TRUE,PAYMENT_LINK,FAILURE,0,2026-08-30T15:01:50.055996
9b567214-8936-440f-8d75-20f81458e2bb,2b094dbf-c55f-4d2c-94f8-182363a03c87,2705400,INR,UPI,failed,BANK_TIMEOUT,2,19,1,582,997,0.35,TRUE,RETRY,SUCCESS,2705400,2026-08-30T03:44:50.056007
e363342d-c4e7-4bed-b7b9-43b24e02f78f,f190f440-a3d2-4440-ba68-647991ff090e,4126200,INR,NETBANKING,failed,CUSTOMER_ABANDONED,2,3,1,865,176,0.12,TRUE,PAYMENT_LINK,FAILURE,0,2026-08-30T17:25:50.056016
b2f170c9-78cc-4019-9149-efa3210de1cf,6d27f53e-6780-430c-9e5a-f87ade04af58,599400,INR,UPI,failed,OTHER,1,14,5,633,309,0.87,TRUE,PAYMENT_LINK,SUCCESS,599400,2026-08-30T15:12:50.056025
3112de95-fd75-413e-8fe5-da1e62682124,2f86d74e-cf41-4fac-ae1b-6c70aa0545a5,2077600,INR,UPI,failed,PAYMENT_EXPIRED,1,3,0,338,359,0.33,FALSE,NO_ACTION,FAILURE,0,2026-08-30T14:22:50.056035
ce2b3057-65da-48bc-bb6d-97372b3a0a1d,d6c0e552-95b6-430a-9e30-7fc9f0a7ceca,1057300,INR,NETBANKING,failed,BANK_TIMEOUT,1,10,4,831,1091,0.83,TRUE,RETRY,SUCCESS,1057300,2026-08-30T02:10:50.056044
1b8cf7a6-bef0-4b0e-88b9-6a64ae83132d,3dda315a-ab53-4c8e-9b80-796f92b7e6c6,3087300,INR,CARD,failed,BANK_TIMEOUT,2,9,2,396,511,0.88,TRUE,RETRY,SUCCESS,3087300,2026-08-30T11:50:50.056053
b825cd22-c384-411c-adca-81c98c6e3f09,04e48ec6-e152-4b89-ae62-fac4d204f6a3,646100,INR,CARD,failed,BANK_TIMEOUT,1,18,6,773,777,0.48,TRUE,RETRY,SUCCESS,646100,2026-08-30T07:24:50.056064
c31668d7-9d12-4034-ae89-888d1e89be3f,3ce5c544-352d-4717-9431-98a564d87bce,2384900,INR,NETBANKING,failed,INSUFFICIENT_FUNDS,1,15,6,804,41,0.88,TRUE,REMINDER,SUCCESS,2384900,2026-08-30T19:40:50.056074
301bfac1-39f4-45d3-9150-ca784c0c201d,3eee5c86-b173-4842-8541-83258af747ed,2236700,INR,WALLET,failed,INVALID_PAYMENT_STATE,1,2,0,292,277,0.6,FALSE,NO_ACTION,FAILURE,0,2026-08-30T15:44:50.056083
f8887df4-1afa-4bb2-aee2-afa379c56310,42a1b325-d32b-4edd-b645-1cf4348aef86,989600,INR,UPI,failed,OTHER,3,11,7,906,404,0.87,FALSE,NO_ACTION,FAILURE,0,2026-08-30T13:37:50.056092
1be1a929-6d02-45cb-85a7-5f4030be752b,d73167bd-c57a-4205-b820-a96d532b1fe2,554400,INR,UPI,failed,OTHER,1,6,1,974,1274,0.81,FALSE,NO_ACTION,FAILURE,0,2026-08-29T23:07:50.056102
bd03c298-f85f-4246-8842-c2b442e1f223,8a6237d1-a022-4265-919e-17f2d55f19f0,2403400,INR,NETBANKING,failed,BANK_TIMEOUT,1,1,0,633,1066,0.82,TRUE,RETRY,SUCCESS,2403400,2026-08-30T02:35:50.056111
9947394e-1019-48eb-a398-35ef34d912f3,8a6237d1-a022-4265-919e-17f2d55f19f0,350800,INR,CARD,failed,CUSTOMER_ABANDONED,1,1,0,633,887,0.37,FALSE,NO_ACTION,FAILURE,0,2026-08-30T05:34:50.056123
905dc2a3-a4a5-438e-8847-b7df8ea9f20f,7f4d2b3a-f6e6-46f5-bd72-777a6c4774ed,4313700,INR,UPI,failed,BANK_TIMEOUT,1,4,0,386,268,0.8,TRUE,RETRY,SUCCESS,4313700,2026-08-30T15:53:50.056132
14ab8701-82ab-42bb-a532-3584be30313a,1f937235-2ad8-4938-b9e9-c273bbd93b85,135900,INR,UPI,failed,BANK_TIMEOUT,1,7,2,41,796,0.13,TRUE,RETRY,SUCCESS,135900,2026-08-30T07:05:50.056141
ad52c245-9fa5-410d-aafe-a965b17073fb,6d27f53e-6780-430c-9e5a-f87ade04af58,2413800,INR,CARD,failed,INVALID_PAYMENT_STATE,2,14,6,633,834,0.67,FALSE,NO_ACTION,FAILURE,0,2026-08-30T06:27:50.056151
dee44732-1592-4d39-8c01-8e11fee80bd1,cd3aa98b-32a0-4594-bf5c-5668f1c5fe87,4722800,INR,UPI,failed,BANK_TIMEOUT,1,3,0,865,171,0.83,TRUE,RETRY,SUCCESS,4722800,2026-08-30T17:30:50.056162
d4440bc0-1953-4eb7-bbe6-b547f42bdb4d,61506335-c0e8-4571-85d0-da48ca8fa926,2098000,INR,NETBANKING,failed,INVALID_PAYMENT_STATE,1,2,0,726,264,0.74,FALSE,NO_ACTION,FAILURE,0,2026-08-30T15:57:50.056171
a232b91b-cde5-4501-8c8d-e95a1b93704c,f70d5ab3-409a-478c-83fd-76f90cd9c138,1170600,INR,UPI,failed,BANK_TIMEOUT,2,17,1,659,179,0.79,TRUE,RETRY,SUCCESS,1170600,2026-08-30T17:22:50.056180
59efe714-8b58-4974-aea6-96cdba33c489,c18820a5-3b50-4a59-a592-c681dfcd4e3b,2245600,INR,NETBANKING,failed,INSUFFICIENT_FUNDS,1,9,4,245,1283,0.87,FALSE,NO_ACTION,FAILURE,0,2026-08-29T22:58:50.056189
a062f666-5f5c-483e-aaee-5ef452854e60,3dda315a-ab53-4c8e-9b80-796f92b7e6c6,2178500,INR,CARD,failed,BANK_TIMEOUT,1,9,1,396,285,0.26,TRUE,RETRY,SUCCESS,2178500,2026-08-30T15:36:50.056198
1a912af1-c23e-4110-b963-238022b1b0dc,cb382f9b-91ac-4738-a586-b046a08b2bfc,4717100,INR,WALLET,failed,BANK_TIMEOUT,2,9,5,280,478,0.27,TRUE,RETRY,SUCCESS,4717100,2026-08-30T12:23:50.056207
00343431-342f-4005-8b7b-2a890695b427,3dda315a-ab53-4c8e-9b80-796f92b7e6c6,3479000,INR,UPI,failed,PAYMENT_EXPIRED,2,9,2,396,1015,0.58,FALSE,NO_ACTION,FAILURE,0,2026-08-30T03:26:50.056217
6ed8d051-945d-4924-b33a-602a1dac1243,dfd876d4-004b-4456-8cae-1e3bea79b19b,4804300,INR,CARD,failed,INVALID_PAYMENT_STATE,1,1,0,883,379,0.51,FALSE,NO_ACTION,FAILURE,0,2026-08-30T14:02:50.056226
edbb98be-cf0e-4715-a520-b4c88ca6e31a,38e3a368-861f-4ea5-83f6-d3d37bc76364,1735300,INR,UPI,failed,INSUFFICIENT_FUNDS,3,11,4,117,1434,0.2,FALSE,NO_ACTION,FAILURE,0,2026-08-29T20:27:50.056236
4e33b478-d955-447d-8fca-a2de4fda0918,ffb6acbc-4a2c-4ba5-a5a8-7de3919e8851,1235800,INR,CARD,failed,CUSTOMER_ABANDONED,1,6,2,280,809,0.61,FALSE,NO_ACTION,FAILURE,0,2026-08-30T06:52:50.056245
49cc3c05-ab48-418d-8c9c-83653e2a1614,5af66040-8484-4d7b-ac87-ae6e27a43c13,2711900,INR,UPI,failed,BANK_TIMEOUT,1,12,2,290,707,0.69,TRUE,RETRY,SUCCESS,2711900,2026-08-30T08:34:50.056255
5af54f3e-7e6c-4e09-afa4-1cb63023cd41,0f3dfb98-2863-45fb-9625-d3f3d670b2f1,1659300,INR,UPI,failed,BANK_TIMEOUT,1,4,1,833,1012,0.38,TRUE,RETRY,SUCCESS,1659300,2026-08-30T03:29:50.056265
aa025ba9-f6d4-46d4-99c4-2764e0fdfd9e,3ce5c544-352d-4717-9431-98a564d87bce,2828600,INR,UPI,failed,CUSTOMER_ABANDONED,2,15,7,804,25,0.88,TRUE,PAYMENT_LINK,SUCCESS,2828600,2026-08-30T19:56:50.056275
640bf645-4cf7-4b1d-a3d2-cc55d6bac305,8aed5b46-843d-4607-8efc-f3b52f6a4377,2378900,INR,CARD,failed,INSUFFICIENT_FUNDS,3,19,9,852,1166,0.31,FALSE,NO_ACTION,FAILURE,0,2026-08-30T00:55:50.056284
e91ba979-732f-43e9-b3de-4771e0a4455a,59c4f886-4565-4bbd-9bba-67b30b5c0617,2356900,INR,CARD,failed,NETWORK_ERROR,1,18,5,460,1002,0.35,TRUE,RETRY,SUCCESS,2356900,2026-08-30T03:39:50.056293
03a76c6b-f002-41f5-bcd6-9fa6d8fba4d3,b9a515f4-1e40-456a-9ff1-e4e3cf5998df,1127700,INR,UPI,failed,NETWORK_ERROR,1,11,2,163,946,0.36,TRUE,RETRY,FAILURE,0,2026-08-30T04:35:50.056302
58ff1071-cd3b-4383-ba98-108c40c12794,ce924000-2566-42e8-a09b-a84bbdb52d41,3048400,INR,NETBANKING,failed,NETWORK_ERROR,1,20,8,982,790,0.44,TRUE,RETRY,SUCCESS,3048400,2026-08-30T07:11:50.056313
cada92ea-b7ee-41cb-9954-38635e2d02af,4efe55bb-e7e7-496a-8e0d-56197a6be8b3,2509900,INR,WALLET,failed,INSUFFICIENT_FUNDS,1,12,0,118,29,0.45,TRUE,REMINDER,FAILURE,0,2026-08-30T19:52:50.056323
2db0a980-d00c-4026-8778-545680d86545,2b094dbf-c55f-4d2c-94f8-182363a03c87,3895800,INR,NETBANKING,failed,BANK_TIMEOUT,1,19,0,582,968,0.22,TRUE,RETRY,SUCCESS,3895800,2026-08-30T04:13:50.056333
bd50d305-61cd-4238-b2b8-ce769e9e6150,7494a32a-00e2-4d27-898b-1c1c249495a1,1047500,INR,UPI,failed,OTHER,1,11,1,795,467,0.25,TRUE,PAYMENT_LINK,SUCCESS,1047500,2026-08-30T12:34:50.056342
ebf1be31-d269-4ce1-9bc8-fa09b39a1638,0d91bbf5-e845-4b70-8d64-8b96f70d2c12,1057400,INR,UPI,failed,CUSTOMER_ABANDONED,1,20,4,975,218,0.15,TRUE,PAYMENT_LINK,SUCCESS,1057400,2026-08-30T16:43:50.056354
b510f8fa-12fa-4cb0-95ac-ff6c24aea97d,679c979b-a698-4222-8a9a-fcf183a2e93a,937100,INR,UPI,failed,OTHER,2,2,1,471,853,0.49,FALSE,NO_ACTION,FAILURE,0,2026-08-30T06:08:50.056363
a6aad75f-480b-4df5-8f57-231b7fe18e90,3dda315a-ab53-4c8e-9b80-796f92b7e6c6,1049400,INR,UPI,failed,NETWORK_ERROR,1,9,1,396,1253,0.2,TRUE,RETRY,SUCCESS,1049400,2026-08-29T23:28:50.056373
2522872c-8b24-470d-be4d-35e3cf0a1d36,15425f68-9343-4ad5-8f25-92ca42331243,2456800,INR,CARD,failed,INVALID_PAYMENT_STATE,1,15,1,785,970,0.15,FALSE,NO_ACTION,FAILURE,0,2026-08-30T04:11:50.056384
8f96ce05-9098-47c7-ba16-633dcd4dbb20,341b2455-b614-4a9f-83ac-501a781ca7ca,1622900,INR,UPI,failed,NETWORK_ERROR,1,5,1,203,641,0.61,TRUE,RETRY,SUCCESS,1622900,2026-08-30T09:40:50.056394
c5bcf508-8c3f-4427-b1d3-40d9ea1b993f,d4ab4c4a-275c-4b06-820b-e2fd7c9809ba,3647200,INR,UPI,failed,CUSTOMER_ABANDONED,1,11,0,826,261,0.87,TRUE,PAYMENT_LINK,SUCCESS,3647200,2026-08-30T16:00:50.056403
5b5a46dc-bf38-4cdd-bc8f-11f8dc0b68f1,5675240c-f4c8-4099-b4a9-b835c6289760,1510200,INR,CARD,failed,INSUFFICIENT_FUNDS,2,7,3,933,511,0.49,FALSE,NO_ACTION,FAILURE,0,2026-08-30T11:50:50.056414
5214436d-ec53-4c17-83f5-9f2f88a306d8,94979842-70d5-4b13-aabd-0580a5d66173,2064200,INR,UPI,failed,BANK_TIMEOUT,2,16,2,592,1278,0.36,TRUE,RETRY,SUCCESS,2064200,2026-08-29T23:03:50.056425
faf0d225-a3aa-4fc0-9d37-f8f0894dff2c,4888654f-6f54-48b4-b7f9-9d407ee6b663,4779800,INR,UPI,failed,NETWORK_ERROR,2,13,1,151,566,0.67,TRUE,RETRY,FAILURE,0,2026-08-30T10:55:50.056437
a7ba5566-b4ea-492a-ab09-7774be03c2ae,49cf4356-0b7f-43b7-a75a-64fd496bc7f3,1626000,INR,UPI,failed,BANK_TIMEOUT,1,15,3,70,1272,0.49,TRUE,RETRY,SUCCESS,1626000,2026-08-29T23:09:50.056447
ccbcc00a-ef7d-4844-b688-78eeb0a34a5c,4efe55bb-e7e7-496a-8e0d-56197a6be8b3,3186500,INR,WALLET,failed,INSUFFICIENT_FUNDS,1,12,0,118,1323,0.25,FALSE,NO_ACTION,FAILURE,0,2026-08-29T22:18:50.056458
a0d3f8a5-5bed-4916-935b-24a9bad36331,a26f4afa-7d06-44ab-99ca-f136efb779dd,798800,INR,UPI,failed,BANK_TIMEOUT,2,19,1,347,1073,0.74,TRUE,RETRY,FAILURE,0,2026-08-30T02:28:50.056467
454fb4db-11df-4e3a-9d2a-4f7681428ad8,32e7f920-3185-4e29-bd26-b6f55a39214b,4601700,INR,CARD,failed,BANK_TIMEOUT,1,20,0,779,296,0.34,TRUE,RETRY,SUCCESS,4601700,2026-08-30T15:25:50.056476
3092d994-0f1d-4be3-83df-06178b10c1ac,341b2455-b614-4a9f-83ac-501a781ca7ca,525800,INR,UPI,failed,CUSTOMER_ABANDONED,4,5,4,203,915,0.6,FALSE,NO_ACTION,FAILURE,0,2026-08-30T05:06:50.056485
ecb19ba1-0e14-416c-be58-cdbc0fe9d5df,5af66040-8484-4d7b-ac87-ae6e27a43c13,2920700,INR,CARD,failed,BANK_TIMEOUT,1,12,2,290,566,0.26,TRUE,RETRY,SUCCESS,2920700,2026-08-30T10:55:50.056494
f6ab9239-076d-46b3-9204-5411fc6f97be,b9a515f4-1e40-456a-9ff1-e4e3cf5998df,852300,INR,UPI,failed,BANK_TIMEOUT,1,11,2,163,669,0.54,TRUE,RETRY,SUCCESS,852300,2026-08-30T09:12:50.056503
83f636a2-9cb6-4b68-96d8-2972abc58276,15425f68-9343-4ad5-8f25-92ca42331243,2467700,INR,UPI,failed,INSUFFICIENT_FUNDS,1,15,1,785,811,0.24,FALSE,NO_ACTION,FAILURE,0,2026-08-30T06:50:50.056512
9cad4518-3d4d-411c-863a-a29eb3392113,7f4d2b3a-f6e6-46f5-bd72-777a6c4774ed,236300,INR,CARD,failed,NETWORK_ERROR,2,4,1,386,81,0.81,TRUE,RETRY,SUCCESS,236300,2026-08-30T19:00:50.056521
564e2abb-8acf-4235-a733-55f4acbd0450,8d96247a-f530-4ff9-a320-c420ff17607f,3265000,INR,UPI,failed,BANK_TIMEOUT,1,6,1,544,1071,0.23,TRUE,RETRY,SUCCESS,3265000,2026-08-30T02:30:50.056530
97e0432b-4492-46ca-b2c9-f64a5f0a7e35,19c8e72f-0699-4388-b76a-85a742cbdc72,2350100,INR,UPI,failed,NETWORK_ERROR,2,9,4,406,1009,0.42,TRUE,RETRY,SUCCESS,2350100,2026-08-30T03:32:50.056541
47e7cb1d-e37b-49b6-9285-bfb9ac6f4f61,02f25f9f-71c3-4f2e-99fd-34840373c289,2605100,INR,CARD,failed,INSUFFICIENT_FUNDS,1,9,3,626,425,0.46,FALSE,NO_ACTION,FAILURE,0,2026-08-30T13:16:50.056552
9f88df08-33d2-4a3c-92d2-2b4449993a30,5675240c-f4c8-4099-b4a9-b835c6289760,1718800,INR,UPI,failed,BANK_TIMEOUT,1,7,2,933,50,0.14,TRUE,RETRY,SUCCESS,1718800,2026-08-30T19:31:50.056561
0d25f419-d231-415d-8bc5-7c1be71dc9e4,bec9a083-f195-44a8-94b3-f6a2a218d500,286400,INR,UPI,failed,BANK_TIMEOUT,1,3,1,377,282,0.5,TRUE,RETRY,FAILURE,0,2026-08-30T15:39:50.056570
2b7a174d-4f7b-4a76-a05b-9099fc615b4f,61506335-c0e8-4571-85d0-da48ca8fa926,2603900,INR,UPI,failed,CUSTOMER_ABANDONED,1,2,0,726,1372,0.67,FALSE,NO_ACTION,FAILURE,0,2026-08-29T21:29:50.056579
64f4c828-8f67-42af-99ef-e71917dd781f,ac8d834c-9949-4b2a-9a77-dd9cc5cbba99,272900,INR,UPI,failed,BANK_TIMEOUT,1,19,5,839,1007,0.11,TRUE,RETRY,SUCCESS,272900,2026-08-30T03:34:50.056588
47a8f87c-37e7-400b-89c3-cb47bb2f10d4,8d76267c-a10f-4d4d-b5f2-8180a49603d9,3346700,INR,NETBANKING,failed,BANK_TIMEOUT,1,10,3,227,1099,0.11,TRUE,RETRY,SUCCESS,3346700,2026-08-30T02:02:50.056597
f3cba4b9-6c79-4f37-aaa6-24cce716f4a5,ff3ecb5c-5abb-4013-a41a-1628c8e9a95e,3655500,INR,UPI,failed,NETWORK_ERROR,2,17,8,513,1245,0.31,TRUE,RETRY,FAILURE,0,2026-08-29T23:36:50.056608
2d2fbe8b-ba79-4a24-87f6-670f9dc8660e,7494a32a-00e2-4d27-898b-1c1c249495a1,790900,INR,CARD,failed,NETWORK_ERROR,1,11,1,795,1335,0.64,TRUE,RETRY,SUCCESS,790900,2026-08-29T22:06:50.056618
58194c32-8c5e-4403-86a0-ddb58f3762be,284ab2c2-6377-48f0-bcf8-2a832775075d,283000,INR,UPI,failed,BANK_TIMEOUT,3,4,3,72,422,0.26,TRUE,RETRY,SUCCESS,283000,2026-08-30T13:19:50.056627
6aaf0a7a-b6cc-4a07-b1f1-9bed5e2f1801,e9b824c6-8671-46e2-853d-bcde1fff8185,4530300,INR,CARD,failed,INVALID_PAYMENT_STATE,2,14,4,585,740,0.47,FALSE,NO_ACTION,FAILURE,0,2026-08-30T08:01:50.056636
8b05b9ce-dc33-47a8-9196-0d6c6f66e9f6,6667ab9c-3e69-44d3-bee6-75325f89c949,3724800,INR,NETBANKING,failed,PAYMENT_EXPIRED,1,9,4,210,49,0.35,FALSE,NO_ACTION,FAILURE,0,2026-08-30T19:32:50.056647
01cdfcc8-d9af-445b-a79e-0726d04baacd,eb2ab78c-2fc0-4842-a0d5-b4f9cf304b4b,2198400,INR,UPI,failed,OTHER,1,19,4,498,671,0.47,TRUE,PAYMENT_LINK,FAILURE,0,2026-08-30T09:10:50.056656
5ef4359d-47cc-4025-8494-0ac936823ca1,42a1b325-d32b-4edd-b645-1cf4348aef86,3232200,INR,UPI,failed,INSUFFICIENT_FUNDS,2,11,6,906,1367,0.79,FALSE,NO_ACTION,FAILURE,0,2026-08-29T21:34:50.056665
21e180b3-dded-48d1-a688-1ce572f58252,c6aadbdc-5c41-4bcf-89cb-5cfe7f71862a,712900,INR,NETBANKING,failed,INVALID_PAYMENT_STATE,1,20,3,647,23,0.86,FALSE,NO_ACTION,FAILURE,0,2026-08-30T19:58:50.056674
e3d811c9-0f41-49b1-acad-97f24efa4b15,d4ef9e6e-f448-4865-ad82-ebfd13f83c34,2926700,INR,UPI,failed,INSUFFICIENT_FUNDS,1,13,3,590,110,0.39,TRUE,REMINDER,FAILURE,0,2026-08-30T18:31:50.056684
07e25c9b-2212-419b-8619-04e53a1468a1,f190f440-a3d2-4440-ba68-647991ff090e,2453300,INR,UPI,failed,NETWORK_ERROR,1,3,0,865,72,0.82,TRUE,RETRY,SUCCESS,2453300,2026-08-30T19:09:50.056693
37753ab9-4535-4d15-a85e-c0a7365d1191,8131f646-4ada-40ab-a3b5-33f3635d34ea,1351200,INR,UPI,failed,INSUFFICIENT_FUNDS,3,7,3,383,63,0.8,FALSE,NO_ACTION,FAILURE,0,2026-08-30T19:18:50.056702
b4a5ee31-f781-48a7-b73a-866acf798aea,2660a21c-5c9c-4fd2-bc72-044891291d66,104000,INR,UPI,failed,CUSTOMER_ABANDONED,1,14,4,279,1188,0.66,FALSE,NO_ACTION,FAILURE,0,2026-08-30T00:33:50.056712
de3f5c75-e286-403d-a3c9-71f44449ca02,94979842-70d5-4b13-aabd-0580a5d66173,4616300,INR,UPI,failed,BANK_TIMEOUT,1,16,1,592,442,0.15,TRUE,RETRY,SUCCESS,4616300,2026-08-30T12:59:50.056722
56c9d631-4712-440b-8581-b77fc4f1a9b4,38f2f107-7d20-47b2-8be9-a4c648fb337d,2844300,INR,CARD,failed,NETWORK_ERROR,3,14,2,473,1182,0.82,TRUE,RETRY,FAILURE,0,2026-08-30T00:39:50.056731
57b8e40e-00fa-45ed-86c0-3562553cabb2,4ef6bee5-7767-465f-aa00-8d1f206f8827,4662400,INR,UPI,failed,NETWORK_ERROR,2,14,7,921,50,0.64,TRUE,RETRY,SUCCESS,4662400,2026-08-30T19:31:50.056747
addeb505-2f27-40d4-917b-ba5215c41e13,1537924b-12d5-4090-9a10-1e3df5140de1,2945900,INR,CARD,failed,OTHER,1,8,1,815,1154,0.77,FALSE,NO_ACTION,FAILURE,0,2026-08-30T01:07:50.056757
2c378f59-26db-4b84-8490-372fc170be7a,70bfeeb5-9cd6-4585-b9ee-0992881d203a,3211600,INR,CARD,failed,CUSTOMER_ABANDONED,2,4,1,824,587,0.39,TRUE,PAYMENT_LINK,SUCCESS,3211600,2026-08-30T10:34:50.056767
0c2849e4-4f88-40be-a11f-e9cade060477,56edb269-a37f-46ae-8f51-5e7e57a815bd,3579000,INR,UPI,failed,CUSTOMER_ABANDONED,1,5,2,924,1129,0.53,FALSE,NO_ACTION,FAILURE,0,2026-08-30T01:32:50.056777
b671aa1d-9307-4e5d-b43d-5c3038f6c1bb,3c3227cc-09b1-482e-ba0a-c283d08503d6,2282700,INR,UPI,failed,INSUFFICIENT_FUNDS,1,19,8,794,712,0.71,FALSE,NO_ACTION,FAILURE,0,2026-08-30T08:29:50.056787
527f2fd4-feb1-4469-b347-2d2a604ebcbc,667826fd-0c20-416b-814b-548bc8a6f759,4936000,INR,NETBANKING,failed,CUSTOMER_ABANDONED,1,7,3,306,885,0.17,FALSE,NO_ACTION,FAILURE,0,2026-08-30T05:36:50.056798
73dff8ce-0c88-4c33-9068-39902c2e1880,04f494dd-d273-440d-a7e8-099c45812d20,2191000,INR,NETBANKING,failed,INSUFFICIENT_FUNDS,1,16,3,318,1105,0.79,FALSE,NO_ACTION,FAILURE,0,2026-08-30T01:56:50.056808
73b7ba06-e697-4899-ac13-1d0f61821000,1cbfd664-fd4b-4a17-98b5-839bbfcd8376,2260800,INR,UPI,failed,INVALID_PAYMENT_STATE,1,1,0,125,1227,0.37,FALSE,NO_ACTION,FAILURE,0,2026-08-29T23:54:50.056818
83d9038e-87e2-4d8e-a150-6445e8ae9826,964b2c59-c184-4751-a098-39aa3d8a660f,1054800,INR,NETBANKING,failed,INSUFFICIENT_FUNDS,3,5,3,564,422,0.76,FALSE,NO_ACTION,FAILURE,0,2026-08-30T13:19:50.056827
6c15b212-736a-4667-85fb-d94e86de2522,eb3392e7-4fa4-45ac-9730-850c08bc8e00,743200,INR,WALLET,failed,INSUFFICIENT_FUNDS,1,9,2,980,1179,0.1,FALSE,NO_ACTION,FAILURE,0,2026-08-30T00:42:50.056837
b1b5c627-6594-4230-aa2c-164cf8af4596,4d2bd3d4-898e-46ce-864d-fb43a32331ca,1089300,INR,CARD,failed,CUSTOMER_ABANDONED,2,19,5,271,1002,0.19,TRUE,PAYMENT_LINK,FAILURE,0,2026-08-30T03:39:50.056849
39d4d53d-fd88-4db7-bc1c-e59b5ddc0128,7c60ec00-9be1-458f-b11a-b1b98d5fb6aa,2598400,INR,UPI,failed,PAYMENT_EXPIRED,1,4,0,375,720,0.7,FALSE,NO_ACTION,FAILURE,0,2026-08-30T08:21:50.056858
c3281667-bbc3-47cc-882b-1d80679cc4db,f566aeed-45e7-40e9-b76d-ea9a1fb58878,1489800,INR,CARD,failed,NETWORK_ERROR,2,17,3,361,386,0.67,TRUE,RETRY,FAILURE,0,2026-08-30T13:55:50.056869
0c054266-c46d-4a87-93e2-35d55bb37e7c,f566aeed-45e7-40e9-b76d-ea9a1fb58878,3255300,INR,UPI,failed,BANK_TIMEOUT,3,17,4,361,496,0.7,TRUE,RETRY,SUCCESS,3255300,2026-08-30T12:05:50.056878
77a771a0-16a9-4be8-8358-0db55b9eeca7,3c3227cc-09b1-482e-ba0a-c283d08503d6,642900,INR,WALLET,failed,BANK_TIMEOUT,1,19,8,794,606,0.2,TRUE,RETRY,FAILURE,0,2026-08-30T10:15:50.056890
fda4bb9a-bd11-437d-b961-d2997ebb489d,6b6c52f5-0a68-4e45-aef0-a21602846846,449200,INR,UPI,failed,OTHER,1,2,0,370,733,0.63,FALSE,NO_ACTION,FAILURE,0,2026-08-30T08:08:50.056900
e9558dac-d433-4a47-85bd-20ee8bf3ad42,b50f565f-73a4-4090-967c-71a14fa273b7,1977400,INR,UPI,failed,NETWORK_ERROR,1,9,3,598,1269,0.57,TRUE,RETRY,SUCCESS,1977400,2026-08-29T23:12:50.056909
47220076-b5f5-4708-b95c-6ea4cb7b8406,1cbfd664-fd4b-4a17-98b5-839bbfcd8376,4460600,INR,UPI,failed,BANK_TIMEOUT,1,1,0,125,64,0.3,TRUE,RETRY,FAILURE,0,2026-08-30T19:17:50.056919
2e5d7723-e9b4-4161-9931-0499e3f389dc,76b84d4d-59fe-46c1-9b0e-a116f63a3156,3542500,INR,CARD,failed,NETWORK_ERROR,1,9,1,205,719,0.86,TRUE,RETRY,FAILURE,0,2026-08-30T08:22:50.056928
f249c457-7eb1-4f1d-8ee3-4c5a0e7b5447,51ba28b1-2d97-4a21-a601-ecc12d00a59a,263400,INR,WALLET,failed,CUSTOMER_ABANDONED,1,20,1,515,517,0.53,FALSE,NO_ACTION,FAILURE,0,2026-08-30T11:44:50.056938
773e7e46-768a-4f7a-87bb-e2e252c72242,b7e4fa84-5db7-4b69-b341-7ccf82200685,4699800,INR,CARD,failed,BANK_TIMEOUT,1,18,2,631,691,0.29,TRUE,RETRY,SUCCESS,4699800,2026-08-30T08:50:50.056949
1a49cc83-812e-4562-bbcc-d49315b1c58c,26e9e9db-81c7-4ecc-b319-bfb3ee76affc,3631600,INR,CARD,failed,INVALID_PAYMENT_STATE,1,11,2,587,841,0.18,FALSE,NO_ACTION,FAILURE,0,2026-08-30T06:20:50.056960
444fc77b-4569-44d2-972b-a3ba00542731,5ce71f83-eea2-4ecd-bfce-b50c634fe4c8,4435200,INR,CARD,failed,OTHER,1,3,1,690,1029,0.24,FALSE,NO_ACTION,FAILURE,0,2026-08-30T03:12:50.056970
0d52e431-bebf-4cc2-a87c-72d16a042473,80caa33a-b108-462d-b6df-03555ad9b169,2553900,INR,CARD,failed,INSUFFICIENT_FUNDS,2,19,9,153,519,0.57,TRUE,REMINDER,SUCCESS,2553900,2026-08-30T11:42:50.056980
f6f79a16-48e2-4119-8ba9-136c7bb06dab,509c6612-4224-4fae-a6fb-5e4cdb7c64b1,1932700,INR,NETBANKING,failed,BANK_TIMEOUT,1,10,1,109,874,0.19,TRUE,RETRY,FAILURE,0,2026-08-30T05:47:50.056990
2ab001bd-be8b-441e-ae80-8a677578c87b,29481094-98b7-49dd-9e42-509081ed5505,3169700,INR,UPI,failed,BANK_TIMEOUT,2,11,3,455,1340,0.82,TRUE,RETRY,SUCCESS,3169700,2026-08-29T22:01:50.056999
8bf57bf2-a5b9-4d7b-9db2-4e892799f70c,f44bf9a3-00c3-4037-a720-d5251e774e74,1474200,INR,UPI,failed,CUSTOMER_ABANDONED,2,5,2,617,469,0.67,TRUE,PAYMENT_LINK,FAILURE,0,2026-08-30T12:32:50.057008
c429da09-563a-4b9a-8ed7-a761355c552a,3338bb9d-6d2f-42d6-b36c-8d8746163eb7,675400,INR,UPI,failed,BANK_TIMEOUT,3,14,8,702,1240,0.55,TRUE,RETRY,SUCCESS,675400,2026-08-29T23:41:50.057018
90cc670b-9602-4264-ac94-59b33dfdc7b3,61cb47a8-baba-4732-840a-9def2e83303b,2827800,INR,UPI,failed,INSUFFICIENT_FUNDS,1,11,5,405,1301,0.53,FALSE,NO_ACTION,FAILURE,0,2026-08-29T22:40:50.057027
be440109-3107-4ab6-be47-97df3e75302a,60fe0c04-d390-4559-9606-029b3328125d,1837800,INR,UPI,failed,CUSTOMER_ABANDONED,1,19,5,745,179,0.31,TRUE,PAYMENT_LINK,SUCCESS,1837800,2026-08-30T17:22:50.057036
b25a6526-7d2e-4ed3-b270-8463118f5802,43a1021d-9cf2-4db2-a9ab-b8c215c2306a,3333400,INR,NETBANKING,failed,OTHER,2,2,1,30,248,0.12,FALSE,NO_ACTION,FAILURE,0,2026-08-30T16:13:50.057047
7064bcbc-c218-4e40-a12a-a7b0e648106f,88a66209-6374-4abb-b756-008d72d081d0,4365700,INR,UPI,failed,CUSTOMER_ABANDONED,1,3,0,329,1142,0.31,FALSE,NO_ACTION,FAILURE,0,2026-08-30T01:19:50.057056
f05ff4c4-0403-4360-953f-c3d9e09f29ff,973ae00e-07cb-4972-939b-641c708aedc7,1225700,INR,UPI,failed,BANK_TIMEOUT,1,10,2,546,415,0.22,TRUE,RETRY,SUCCESS,1225700,2026-08-30T13:26:50.057066
ed27fd51-2a16-46f8-8d5f-1e09ed737523,cf9df9f0-f7e9-4559-91be-8dd278eab385,2447000,INR,UPI,failed,CUSTOMER_ABANDONED,1,10,3,666,1364,0.31,FALSE,NO_ACTION,FAILURE,0,2026-08-29T21:37:50.057075
eb3bfebe-deda-4086-8d13-a04fb767ff27,c9cc6734-0cec-4e6c-aa95-acb4ac1e0007,908200,INR,UPI,failed,BANK_TIMEOUT,1,4,0,206,438,0.25,TRUE,RETRY,SUCCESS,908200,2026-08-30T13:03:50.057084
ff5110ee-00fa-4828-8953-4847ea7a4163,9ef5041e-4ccb-4da8-9c26-53b592a7e2eb,1139900,INR,UPI,failed,INSUFFICIENT_FUNDS,1,3,1,644,146,0.22,FALSE,NO_ACTION,FAILURE,0,2026-08-30T17:55:50.057094
9f2dd2e4-3c4c-4c1b-9c49-ce3a0cc6ffd7,414ec467-8ac8-485f-baea-2f85143956b4,962900,INR,NETBANKING,failed,BANK_TIMEOUT,1,3,0,9,149,0.55,TRUE,RETRY,FAILURE,0,2026-08-30T17:52:50.057103
2762ec06-f756-486c-aff7-d7d89aedbc8c,63781b25-64c7-4210-82cb-ab92625e555f,2380500,INR,NETBANKING,failed,PAYMENT_EXPIRED,1,3,0,971,885,0.13,FALSE,NO_ACTION,FAILURE,0,2026-08-30T05:36:50.057113
0c7f8d78-0985-49f0-a76e-15c9bd4e16a1,7ab143eb-d694-4164-8240-a0e03e61d52f,191300,INR,UPI,failed,CUSTOMER_ABANDONED,1,1,0,578,922,0.59,FALSE,NO_ACTION,FAILURE,0,2026-08-30T04:59:50.057122
0645aa39-bb4a-4e57-9ce3-f044f0e76f18,9712acbb-e788-4cb7-bb08-af49af55c723,844400,INR,UPI,failed,OTHER,1,15,3,958,833,0.62,TRUE,PAYMENT_LINK,SUCCESS,844400,2026-08-30T06:28:50.057131
ae2e5104-6d65-4e84-9caa-8792a4e416f9,8e4ad148-3f98-4b48-b0e9-dc3034f49de9,3426100,INR,UPI,failed,CUSTOMER_ABANDONED,1,20,0,743,64,0.43,TRUE,PAYMENT_LINK,SUCCESS,3426100,2026-08-30T19:17:50.057142
045b3ebd-f317-4b86-b879-d1c4178714b6,bdc6e312-bb66-40e4-8dca-0b5c7c07de42,963900,INR,CARD,failed,BANK_TIMEOUT,1,15,1,407,576,0.47,TRUE,RETRY,FAILURE,0,2026-08-30T10:45:50.057152
95a4f519-52fb-4214-aa13-663864f3d7a9,c9cc6734-0cec-4e6c-aa95-acb4ac1e0007,3518000,INR,CARD,failed,OTHER,2,4,1,206,963,0.51,FALSE,NO_ACTION,FAILURE,0,2026-08-30T04:18:50.057162
a11985f3-e7d0-4b40-b01d-d6fb6e17d431,1537924b-12d5-4090-9a10-1e3df5140de1,3873700,INR,CARD,failed,OTHER,1,8,1,815,1354,0.73,FALSE,NO_ACTION,FAILURE,0,2026-08-29T21:47:50.057171
a8da1eb2-d383-4ba0-be4e-f455daf1abeb,4754cdc2-5e26-46ad-979e-c0507823dc6f,606200,INR,CARD,failed,OTHER,1,16,2,697,1263,0.61,FALSE,NO_ACTION,FAILURE,0,2026-08-29T23:18:50.057180
09fa0526-44d1-4c04-9646-037a89e3841b,a3cbd0d0-a400-4f10-a927-6f36ab85a685,1787600,INR,NETBANKING,failed,INSUFFICIENT_FUNDS,1,19,2,220,664,0.83,TRUE,REMINDER,SUCCESS,1787600,2026-08-30T09:17:50.057190
dc0769d4-a012-431d-9cf0-b74ffd055863,9a36f5ca-f22a-47a2-81dc-ef204e31f0ca,1267200,INR,CARD,failed,INSUFFICIENT_FUNDS,1,0,0,506,541,0.0,FALSE,NO_ACTION,FAILURE,0,2026-08-30T11:20:50.057218
3ecfe024-5f08-42f2-a0c2-90d88f674c69,0cbbc206-4150-4d2c-9f13-7f62a6a4f80a,4329500,INR,UPI,failed,INSUFFICIENT_FUNDS,2,7,1,981,1410,0.34,FALSE,NO_ACTION,FAILURE,0,2026-08-29T20:51:50.057232
51f5d55f-9bdc-472d-99cf-66a2bdc84c19,067969d3-87ca-402e-9e5f-abd4d8c3fc37,4680200,INR,UPI,failed,NETWORK_ERROR,2,11,6,231,1192,0.52,TRUE,RETRY,SUCCESS,4680200,2026-08-30T00:29:50.057243
41c38cb2-5c31-495f-9459-6c163eff3e18,16c718ce-170c-421a-98a6-41897f0220e8,4195000,INR,UPI,failed,INSUFFICIENT_FUNDS,1,9,3,298,691,0.25,TRUE,REMINDER,SUCCESS,4195000,2026-08-30T08:50:50.057256
0b1e9192-077e-4870-b969-7e08ffc917fd,f6d85e41-31cc-4480-8519-59771d605090,2576500,INR,UPI,failed,BANK_TIMEOUT,1,4,1,588,1101,0.37,TRUE,RETRY,SUCCESS,2576500,2026-08-30T02:00:50.057267
6a914922-03b1-4da1-8258-c6d39709269e,ac079f3c-4c85-4438-baa5-d79b55f21d91,2477800,INR,CARD,failed,OTHER,1,2,0,139,387,0.75,FALSE,NO_ACTION,FAILURE,0,2026-08-30T13:54:50.057278
0c087b5a-f1e5-4c9d-841a-d904ffc1d604,9786e0cd-a958-4d71-a1ab-bce61996b461,2990300,INR,NETBANKING,failed,INSUFFICIENT_FUNDS,2,7,1,990,1047,0.55,FALSE,NO_ACTION,FAILURE,0,2026-08-30T02:54:50.057287
75b5d377-9050-40c7-9153-aefb19d32220,edc681d5-4ade-4d5e-8184-9c9efa5888ee,2813000,INR,CARD,failed,NETWORK_ERROR,1,20,5,17,896,0.41,TRUE,RETRY,SUCCESS,2813000,2026-08-30T05:25:50.057298
e71a62c1-1917-40ee-8c81-d041f8fa3042,067969d3-87ca-402e-9e5f-abd4d8c3fc37,4991500,INR,CARD,failed,BANK_TIMEOUT,2,11,6,231,569,0.19,TRUE,RETRY,SUCCESS,4991500,2026-08-30T10:52:50.057307
69597f69-77c1-4020-9ac1-ac4c13b99031,97329e42-7159-4e71-8795-0a5ee7b5a11c,4879400,INR,CARD,failed,BANK_TIMEOUT,2,7,3,354,1161,0.15,TRUE,RETRY,FAILURE,0,2026-08-30T01:00:50.057317
188f2310-554c-4cd0-abe1-e04965853a61,44e1e5f4-20f5-4206-b1e6-a66692463e9d,1826400,INR,UPI,failed,BANK_TIMEOUT,1,8,0,713,1237,0.56,TRUE,RETRY,SUCCESS,1826400,2026-08-29T23:44:50.057326
25ad8189-1d73-44ff-af0d-3a530c88ece6,529b20ba-0778-430f-be83-44bae530483c,1004200,INR,UPI,failed,INSUFFICIENT_FUNDS,2,14,7,158,352,0.74,TRUE,REMINDER,SUCCESS,1004200,2026-08-30T14:29:50.057336
9bfa3255-3f78-4c69-8e78-4264efe96166,63b33c25-1d55-4937-905e-51d273aae591,124200,INR,WALLET,failed,BANK_TIMEOUT,2,16,6,175,553,0.75,TRUE,RETRY,SUCCESS,124200,2026-08-30T11:08:50.057345
09ae7a01-9105-42f7-a514-e41889442cc9,2e7a104b-19b2-4dfe-98b2-5992e4addea4,1458100,INR,UPI,failed,INSUFFICIENT_FUNDS,2,18,4,216,452,0.32,FALSE,NO_ACTION,FAILURE,0,2026-08-30T12:49:50.057357
1508eadf-45cb-4888-b1dc-a6dd7a34c4fb,0cbbc206-4150-4d2c-9f13-7f62a6a4f80a,2031700,INR,UPI,failed,INVALID_PAYMENT_STATE,2,7,1,981,914,0.27,FALSE,NO_ACTION,FAILURE,0,2026-08-30T05:07:50.057369
d00301c9-65ca-4694-bf2d-00dfdc75f505,435a057b-e2b1-4853-8ad1-ef6d7bda53cc,2687300,INR,CARD,failed,NETWORK_ERROR,2,17,1,520,788,0.78,TRUE,RETRY,SUCCESS,2687300,2026-08-30T07:13:50.057378
84166ea8-cd59-41d0-86b1-09d462033033,345c3273-b95f-4397-bcd4-1b9a6e794d7a,1790700,INR,UPI,failed,CUSTOMER_ABANDONED,1,1,0,548,1074,0.37,FALSE,NO_ACTION,FAILURE,0,2026-08-30T02:27:50.057388
b6fda9aa-40a1-4283-914f-50c08327d708,7691cd08-eb9e-4c0a-9235-38d3c109e48c,4044600,INR,UPI,failed,NETWORK_ERROR,1,15,2,670,296,0.66,TRUE,RETRY,SUCCESS,4044600,2026-08-30T15:25:50.057399
7091f4b2-3070-450d-afb7-51aca41080ed,bbd5da41-171f-49d4-bf10-da9470f306a7,1113500,INR,CARD,failed,BANK_TIMEOUT,1,19,5,311,830,0.32,TRUE,RETRY,FAILURE,0,2026-08-30T06:31:50.057409
fbb14462-a906-4136-a03e-4976738a8906,51ba28b1-2d97-4a21-a601-ecc12d00a59a,3945000,INR,NETBANKING,failed,OTHER,1,20,1,515,1154,0.3,TRUE,PAYMENT_LINK,SUCCESS,3945000,2026-08-30T01:07:50.057420
18f4de63-364c-47d5-bd6a-c3d36bb8312f,20a749db-ae9c-49a9-a536-d198c96252bf,2558400,INR,UPI,failed,NETWORK_ERROR,1,15,3,143,894,0.68,TRUE,RETRY,SUCCESS,2558400,2026-08-30T05:27:50.057432
55730531-5edc-4d24-87ee-fad15bd44d79,511e4582-84e5-4b92-bf7b-a1a73afc0cde,2292100,INR,UPI,failed,NETWORK_ERROR,4,15,6,191,981,0.23,FALSE,NO_ACTION,FAILURE,0,2026-08-30T04:00:50.057442
e9dc07bb-e12f-4a67-a5af-c4081e7ebf16,2fa9e9b3-ba11-4501-bdec-e519d20913de,4237100,INR,UPI,failed,INSUFFICIENT_FUNDS,1,18,2,726,75,0.88,FALSE,NO_ACTION,FAILURE,0,2026-08-30T19:06:50.057452
4258f0ad-2af5-4b66-b4ce-c52a8dfbcc20,af4f1ab4-cc34-47b9-88d9-96ce24f61962,1508000,INR,UPI,failed,OTHER,1,20,5,92,1425,0.54,FALSE,NO_ACTION,FAILURE,0,2026-08-29T20:36:50.057461
cc25b917-da5a-4024-b52d-dfd466bc0683,3d319a92-36aa-4fb9-9cad-f9ea64114edc,1682100,INR,UPI,failed,BANK_TIMEOUT,2,11,4,200,571,0.8,TRUE,RETRY,SUCCESS,1682100,2026-08-30T10:50:50.057473
e1ee8c57-8356-4630-8334-2fda6a12a455,c867c11c-0b5a-4472-8baf-a4a4ea7c0d6f,3421200,INR,UPI,failed,INVALID_PAYMENT_STATE,1,10,4,396,1173,0.62,FALSE,NO_ACTION,FAILURE,0,2026-08-30T00:48:50.057483
612f001c-98f9-49f9-b955-71a41fa4613d,80e91d90-a4e0-449e-ba21-ab4e821e1231,1163000,INR,UPI,failed,NETWORK_ERROR,1,4,0,790,344,0.29,TRUE,RETRY,SUCCESS,1163000,2026-08-30T14:37:50.057493
6abd80a3-35f9-41b0-988a-0088007f14e3,b67c8b82-7099-4d1d-b1dc-fa54afc357b3,514900,INR,UPI,failed,BANK_TIMEOUT,2,6,1,491,367,0.53,TRUE,RETRY,SUCCESS,514900,2026-08-30T14:14:50.057502
5c0e830f-d46b-4b60-a07c-8ed5c1c0129c,9e83b3f9-a1b4-44b5-9841-facc934bf797,4749600,INR,UPI,failed,INSUFFICIENT_FUNDS,1,6,1,257,18,0.36,FALSE,NO_ACTION,FAILURE,0,2026-08-30T20:03:50.057512
2a436e5a-c779-4314-991c-280cef9a9434,6abc631f-ae21-4d37-afb6-1cda6764ee59,3373600,INR,CARD,failed,INSUFFICIENT_FUNDS,2,15,2,939,807,0.21,FALSE,NO_ACTION,FAILURE,0,2026-08-30T06:54:50.057521
19926a39-541e-4dbe-ba81-1d60251d73ed,d1fe225b-b28c-475f-8456-90c21ddc6fa1,876900,INR,UPI,failed,INSUFFICIENT_FUNDS,1,8,0,340,572,0.47,FALSE,NO_ACTION,FAILURE,0,2026-08-30T10:49:50.057530
81a19476-6983-45d4-b7fe-89f80d40bfb3,57444803-0607-4b9a-ad1c-f49cdaccb4db,730000,INR,CARD,failed,BANK_TIMEOUT,1,20,2,453,87,0.15,TRUE,RETRY,SUCCESS,730000,2026-08-30T18:54:50.057540
9f0a845d-fd10-46f7-ab64-ee6582bf0b67,aa29accf-fa82-4de4-8554-3a41721e5a77,3476100,INR,CARD,failed,CUSTOMER_ABANDONED,1,3,0,145,1109,0.68,TRUE,PAYMENT_LINK,SUCCESS,3476100,2026-08-30T01:52:50.057551
df0ef708-5472-4b71-ac98-d465b3a71e1b,609642ba-f58f-46e8-90ab-b6ebb8bd939b,3415600,INR,UPI,failed,INSUFFICIENT_FUNDS,2,6,2,532,830,0.7,FALSE,NO_ACTION,FAILURE,0,2026-08-30T06:31:50.057561
6f9823eb-8692-44a6-b695-7ea72ce919be,2e7a104b-19b2-4dfe-98b2-5992e4addea4,1103700,INR,UPI,failed,NETWORK_ERROR,2,18,4,216,424,0.16,TRUE,RETRY,FAILURE,0,2026-08-30T13:17:50.057571
7f39a7a7-2144-428f-8117-bb65d0f03209,3338bb9d-6d2f-42d6-b36c-8d8746163eb7,3970900,INR,NETBANKING,failed,NETWORK_ERROR,1,14,6,702,49,0.35,TRUE,RETRY,SUCCESS,3970900,2026-08-30T19:32:50.057581
4aaef25f-79c2-403b-9678-8d1bde6f4a40,ae50c042-b40a-4309-9036-ea569729f208,4194100,INR,CARD,failed,NETWORK_ERROR,1,19,1,349,287,0.62,TRUE,RETRY,SUCCESS,4194100,2026-08-30T15:34:50.057590
dcb79524-0250-423f-997d-02cf6db9b81b,e3a6ef0a-fbd0-47ba-883a-80e9dfef8960,1498100,INR,NETBANKING,failed,BANK_TIMEOUT,1,15,5,850,953,0.4,TRUE,RETRY,SUCCESS,1498100,2026-08-30T04:28:50.057600
9e871457-f991-4b46-901e-6324d71634db,edc681d5-4ade-4d5e-8184-9c9efa5888ee,1618000,INR,NETBANKING,failed,INVALID_PAYMENT_STATE,3,20,7,17,606,0.4,FALSE,NO_ACTION,FAILURE,0,2026-08-30T10:15:50.057609
c351b5d3-35af-45ea-a918-63d1eaa24e9b,013fb5cf-da9f-48ec-baa7-1096890e2acc,4292300,INR,NETBANKING,failed,BANK_TIMEOUT,1,18,1,965,1050,0.54,TRUE,RETRY,FAILURE,0,2026-08-30T02:51:50.057618
4a5eb9e6-a8b4-428e-8561-06e7d3186f11,39a631e7-3d29-433b-b10c-42d778b9bee4,454000,INR,UPI,failed,BANK_TIMEOUT,3,5,3,195,340,0.11,TRUE,RETRY,SUCCESS,454000,2026-08-30T14:41:50.057627
5639d911-abfa-4671-a046-c1823983c3e8,e6da1404-6dab-462b-896a-41ad701852d5,1776900,INR,UPI,failed,INSUFFICIENT_FUNDS,1,15,3,342,761,0.12,FALSE,NO_ACTION,FAILURE,0,2026-08-30T07:40:50.057636
176ad9f4-0e9a-4730-96e7-8fa6f0533424,62971036-2531-4340-9bca-3c4692acee70,3026500,INR,UPI,failed,NETWORK_ERROR,1,1,0,739,1059,0.57,TRUE,RETRY,FAILURE,0,2026-08-30T02:42:50.057646
cea1be5e-5b73-4792-a68c-413a74823eaa,55b04c51-cf59-49eb-8776-d4e477bd8be3,3378300,INR,UPI,failed,CUSTOMER_ABANDONED,2,15,4,426,1160,0.5,TRUE,PAYMENT_LINK,SUCCESS,3378300,2026-08-30T01:01:50.057656
3e8e63b2-787b-4c97-ae08-1304c54aff31,bbd5da41-171f-49d4-bf10-da9470f306a7,2173600,INR,CARD,failed,NETWORK_ERROR,2,19,6,311,548,0.22,TRUE,RETRY,SUCCESS,2173600,2026-08-30T11:13:50.057667
8b2f4abb-a5bb-4605-a1bc-3b10667eeed8,63b33c25-1d55-4937-905e-51d273aae591,2525800,INR,UPI,failed,BANK_TIMEOUT,1,16,5,175,25,0.86,TRUE,RETRY,SUCCESS,2525800,2026-08-30T19:56:50.057676
f2692584-d5e5-4e63-a26b-711c8432d1a8,c5e95a38-9a50-4870-97c1-3c2dfa733dbd,1003800,INR,UPI,failed,INSUFFICIENT_FUNDS,4,17,5,643,432,0.1,FALSE,NO_ACTION,FAILURE,0,2026-08-30T13:09:50.057685
74b5f4ea-0af2-4e8e-81eb-814d45bad6d4,efa40cd6-8d92-4e66-a8a5-38e9512838f4,1750000,INR,CARD,failed,CUSTOMER_ABANDONED,1,9,1,114,340,0.84,TRUE,PAYMENT_LINK,SUCCESS,1750000,2026-08-30T14:41:50.057695
e136e778-a0aa-4c79-a81c-cbd6324a191f,aa29accf-fa82-4de4-8554-3a41721e5a77,2256100,INR,CARD,failed,OTHER,2,3,1,145,529,0.56,TRUE,PAYMENT_LINK,FAILURE,0,2026-08-30T11:32:50.057705
05c09e78-16a6-4a0b-bf29-6bf630f29b25,80e91d90-a4e0-449e-ba21-ab4e821e1231,2176600,INR,CARD,failed,NETWORK_ERROR,1,4,0,790,1397,0.77,TRUE,RETRY,SUCCESS,2176600,2026-08-29T21:04:50.057714
65e6c146-6fe3-471e-9f86-ef9fa435476e,b50f565f-73a4-4090-967c-71a14fa273b7,1617500,INR,UPI,failed,BANK_TIMEOUT,1,9,3,598,673,0.85,TRUE,RETRY,FAILURE,0,2026-08-30T09:08:50.057724
3ec97708-9625-42e0-b163-37a5c98ab825,646e9b3d-6eeb-415b-ba19-fd598af01c50,346100,INR,WALLET,failed,NETWORK_ERROR,2,18,3,657,219,0.76,TRUE,RETRY,FAILURE,0,2026-08-30T16:42:50.057733
63fc6638-c9a9-4d02-97c5-98647068ff0e,111538c7-72eb-4d57-bfa4-97cba2942756,1640100,INR,UPI,failed,BANK_TIMEOUT,1,19,6,147,1111,0.5,TRUE,RETRY,SUCCESS,1640100,2026-08-30T01:50:50.057742
a74473b7-b258-46b8-abb7-7654e538ef67,6e3e01a4-8461-4db0-8fbb-ae5b82d73c11,2180600,INR,UPI,failed,BANK_TIMEOUT,1,10,4,144,1358,0.15,TRUE,RETRY,FAILURE,0,2026-08-29T21:43:50.057752
69ffef92-2ac0-4b6e-81e4-594d00ab16db,ae50c042-b40a-4309-9036-ea569729f208,2670200,INR,CARD,failed,BANK_TIMEOUT,1,19,1,349,63,0.37,TRUE,RETRY,SUCCESS,2670200,2026-08-30T19:18:50.057812
d4a8cb0a-f244-47c1-a1f3-3d65cfd606ae,802f9c60-4f63-4234-97cb-28b3ff0776bf,3233400,INR,NETBANKING,failed,NETWORK_ERROR,1,15,0,316,881,0.78,TRUE,RETRY,SUCCESS,3233400,2026-08-30T05:40:50.057822
0542af92-693f-428c-896a-dcc67fae64de,c867c11c-0b5a-4472-8baf-a4a4ea7c0d6f,2212700,INR,UPI,failed,NETWORK_ERROR,1,10,4,396,170,0.18,TRUE,RETRY,SUCCESS,2212700,2026-08-30T17:31:50.057832
b2fc34e5-ca9b-4504-a3f9-732d7b2dc211,f79bd2d0-0bf8-4a7f-9b8b-d4a883ed287b,3551300,INR,UPI,failed,INVALID_PAYMENT_STATE,3,1,2,366,1429,0.62,FALSE,NO_ACTION,FAILURE,0,2026-08-29T20:32:50.057842
8ee1ac60-c9c0-479b-b84b-e10be0041050,14c3a0c9-9beb-43f2-8d46-e31a61f47e67,3098100,INR,UPI,failed,BANK_TIMEOUT,4,11,4,84,752,0.64,TRUE,RETRY,SUCCESS,3098100,2026-08-30T07:49:50.057853
22bd9a35-9114-43a1-809c-08b07e3359f4,4d2bd3d4-898e-46ce-864d-fb43a32331ca,3758600,INR,UPI,failed,BANK_TIMEOUT,1,19,4,271,205,0.13,TRUE,RETRY,FAILURE,0,2026-08-30T16:56:50.057863
a5ba491d-1318-46b9-b189-946f5f5a12c6,63b33c25-1d55-4937-905e-51d273aae591,11300,INR,CARD,failed,BANK_TIMEOUT,1,16,5,175,801,0.76,TRUE,RETRY,SUCCESS,11300,2026-08-30T07:00:50.057874
7b9ec9f9-e46d-4d1e-80b6-bdb0eaf6e32d,16c718ce-170c-421a-98a6-41897f0220e8,4043300,INR,CARD,failed,BANK_TIMEOUT,1,9,3,298,284,0.15,TRUE,RETRY,SUCCESS,4043300,2026-08-30T15:37:50.057883
fb2e9019-1fbf-48d2-ae16-c567aa313905,a5118af8-2ad2-4df3-8c89-7da6e8042cee,4597100,INR,UPI,failed,NETWORK_ERROR,1,1,0,894,582,0.13,TRUE,RETRY,SUCCESS,4597100,2026-08-30T10:39:50.057893
bca6d731-31b0-46aa-897f-c42030be64bb,f3954e86-631c-4f32-a176-01d6b7b7eaa2,3107600,INR,CARD,failed,NETWORK_ERROR,1,17,3,588,602,0.62,TRUE,RETRY,SUCCESS,3107600,2026-08-30T10:19:50.057903
0d0f396b-024e-4ab3-ba51-f02a6b0da533,529b20ba-0778-430f-be83-44bae530483c,2037100,INR,CARD,failed,BANK_TIMEOUT,1,14,6,158,318,0.13,TRUE,RETRY,FAILURE,0,2026-08-30T15:03:50.057914
a9eef526-f479-4b17-9a6d-ee82be99cac7,0d7946d7-3f96-4f19-942e-e86bea7efa3d,715600,INR,WALLET,failed,BANK_TIMEOUT,2,20,2,38,579,0.72,TRUE,RETRY,SUCCESS,715600,2026-08-30T10:42:50.057924
a26dac88-bb1c-48f7-8ce7-ccffd17f0319,a1db7731-3ecd-45c7-9208-b274faa52f48,3166100,INR,UPI,failed,BANK_TIMEOUT,1,8,3,552,1376,0.54,TRUE,RETRY,FAILURE,0,2026-08-29T21:25:50.057933
265135f2-45d0-4f1c-9916-8ace27d33dd4,2aea8585-a08b-4b94-855e-ec64d607cd26,3111300,INR,CARD,failed,NETWORK_ERROR,1,1,0,811,707,0.15,TRUE,RETRY,FAILURE,0,2026-08-30T08:34:50.057944
745dfc17-be67-4173-94da-e50f6b8cc9a3,92ce6204-0158-48ac-9d3e-b1222252bfe7,2563000,INR,UPI,failed,NETWORK_ERROR,1,3,0,256,815,0.73,TRUE,RETRY,SUCCESS,2563000,2026-08-30T06:46:50.057954
b4cf0fe6-dfff-4fd0-907f-cb470e9a6ba2,6f46cda4-d980-4996-8bad-71560c320409,4894200,INR,WALLET,failed,NETWORK_ERROR,1,13,5,788,1161,0.79,TRUE,RETRY,FAILURE,0,2026-08-30T01:00:50.057964
a50c008a-84b1-49e2-9921-11460c566c21,c867c11c-0b5a-4472-8baf-a4a4ea7c0d6f,1652300,INR,UPI,failed,NETWORK_ERROR,4,10,7,396,304,0.13,TRUE,RETRY,SUCCESS,1652300,2026-08-30T15:17:50.057975
516ba431-c95e-4059-b672-63c38e755a12,9786e0cd-a958-4d71-a1ab-bce61996b461,1830900,INR,NETBANKING,failed,CUSTOMER_ABANDONED,1,7,0,990,19,0.61,TRUE,PAYMENT_LINK,FAILURE,0,2026-08-30T20:02:50.057985
f3acb98f-a46e-4299-9dba-709501f18baa,c4c3761a-31f7-4256-af99-a7d57bde1f1a,2219700,INR,UPI,failed,NETWORK_ERROR,2,8,1,565,1027,0.26,TRUE,RETRY,SUCCESS,2219700,2026-08-30T03:14:50.057994
ac42931f-9ae3-48fd-a19c-5e6b50467044,1d2dcc01-a67e-4639-848e-59632182e7e3,4886200,INR,UPI,failed,INSUFFICIENT_FUNDS,2,15,1,339,1210,0.59,FALSE,NO_ACTION,FAILURE,0,2026-08-30T00:11:50.058004
ed4ff66e-1d62-490c-9407-62aa18b83ef7,ae50c042-b40a-4309-9036-ea569729f208,4802400,INR,CARD,failed,NETWORK_ERROR,2,19,2,349,1121,0.33,TRUE,RETRY,SUCCESS,4802400,2026-08-30T01:40:50.058016
225a6a13-6631-4633-bfe2-b80cab3e8d96,2f8ce255-1d81-4189-bc17-1996e8ef0b4e,2189700,INR,UPI,failed,INSUFFICIENT_FUNDS,3,10,5,830,129,0.48,FALSE,NO_ACTION,FAILURE,0,2026-08-30T18:12:50.058026
2dfab12b-192c-4091-b004-158b6fcad97a,58120260-53c8-48c6-b2a9-de5d781e3e64,3999500,INR,UPI,failed,OTHER,2,12,6,969,457,0.46,TRUE,PAYMENT_LINK,SUCCESS,3999500,2026-08-30T12:44:50.058035
2c84fbf6-7f35-401b-a18b-ce529ba264e8,efa40cd6-8d92-4e66-a8a5-38e9512838f4,1513800,INR,CARD,failed,INSUFFICIENT_FUNDS,1,9,1,114,9,0.52,FALSE,NO_ACTION,FAILURE,0,2026-08-30T20:12:50.058044
bb01b80a-ff24-4900-b5e9-748e3be67e54,509c6612-4224-4fae-a6fb-5e4cdb7c64b1,1576100,INR,UPI,failed,NETWORK_ERROR,3,10,3,109,561,0.53,TRUE,RETRY,FAILURE,0,2026-08-30T11:00:50.058054
a98b3266-1e80-4a65-a088-04a26c875fe3,e3a6ef0a-fbd0-47ba-883a-80e9dfef8960,3298200,INR,NETBANKING,failed,CUSTOMER_ABANDONED,2,15,6,850,628,0.72,TRUE,PAYMENT_LINK,SUCCESS,3298200,2026-08-30T09:53:50.058063
5ffd33f8-818c-47c1-9f4e-eebc72e74c6c,f3fcf1b3-8a46-4cb3-a703-c061c072e4d5,1408600,INR,UPI,failed,INSUFFICIENT_FUNDS,2,16,5,520,481,0.84,FALSE,NO_ACTION,FAILURE,0,2026-08-30T12:20:50.058072
8c21b3a8-052d-4b59-9709-c6d96f65b462,b7e4fa84-5db7-4b69-b341-7ccf82200685,2163400,INR,UPI,failed,CUSTOMER_ABANDONED,1,18,2,631,880,0.16,FALSE,NO_ACTION,FAILURE,0,2026-08-30T05:41:50.058081
624caa70-bc08-4116-be9e-ee82547821e6,39a631e7-3d29-433b-b10c-42d778b9bee4,145500,INR,UPI,failed,OTHER,2,5,2,195,347,0.63,TRUE,PAYMENT_LINK,SUCCESS,145500,2026-08-30T14:34:50.058090
497d9d04-37a2-4073-b77f-11f63c9b5e41,22768041-e73d-437f-b588-12f134710385,1347500,INR,CARD,failed,NETWORK_ERROR,2,1,1,75,592,0.35,TRUE,RETRY,SUCCESS,1347500,2026-08-30T10:29:50.058100
66475b47-fe1d-4589-acd4-7bce6b558da5,69a1982c-37eb-44bd-87c4-b1fedc887c7f,509500,INR,WALLET,failed,INVALID_PAYMENT_STATE,2,2,1,685,7,0.86,FALSE,NO_ACTION,FAILURE,0,2026-08-30T20:14:50.058111
3ceecb4b-607b-4109-b126-9bff77234cc9,7654cb2e-cfe9-4b23-970f-1e6becebece4,4980500,INR,NETBANKING,failed,OTHER,1,1,0,181,925,0.37,FALSE,NO_ACTION,FAILURE,0,2026-08-30T04:56:50.058120
ef1abf96-3f0f-4e5b-b699-73d7d660e412,600c578e-efd2-410f-9805-354dcb6a379d,3513500,INR,UPI,failed,BANK_TIMEOUT,1,9,3,767,570,0.73,TRUE,RETRY,SUCCESS,3513500,2026-08-30T10:51:50.058129
5a3793a9-8bc3-4f2f-a91c-2141a21c2007,c131c830-56dc-4c20-9d32-a6ca0c1dde90,2552000,INR,CARD,failed,INSUFFICIENT_FUNDS,1,13,0,85,38,0.83,TRUE,REMINDER,FAILURE,0,2026-08-30T19:43:50.058139
b84b286b-cfc7-4e6d-ae38-c1d0b2940d31,444e2c0f-c7ae-4c18-a665-e427921eb781,576300,INR,WALLET,failed,BANK_TIMEOUT,1,13,5,180,1070,0.75,TRUE,RETRY,SUCCESS,576300,2026-08-30T02:31:50.058148
f54eb550-1463-4ee9-8574-03e736cc0973,1431e865-7104-4d88-a820-c26ee68c3108,4149000,INR,UPI,failed,NETWORK_ERROR,1,1,0,662,886,0.18,TRUE,RETRY,FAILURE,0,2026-08-30T05:35:50.058157
0906a646-5654-472d-a01f-5f995ae377ff,c2361724-f8f7-4e74-a61b-2075f8da7983,1107800,INR,UPI,failed,INSUFFICIENT_FUNDS,2,12,3,653,1429,0.15,FALSE,NO_ACTION,FAILURE,0,2026-08-29T20:32:50.058166
3a34a24a-2c45-4eda-ac3a-024795b6a488,7a313943-ae68-4131-8d3f-8f601e459668,4315800,INR,NETBANKING,failed,CUSTOMER_ABANDONED,1,20,3,242,938,0.41,FALSE,NO_ACTION,FAILURE,0,2026-08-30T04:43:50.058175
40487c91-b9e7-43d6-9b49-4ed906065cf3,29481094-98b7-49dd-9e42-509081ed5505,285000,INR,UPI,failed,BANK_TIMEOUT,1,11,2,455,36,0.89,TRUE,RETRY,SUCCESS,285000,2026-08-30T19:45:50.058184
9c9b9387-333f-40e6-ad58-1455e8db9dfa,c5e95a38-9a50-4870-97c1-3c2dfa733dbd,4923400,INR,CARD,failed,OTHER,2,17,3,643,175,0.21,FALSE,NO_ACTION,FAILURE,0,2026-08-30T17:26:50.058193
63f35d62-b294-45a5-a818-23374b405273,29f0e05d-686e-4b9d-8d75-4328033a30a1,3689200,INR,CARD,failed,INSUFFICIENT_FUNDS,1,1,0,411,1134,0.9,FALSE,NO_ACTION,FAILURE,0,2026-08-30T01:27:50.058210
5f3b1d72-489d-42a5-a6ed-a785efaf3476,8b310a10-7eb9-4240-80de-ccdf8a2bbaef,794800,INR,CARD,failed,BANK_TIMEOUT,2,17,6,900,650,0.3,TRUE,RETRY,SUCCESS,794800,2026-08-30T09:31:50.058220
81b62372-5e8f-4f13-b6c0-00583301ef9b,efa40cd6-8d92-4e66-a8a5-38e9512838f4,708400,INR,UPI,failed,NETWORK_ERROR,3,9,3,114,281,0.66,TRUE,RETRY,FAILURE,0,2026-08-30T15:40:50.058230
c971b64c-8317-413b-b5e3-a16a4f71f924,4ef6bee5-7767-465f-aa00-8d1f206f8827,2237800,INR,CARD,failed,OTHER,3,14,8,921,746,0.16,FALSE,NO_ACTION,FAILURE,0,2026-08-30T07:55:50.058239
db8cbd00-1de2-4ff6-94ff-df4fd8e4bb79,b479a3ab-f189-4a59-8c61-10e290e2687c,2676400,INR,UPI,failed,OTHER,1,16,1,371,191,0.8,TRUE,PAYMENT_LINK,SUCCESS,2676400,2026-08-30T17:10:50.058248
1b9fd094-0229-41f1-a653-26f45f112656,9ef5041e-4ccb-4da8-9c26-53b592a7e2eb,2385800,INR,UPI,failed,OTHER,2,3,2,644,652,0.81,TRUE,PAYMENT_LINK,SUCCESS,2385800,2026-08-30T09:29:50.058258
c907cb35-9c28-4413-a53f-47001593c86f,435a057b-e2b1-4853-8ad1-ef6d7bda53cc,1527200,INR,UPI,failed,NETWORK_ERROR,2,17,1,520,1109,0.83,TRUE,RETRY,SUCCESS,1527200,2026-08-30T01:52:50.058267
7cf77093-187a-415a-a89e-8d61486a94b7,ce53d6d4-25d9-45ec-83a5-5f6840b4e33e,4535100,INR,UPI,failed,OTHER,1,9,2,632,206,0.82,TRUE,PAYMENT_LINK,SUCCESS,4535100,2026-08-30T16:55:50.058276
67531055-6fd3-466e-bdab-5b473d7c2b5f,eb3392e7-4fa4-45ac-9730-850c08bc8e00,619200,INR,CARD,failed,BANK_TIMEOUT,1,9,2,980,141,0.18,TRUE,RETRY,SUCCESS,619200,2026-08-30T18:00:50.058286
30736dda-3e2f-4e71-99aa-190167d14581,39a631e7-3d29-433b-b10c-42d778b9bee4,288600,INR,UPI,failed,NETWORK_ERROR,1,5,1,195,542,0.23,TRUE,RETRY,FAILURE,0,2026-08-30T11:19:50.058297
82c78835-49c3-4f40-b6e5-76a6b1da8e90,cabdad44-52c9-414e-8981-72d0ececdb94,547400,INR,UPI,failed,BANK_TIMEOUT,3,10,5,408,1436,0.79,TRUE,RETRY,SUCCESS,547400,2026-08-29T20:25:50.058309
08adace7-2e1b-4ee0-a9eb-208013946731,caeb77e1-887d-443b-b8c9-0d6eaa0bc0cd,4785900,INR,CARD,failed,BANK_TIMEOUT,3,5,4,821,1398,0.51,TRUE,RETRY,SUCCESS,4785900,2026-08-29T21:03:50.058318
309e7a3e-b6df-405c-93c4-a75672ad25d5,29f0e05d-686e-4b9d-8d75-4328033a30a1,1801100,INR,UPI,failed,CUSTOMER_ABANDONED,2,1,1,411,1009,0.54,FALSE,NO_ACTION,FAILURE,0,2026-08-30T03:32:50.058327
90b0e8ba-bf66-4cfe-ac40-0e15b61f3a44,c2361724-f8f7-4e74-a61b-2075f8da7983,4029000,INR,CARD,failed,BANK_TIMEOUT,1,12,2,653,706,0.21,TRUE,RETRY,SUCCESS,4029000,2026-08-30T08:35:50.058337
330fa7d3-5166-4083-8143-959e02f2b4c1,f3fcf1b3-8a46-4cb3-a703-c061c072e4d5,1895200,INR,UPI,failed,INSUFFICIENT_FUNDS,2,16,5,520,861,0.3,FALSE,NO_ACTION,FAILURE,0,2026-08-30T06:00:50.058346
2cdd5a5a-815f-47e7-9c4f-350d8d677280,14c3a0c9-9beb-43f2-8d46-e31a61f47e67,761100,INR,UPI,failed,BANK_TIMEOUT,1,11,1,84,263,0.56,TRUE,RETRY,SUCCESS,761100,2026-08-30T15:58:50.058355
9c3b9f38-154f-41e8-8a5f-90fbffc9ed38,0cbbc206-4150-4d2c-9f13-7f62a6a4f80a,1640400,INR,UPI,failed,BANK_TIMEOUT,4,7,3,981,96,0.69,TRUE,RETRY,SUCCESS,1640400,2026-08-30T18:45:50.058364
5a8fbe13-f34b-4475-9876-1204fba8704d,caeb77e1-887d-443b-b8c9-0d6eaa0bc0cd,1822300,INR,WALLET,failed,INSUFFICIENT_FUNDS,1,5,2,821,227,0.76,FALSE,NO_ACTION,FAILURE,0,2026-08-30T16:34:50.058374
330c6407-57e6-42c0-a914-9b27ae73f838,f566aeed-45e7-40e9-b76d-ea9a1fb58878,2247100,INR,UPI,failed,BANK_TIMEOUT,2,17,3,361,253,0.8,TRUE,RETRY,SUCCESS,2247100,2026-08-30T16:08:50.058383
7387bba2-ecb2-42c4-9a28-25e368f36392,973ae00e-07cb-4972-939b-641c708aedc7,3410400,INR,CARD,failed,NETWORK_ERROR,1,10,2,546,1301,0.22,TRUE,RETRY,SUCCESS,3410400,2026-08-29T22:40:50.058392
54ff4e56-7000-4479-a682-3c82763f96d7,4d2bd3d4-898e-46ce-864d-fb43a32331ca,4350400,INR,UPI,failed,NETWORK_ERROR,1,19,4,271,101,0.3,TRUE,RETRY,SUCCESS,4350400,2026-08-30T18:40:50.058403
b735850c-a893-417b-9377-1defdeadc5e8,66aa5c44-7b60-458c-a4e2-a9ad97254dac,4914200,INR,UPI,failed,BANK_TIMEOUT,1,19,3,2,589,0.21,TRUE,RETRY,SUCCESS,4914200,2026-08-30T10:32:50.058413
ec767b05-ba9e-47a4-bcb9-f5c79a23d0fa,fb50eb04-b7b4-4843-9189-d2ec224d4be3,3111300,INR,CARD,failed,INSUFFICIENT_FUNDS,1,1,0,141,713,0.34,FALSE,NO_ACTION,FAILURE,0,2026-08-30T08:28:50.058422
90b0cf7c-e532-440a-a733-6104cd01288f,df342c90-3535-4566-976d-424389e0fdd9,4521700,INR,NETBANKING,failed,PAYMENT_EXPIRED,3,11,5,745,553,0.23,FALSE,NO_ACTION,FAILURE,0,2026-08-30T11:08:50.058432
bc989979-6f07-4bdc-ba3a-bd8686202c8d,c99b30ae-92cd-4a6a-978c-67df104005eb,122300,INR,CARD,failed,INSUFFICIENT_FUNDS,1,1,0,908,1130,0.51,FALSE,NO_ACTION,FAILURE,0,2026-08-30T01:31:50.058441
da6d9957-6ea6-484a-997d-098f6b89683e,c7e55432-b763-419e-8233-8140573698af,1764200,INR,CARD,failed,INSUFFICIENT_FUNDS,1,5,2,659,557,0.79,TRUE,REMINDER,SUCCESS,1764200,2026-08-30T11:04:50.058451
c289bb69-f72a-4da9-acf6-dd3432f9c8a1,646e9b3d-6eeb-415b-ba19-fd598af01c50,143000,INR,UPI,failed,OTHER,1,18,2,657,580,0.3,TRUE,PAYMENT_LINK,FAILURE,0,2026-08-30T10:41:50.058460
99a18646-96b0-420e-a28a-c77bd4d71f02,81ad7eed-a3fa-42ce-9a55-6fcada87d638,4031200,INR,UPI,failed,OTHER,3,1,2,47,1286,0.5,FALSE,NO_ACTION,FAILURE,0,2026-08-29T22:55:50.058471
ac53d107-a026-42f1-b9d9-f7d4d7ea0b89,f79bd2d0-0bf8-4a7f-9b8b-d4a883ed287b,138200,INR,UPI,failed,CUSTOMER_ABANDONED,1,1,0,366,1164,0.37,FALSE,NO_ACTION,FAILURE,0,2026-08-30T00:57:50.058481
60cbce34-7966-4bf9-8a93-c82dcc497403,88a66209-6374-4abb-b756-008d72d081d0,720800,INR,CARD,failed,CUSTOMER_ABANDONED,1,3,0,329,1426,0.74,FALSE,NO_ACTION,FAILURE,0,2026-08-29T20:35:50.058490
4da400ba-c6b8-4003-98ed-76a011c2fc21,63781b25-64c7-4210-82cb-ab92625e555f,2644200,INR,CARD,failed,OTHER,1,3,0,971,731,0.18,FALSE,NO_ACTION,FAILURE,0,2026-08-30T08:10:50.058502
836f0be3-6bd3-46a1-a7f5-933ead306616,29481094-98b7-49dd-9e42-509081ed5505,1614800,INR,UPI,failed,INVALID_PAYMENT_STATE,1,11,2,455,494,0.53,FALSE,NO_ACTION,FAILURE,0,2026-08-30T12:07:50.058511
ac8d1bc5-a4ec-40c3-968a-2720e8cfd6c2,55b04c51-cf59-49eb-8776-d4e477bd8be3,3695900,INR,UPI,failed,BANK_TIMEOUT,1,15,3,426,281,0.29,TRUE,RETRY,SUCCESS,3695900,2026-08-30T15:40:50.058520
86f07029-f333-408c-b9a2-b62725577e71,f022612b-e315-4c82-bf6d-8f677f11a66e,3516000,INR,WALLET,failed,BANK_TIMEOUT,1,0,0,655,1124,0.0,TRUE,RETRY,SUCCESS,3516000,2026-08-30T01:37:50.058529
78f7264f-82ab-491b-9c13-5e0e2be0e066,1d2dcc01-a67e-4639-848e-59632182e7e3,1415900,INR,UPI,failed,BANK_TIMEOUT,1,15,0,339,1204,0.43,TRUE,RETRY,SUCCESS,1415900,2026-08-30T00:17:50.058538
eab01f62-2f44-4ecb-9af3-5418e943e44e,509c6612-4224-4fae-a6fb-5e4cdb7c64b1,1380200,INR,UPI,failed,OTHER,1,10,1,109,192,0.74,TRUE,PAYMENT_LINK,SUCCESS,1380200,2026-08-30T17:09:50.058548
1ffebcf5-41c1-4ad6-ad0f-acf536d910d2,5fb9bfaa-c7ee-485a-bc96-8c9e0a43a07d,4996700,INR,UPI,failed,NETWORK_ERROR,1,10,2,452,343,0.63,TRUE,RETRY,SUCCESS,4996700,2026-08-30T14:38:50.058558
66eafbf1-1c18-44ff-9c82-c74d76477365,1a44f4a7-373b-4504-bc53-251f79ea5913,1427900,INR,CARD,failed,INVALID_PAYMENT_STATE,1,12,3,968,1032,0.57,FALSE,NO_ACTION,FAILURE,0,2026-08-30T03:09:50.058568
1eac741d-3a30-404d-9cde-8ab6fbdd1228,4ef6bee5-7767-465f-aa00-8d1f206f8827,10600,INR,UPI,failed,NETWORK_ERROR,1,14,6,921,927,0.55,TRUE,RETRY,SUCCESS,10600,2026-08-30T04:54:50.058577
a1045dab-d439-4735-9d5c-45484fa19466,63781b25-64c7-4210-82cb-ab92625e555f,3756700,INR,UPI,failed,BANK_TIMEOUT,1,3,0,971,322,0.29,TRUE,RETRY,SUCCESS,3756700,2026-08-30T14:59:50.058587
4d224e1c-e8ef-4773-a353-0784fad1e242,2aea8585-a08b-4b94-855e-ec64d607cd26,1305200,INR,UPI,failed,NETWORK_ERROR,1,1,0,811,463,0.59,TRUE,RETRY,SUCCESS,1305200,2026-08-30T12:38:50.058598
8264cd9f-88c6-4e66-833e-cca95b689b4d,b7e4fa84-5db7-4b69-b341-7ccf82200685,1348000,INR,UPI,failed,CUSTOMER_ABANDONED,2,18,3,631,1407,0.45,TRUE,PAYMENT_LINK,FAILURE,0,2026-08-29T20:54:50.058607
784f044f-543f-4966-b15e-73d7f893f070,805c1822-42ba-4543-b722-5767e095fba7,3114600,INR,UPI,failed,BANK_TIMEOUT,1,13,5,377,359,0.65,TRUE,RETRY,SUCCESS,3114600,2026-08-30T14:22:50.058616
8c3383e5-762b-4463-8a56-c2f34602887d,345c3273-b95f-4397-bcd4-1b9a6e794d7a,1042400,INR,UPI,failed,BANK_TIMEOUT,1,1,0,548,470,0.66,TRUE,RETRY,SUCCESS,1042400,2026-08-30T12:31:50.058625
63506ef3-1cbf-40ec-bda1-65c80aebd8c9,b67c8b82-7099-4d1d-b1dc-fa54afc357b3,3647200,INR,NETBANKING,failed,INSUFFICIENT_FUNDS,3,6,2,491,1212,0.82,FALSE,NO_ACTION,FAILURE,0,2026-08-30T00:09:50.058634
a8c4461b-7eab-4281-b67e-cb708023cb93,f6d728b6-6ad5-490f-90e6-e39d219398f5,2979100,INR,UPI,failed,OTHER,1,4,1,76,1162,0.27,FALSE,NO_ACTION,FAILURE,0,2026-08-30T00:59:50.058643
8960d895-0172-48e0-91a9-680ff80e12c1,9c1e4c29-c646-4c00-bab1-9be84c827e20,4013900,INR,CARD,failed,NETWORK_ERROR,1,16,2,817,1242,0.27,TRUE,RETRY,FAILURE,0,2026-08-29T23:39:50.058653
9b9c9179-d4de-4573-a80e-8c08f3ff5a7a,20a749db-ae9c-49a9-a536-d198c96252bf,1296200,INR,UPI,failed,NETWORK_ERROR,1,15,3,143,187,0.8,TRUE,RETRY,SUCCESS,1296200,2026-08-30T17:14:50.058662
4a7934c5-7bf3-4b73-bde2-daec2a14f757,edc681d5-4ade-4d5e-8184-9c9efa5888ee,1515600,INR,CARD,failed,INSUFFICIENT_FUNDS,2,20,6,17,1148,0.48,FALSE,NO_ACTION,FAILURE,0,2026-08-30T01:13:50.058671
ad118888-4e25-491b-a847-a7be79306338,f3fcf1b3-8a46-4cb3-a703-c061c072e4d5,4679100,INR,CARD,failed,BANK_TIMEOUT,1,16,4,520,1104,0.8,TRUE,RETRY,SUCCESS,4679100,2026-08-30T01:57:50.058680
e51b8029-2460-4fd8-a808-a656ead99650,17342d43-34c3-4a16-a56b-30d12f56472c,3341900,INR,NETBANKING,failed,INSUFFICIENT_FUNDS,1,15,4,114,1104,0.54,FALSE,NO_ACTION,FAILURE,0,2026-08-30T01:57:50.058691
e5458fa0-c6fd-4ca1-bb07-b785d4b4054b,fed305ea-647f-42c7-b204-82d5c4237165,623000,INR,UPI,failed,NETWORK_ERROR,1,19,1,639,366,0.14,TRUE,RETRY,FAILURE,0,2026-08-30T14:15:50.058703
0fa31f58-8a70-4ab1-9e8f-2cafc3ecb2be,04f494dd-d273-440d-a7e8-099c45812d20,1455100,INR,CARD,failed,BANK_TIMEOUT,1,16,3,318,906,0.16,TRUE,RETRY,SUCCESS,1455100,2026-08-30T05:15:50.058713
9bbe26c0-0ba9-4515-9f82-2d17967365fa,1d2dcc01-a67e-4639-848e-59632182e7e3,4991600,INR,UPI,failed,BANK_TIMEOUT,1,15,0,339,692,0.12,TRUE,RETRY,FAILURE,0,2026-08-30T08:49:50.058722
ad3e3e50-3225-47e0-a164-7e4a7f716531,bdc6e312-bb66-40e4-8dca-0b5c7c07de42,4367300,INR,CARD,failed,INVALID_PAYMENT_STATE,2,15,2,407,172,0.36,FALSE,NO_ACTION,FAILURE,0,2026-08-30T17:29:50.058731
3e84c4e1-39d2-4665-8c9c-886b19892984,3c3227cc-09b1-482e-ba0a-c283d08503d6,3849300,INR,UPI,failed,CUSTOMER_ABANDONED,1,19,8,794,202,0.45,TRUE,PAYMENT_LINK,SUCCESS,3849300,2026-08-30T16:59:50.058741
a23d4742-e068-4ee3-8d7b-7d7849df1514,c56638b0-56e6-47d5-8fe0-821df06fe033,4144300,INR,CARD,failed,INSUFFICIENT_FUNDS,2,4,1,248,724,0.35,FALSE,NO_ACTION,FAILURE,0,2026-08-30T08:17:50.058752
fee90501-e807-4070-ae7e-7aeaf53ea6e5,7691cd08-eb9e-4c0a-9235-38d3c109e48c,4241000,INR,UPI,failed,BANK_TIMEOUT,1,15,2,670,1118,0.75,TRUE,RETRY,SUCCESS,4241000,2026-08-30T01:43:50.058761
df3f0979-a3a0-4d90-9df6-3040e53669ca,39a631e7-3d29-433b-b10c-42d778b9bee4,1892000,INR,UPI,failed,OTHER,1,5,1,195,360,0.76,TRUE,PAYMENT_LINK,SUCCESS,1892000,2026-08-30T14:21:50.058770
b29142c2-910e-48a0-a827-de5e794fae9b,1cbfd664-fd4b-4a17-98b5-839bbfcd8376,2068500,INR,UPI,failed,BANK_TIMEOUT,1,1,0,125,54,0.14,TRUE,RETRY,SUCCESS,2068500,2026-08-30T19:27:50.058780
ad90c159-99ad-48fd-b136-8ba4f5642712,f6d85e41-31cc-4480-8519-59771d605090,2486500,INR,UPI,failed,NETWORK_ERROR,1,4,1,588,1057,0.32,TRUE,RETRY,SUCCESS,2486500,2026-08-30T02:44:50.058790
a3bc9039-45fa-4629-bca8-8b6ae0dd4bc8,ac079f3c-4c85-4438-baa5-d79b55f21d91,1555300,INR,UPI,failed,CUSTOMER_ABANDONED,1,2,0,139,659,0.4,FALSE,NO_ACTION,FAILURE,0,2026-08-30T09:22:50.058800
c9300b7d-4356-406a-bea4-35ea7c909f04,26e9e9db-81c7-4ecc-b319-bfb3ee76affc,1125600,INR,CARD,failed,NETWORK_ERROR,1,11,2,587,81,0.6,TRUE,RETRY,SUCCESS,1125600,2026-08-30T19:00:50.058810
4a177588-503c-477d-b4f7-9c0bf952b71c,f022612b-e315-4c82-bf6d-8f677f11a66e,3955900,INR,NETBANKING,failed,INSUFFICIENT_FUNDS,1,0,0,655,35,0.0,FALSE,NO_ACTION,FAILURE,0,2026-08-30T19:46:50.058819
8ba4a7bf-2ee2-485e-9876-9f05abc6c1a7,600c578e-efd2-410f-9805-354dcb6a379d,4179600,INR,WALLET,failed,INVALID_PAYMENT_STATE,1,9,3,767,258,0.15,FALSE,NO_ACTION,FAILURE,0,2026-08-30T16:03:50.058829
75bfb06c-00a4-4863-9340-7f89a3812391,17342d43-34c3-4a16-a56b-30d12f56472c,812200,INR,NETBANKING,failed,BANK_TIMEOUT,1,15,4,114,1139,0.83,TRUE,RETRY,SUCCESS,812200,2026-08-30T01:22:50.058838
b4f04eb6-31ab-4b7b-9fe9-0de47b89fab2,27b2ec0e-795a-4f95-8efe-61aedae93904,1705100,INR,WALLET,failed,INSUFFICIENT_FUNDS,1,1,0,239,971,0.5,FALSE,NO_ACTION,FAILURE,0,2026-08-30T04:10:50.058847
8d7c3eed-cc49-4465-91d0-1bf2a9d9ba74,6c429067-8d9a-4230-92bf-0b526c95cd73,1280400,INR,UPI,failed,CUSTOMER_ABANDONED,1,12,2,783,132,0.42,TRUE,PAYMENT_LINK,SUCCESS,1280400,2026-08-30T18:09:50.058857
15cdb2cd-b331-4cec-9055-c47d0b865356,cf353713-2ccc-405d-b982-b23ef9fee530,4575500,INR,UPI,failed,CUSTOMER_ABANDONED,2,17,5,835,1069,0.56,TRUE,PAYMENT_LINK,SUCCESS,4575500,2026-08-30T02:32:50.058866
314a1ca9-1728-4e21-870e-59f4a15026de,2e7a104b-19b2-4dfe-98b2-5992e4addea4,1960200,INR,UPI,failed,BANK_TIMEOUT,1,18,3,216,268,0.39,TRUE,RETRY,SUCCESS,1960200,2026-08-30T15:53:50.058875
feb02b93-12b6-4993-8e76-e12a6b4301e7,c2361724-f8f7-4e74-a61b-2075f8da7983,692100,INR,UPI,failed,CUSTOMER_ABANDONED,1,12,2,653,84,0.76,TRUE,PAYMENT_LINK,FAILURE,0,2026-08-30T18:57:50.058886
e0ccd94d-e256-4573-9437-274df5cc1e21,5b6f92ae-a731-4860-afa5-62c7f01ed1ac,1036700,INR,UPI,failed,CUSTOMER_ABANDONED,2,19,7,675,87,0.25,TRUE,PAYMENT_LINK,SUCCESS,1036700,2026-08-30T18:54:50.058895
0cf7209a-aa03-4754-9522-980b4fea64f7,9e83b3f9-a1b4-44b5-9841-facc934bf797,2237700,INR,UPI,failed,BANK_TIMEOUT,1,6,1,257,48,0.63,TRUE,RETRY,SUCCESS,2237700,2026-08-30T19:33:50.058905
232f7377-a730-4f82-a89c-6c0be89f1957,4ef6bee5-7767-465f-aa00-8d1f206f8827,1914400,INR,UPI,failed,OTHER,1,14,6,921,47,0.72,TRUE,PAYMENT_LINK,SUCCESS,1914400,2026-08-30T19:34:50.058914
86d841f3-5a54-44b5-a3b8-52cff32e7314,81ad7eed-a3fa-42ce-9a55-6fcada87d638,4580500,INR,UPI,failed,BANK_TIMEOUT,4,1,3,47,680,0.68,FALSE,NO_ACTION,FAILURE,0,2026-08-30T09:01:50.058923
c1f6b744-0cf2-43f2-b30c-b5660ef049f5,62971036-2531-4340-9bca-3c4692acee70,4579100,INR,UPI,failed,CUSTOMER_ABANDONED,1,1,0,739,1407,0.61,FALSE,NO_ACTION,FAILURE,0,2026-08-29T20:54:50.058932
35f9bdee-b459-4674-9f53-91ce23795c3a,16c718ce-170c-421a-98a6-41897f0220e8,1575100,INR,UPI,failed,BANK_TIMEOUT,3,9,5,298,728,0.26,TRUE,RETRY,SUCCESS,1575100,2026-08-30T08:13:50.058942
797d54bf-304d-4ba8-8849-50d4039ff02f,57444803-0607-4b9a-ad1c-f49cdaccb4db,810700,INR,UPI,failed,BANK_TIMEOUT,1,20,2,453,210,0.17,TRUE,RETRY,SUCCESS,810700,2026-08-30T16:51:50.058951
fd3ad220-49b4-457d-8901-3d2a67d72933,caa6b005-516f-483b-a0e3-fe1dd4ef4a7b,4736700,INR,NETBANKING,failed,BANK_TIMEOUT,1,7,3,429,407,0.29,TRUE,RETRY,SUCCESS,4736700,2026-08-30T13:34:50.058961
189713a1-5e35-4312-adfd-64c99ce6f209,9786e0cd-a958-4d71-a1ab-bce61996b461,1430700,INR,UPI,failed,INSUFFICIENT_FUNDS,4,7,3,990,81,0.81,FALSE,NO_ACTION,FAILURE,0,2026-08-30T19:00:50.058970
75b6490b-300f-4ba9-b330-eb1902f0ee7c,b7e4fa84-5db7-4b69-b341-7ccf82200685,513500,INR,WALLET,failed,OTHER,1,18,2,631,1035,0.5,TRUE,PAYMENT_LINK,FAILURE,0,2026-08-30T03:06:50.058981
a430e1af-be68-4991-b758-0d1784347609,97329e42-7159-4e71-8795-0a5ee7b5a11c,3035800,INR,WALLET,failed,INVALID_PAYMENT_STATE,2,7,3,354,1075,0.81,FALSE,NO_ACTION,FAILURE,0,2026-08-30T02:26:50.058990
ca0cd42a-e48d-4db9-a0f7-514b9e93dd23,88a66209-6374-4abb-b756-008d72d081d0,1377700,INR,CARD,failed,OTHER,1,3,0,329,219,0.37,TRUE,PAYMENT_LINK,SUCCESS,1377700,2026-08-30T16:42:50.059000
f833075e-ae08-4f26-a095-f6aac561f245,b50f565f-73a4-4090-967c-71a14fa273b7,3443200,INR,NETBANKING,failed,BANK_TIMEOUT,1,9,3,598,968,0.61,TRUE,RETRY,SUCCESS,3443200,2026-08-30T04:13:50.059009
1c24c3ab-4b2d-4435-92fe-05ca849d2b12,b50f565f-73a4-4090-967c-71a14fa273b7,794400,INR,WALLET,failed,OTHER,3,9,5,598,1272,0.64,FALSE,NO_ACTION,FAILURE,0,2026-08-29T23:09:50.059018
18d2e598-d310-4f45-add8-3f6da44525c3,62971036-2531-4340-9bca-3c4692acee70,2276100,INR,UPI,failed,BANK_TIMEOUT,1,1,0,739,146,0.75,TRUE,RETRY,SUCCESS,2276100,2026-08-30T17:55:50.059027
0aa92aae-dc53-4551-aefe-c19a70a2350e,ce53d6d4-25d9-45ec-83a5-5f6840b4e33e,1889800,INR,UPI,failed,BANK_TIMEOUT,1,9,2,632,1086,0.48,TRUE,RETRY,SUCCESS,1889800,2026-08-30T02:15:50.059036
c46b4c83-3edc-4b4a-882b-2ca2ed3b0b40,1431e865-7104-4d88-a820-c26ee68c3108,2679100,INR,UPI,failed,PAYMENT_EXPIRED,1,1,0,662,442,0.59,FALSE,NO_ACTION,FAILURE,0,2026-08-30T12:59:50.059045
eae26659-700e-4c72-bd4f-73b7f90987f4,6b6c52f5-0a68-4e45-aef0-a21602846846,1583700,INR,UPI,failed,NETWORK_ERROR,1,2,0,370,189,0.3,TRUE,RETRY,SUCCESS,1583700,2026-08-30T17:12:50.059055
79f949fa-28cc-414d-845d-50efae0f36c8,27b2ec0e-795a-4f95-8efe-61aedae93904,1936400,INR,UPI,failed,INSUFFICIENT_FUNDS,3,1,2,239,88,0.76,FALSE,NO_ACTION,FAILURE,0,2026-08-30T18:53:50.059064
5e961a05-ef71-4c1c-8a2c-57907d40e7a4,600c578e-efd2-410f-9805-354dcb6a379d,2221700,INR,UPI,failed,OTHER,1,9,3,767,95,0.52,FALSE,NO_ACTION,FAILURE,0,2026-08-30T18:46:50.059075
e414a0f3-2fc4-484e-9802-a65e8f59bcd4,9712acbb-e788-4cb7-bb08-af49af55c723,854000,INR,UPI,failed,PAYMENT_EXPIRED,3,15,5,958,396,0.8,FALSE,NO_ACTION,FAILURE,0,2026-08-30T13:45:50.059084
b148327f-3373-4d0b-918e-a9a351b0d279,4d97b1fe-6211-47f6-a10b-9c78443260bd,2377900,INR,UPI,failed,INVALID_PAYMENT_STATE,1,8,2,446,56,0.41,FALSE,NO_ACTION,FAILURE,0,2026-08-30T19:25:50.059093
5782b579-13f0-42f9-8c56-a5d37063b36f,6b6c52f5-0a68-4e45-aef0-a21602846846,2109600,INR,NETBANKING,failed,BANK_TIMEOUT,3,2,2,370,448,0.3,TRUE,RETRY,SUCCESS,2109600,2026-08-30T12:53:50.059104
6bdbbb24-4bbf-45c7-ade7-c4f4a61c0516,55b04c51-cf59-49eb-8776-d4e477bd8be3,3346200,INR,UPI,failed,NETWORK_ERROR,1,15,3,426,1283,0.78,TRUE,RETRY,SUCCESS,3346200,2026-08-29T22:58:50.059114
c1609eb5-758b-4bb5-a429-d4fbb7c2f2d0,cf353713-2ccc-405d-b982-b23ef9fee530,4080900,INR,UPI,failed,INSUFFICIENT_FUNDS,1,17,4,835,83,0.19,FALSE,NO_ACTION,FAILURE,0,2026-08-30T18:58:50.059123
9919ccac-c3fd-4220-86a2-c69508484153,6ec88ffd-88c4-40d3-a43c-ded81fe9528e,42400,INR,CARD,failed,OTHER,2,12,4,522,702,0.34,TRUE,PAYMENT_LINK,SUCCESS,42400,2026-08-30T08:39:50.059132
df3c7a1c-93de-472a-981e-154b32e71cfe,7c60ec00-9be1-458f-b11a-b1b98d5fb6aa,4837700,INR,NETBANKING,failed,BANK_TIMEOUT,1,4,0,375,479,0.62,TRUE,RETRY,SUCCESS,4837700,2026-08-30T12:22:50.059141
b70fea66-9fd9-4e3c-b28b-bf74a242c782,684b96d9-89c1-47d8-96f2-bbd5885e78c5,4381400,INR,UPI,failed,CUSTOMER_ABANDONED,1,10,0,753,98,0.51,TRUE,PAYMENT_LINK,SUCCESS,4381400,2026-08-30T18:43:50.059151
5208fb19-d529-4340-9f00-27cc102dc09a,f7485e40-04d4-4253-9682-a21fc358fecd,1906200,INR,UPI,failed,BANK_TIMEOUT,1,13,1,585,928,0.89,TRUE,RETRY,SUCCESS,1906200,2026-08-30T04:53:50.059160
5ff0505f-2eb4-4535-9241-c4860bd700f2,1431e865-7104-4d88-a820-c26ee68c3108,3928000,INR,CARD,failed,INSUFFICIENT_FUNDS,1,1,0,662,1279,0.56,FALSE,NO_ACTION,FAILURE,0,2026-08-29T23:02:50.059173
c5eb1e5f-db4b-47bd-b763-990b7bae3582,600c578e-efd2-410f-9805-354dcb6a379d,4314200,INR,UPI,failed,INSUFFICIENT_FUNDS,1,9,3,767,1230,0.7,FALSE,NO_ACTION,FAILURE,0,2026-08-29T23:51:50.059182
a133c03a-2715-4fdf-b92b-9d4221badbc2,af4f1ab4-cc34-47b9-88d9-96ce24f61962,2999700,INR,UPI,failed,INSUFFICIENT_FUNDS,1,20,5,92,750,0.56,FALSE,NO_ACTION,FAILURE,0,2026-08-30T07:51:50.059191
0d15dea3-1317-40c2-af7c-b734cd80edfb,6e3e01a4-8461-4db0-8fbb-ae5b82d73c11,1636600,INR,UPI,failed,INSUFFICIENT_FUNDS,1,10,4,144,1025,0.81,FALSE,NO_ACTION,FAILURE,0,2026-08-30T03:16:50.059214
337bb4a1-c37c-48bd-94e0-c9979b81c354,eb30243f-659b-4aa4-8e26-2f85f95c3664,1157600,INR,NETBANKING,failed,BANK_TIMEOUT,2,13,2,618,457,0.34,TRUE,RETRY,FAILURE,0,2026-08-30T12:44:50.059264
fa546a9c-7128-47f7-a9c3-22f186919b3c,646e9b3d-6eeb-415b-ba19-fd598af01c50,3705600,INR,UPI,failed,OTHER,1,18,2,657,1433,0.12,FALSE,NO_ACTION,FAILURE,0,2026-08-29T20:28:50.059282
bb45ee53-78b2-4dbd-bdb5-3c3e74e6d4cb,d1fe225b-b28c-475f-8456-90c21ddc6fa1,2618200,INR,CARD,failed,NETWORK_ERROR,1,8,0,340,63,0.61,TRUE,RETRY,SUCCESS,2618200,2026-08-30T19:18:50.059293
81139ef4-e747-44eb-83f9-472f885715cc,e6da1404-6dab-462b-896a-41ad701852d5,4757400,INR,UPI,failed,INSUFFICIENT_FUNDS,1,15,3,342,1357,0.58,FALSE,NO_ACTION,FAILURE,0,2026-08-29T21:44:50.059304
cb1e28b1-e96b-4806-b8c3-a291451cdce0,f6d85e41-31cc-4480-8519-59771d605090,3419200,INR,UPI,failed,INVALID_PAYMENT_STATE,2,4,2,588,584,0.76,FALSE,NO_ACTION,FAILURE,0,2026-08-30T10:37:50.059314
a1bc16a4-24be-4d45-a57c-ec5bd2910e10,2e7a104b-19b2-4dfe-98b2-5992e4addea4,4358800,INR,UPI,failed,BANK_TIMEOUT,1,18,3,216,1250,0.45,TRUE,RETRY,FAILURE,0,2026-08-29T23:31:50.059324
3db890ba-8097-4f71-a140-9de6a73597f6,0d7946d7-3f96-4f19-942e-e86bea7efa3d,2672200,INR,UPI,failed,NETWORK_ERROR,1,20,1,38,890,0.63,TRUE,RETRY,SUCCESS,2672200,2026-08-30T05:31:50.059335
8ed0201d-b2c3-4814-ace5-6cdb79666319,4140beb0-50da-489f-b08e-0802498a2a05,2489200,INR,UPI,failed,INSUFFICIENT_FUNDS,3,5,2,327,444,0.11,FALSE,NO_ACTION,FAILURE,0,2026-08-30T12:57:50.059344
a5e48c14-de35-4fc1-b551-69163a38e933,22768041-e73d-437f-b588-12f134710385,653900,INR,CARD,failed,CUSTOMER_ABANDONED,1,1,0,75,390,0.75,FALSE,NO_ACTION,FAILURE,0,2026-08-30T13:51:50.059354
3f749765-3d52-4056-93d3-ac01680be30b,4754cdc2-5e26-46ad-979e-c0507823dc6f,4927900,INR,UPI,failed,PAYMENT_EXPIRED,2,16,3,697,817,0.53,FALSE,NO_ACTION,FAILURE,0,2026-08-30T06:44:50.059364
1b192434-6352-45c8-ad45-1cd20f8ea85a,7654cb2e-cfe9-4b23-970f-1e6becebece4,2046400,INR,CARD,failed,BANK_TIMEOUT,2,1,1,181,61,0.77,TRUE,RETRY,FAILURE,0,2026-08-30T19:20:50.059374
5d0c43a5-8965-4ebf-993f-c15d77395cbd,14c3a0c9-9beb-43f2-8d46-e31a61f47e67,52600,INR,CARD,failed,INSUFFICIENT_FUNDS,1,11,1,84,798,0.15,FALSE,NO_ACTION,FAILURE,0,2026-08-30T07:03:50.059384
d9d2df14-1df5-48e1-b519-ba9be776825d,345c3273-b95f-4397-bcd4-1b9a6e794d7a,2547400,INR,UPI,failed,BANK_TIMEOUT,1,1,0,548,1254,0.37,TRUE,RETRY,FAILURE,0,2026-08-29T23:27:50.059394
1134823e-59f6-48be-adbc-0dc0ae2f87d4,17342d43-34c3-4a16-a56b-30d12f56472c,443900,INR,UPI,failed,BANK_TIMEOUT,1,15,4,114,165,0.33,TRUE,RETRY,FAILURE,0,2026-08-30T17:36:50.059403
c4d3ec07-198e-4606-b994-b4cc2f003715,f5039f3d-8e46-4a71-a823-eb6523ca170b,366000,INR,UPI,failed,CUSTOMER_ABANDONED,2,15,4,735,1069,0.26,FALSE,NO_ACTION,FAILURE,0,2026-08-30T02:32:50.059413
c57a12f6-07ab-49ed-9df0-cf45654c8b3b,c88b48d4-30fb-4e60-87a7-3c0ff13d16a7,4217800,INR,UPI,failed,BANK_TIMEOUT,2,11,6,882,452,0.61,TRUE,RETRY,FAILURE,0,2026-08-30T12:49:50.059423
90d6ec3f-d315-464f-b7a1-fae5f4530472,d6a55848-55ab-4c5f-8063-5349a8b71131,2911200,INR,UPI,failed,NETWORK_ERROR,1,10,3,883,920,0.81,TRUE,RETRY,FAILURE,0,2026-08-30T05:01:50.059435
cf27be4c-964b-4c4a-85e5-0435e371072a,f022612b-e315-4c82-bf6d-8f677f11a66e,4410000,INR,UPI,failed,BANK_TIMEOUT,1,0,0,655,189,0.0,TRUE,RETRY,SUCCESS,4410000,2026-08-30T17:12:50.059445
4292d739-43ae-44e9-a801-6a036a7e3a11,63781b25-64c7-4210-82cb-ab92625e555f,3117300,INR,NETBANKING,failed,OTHER,4,3,3,971,1158,0.66,FALSE,NO_ACTION,FAILURE,0,2026-08-30T01:03:50.059454
754c06b8-0508-40f4-83de-b9c0eb0cafa4,444e2c0f-c7ae-4c18-a665-e427921eb781,1737100,INR,UPI,failed,OTHER,1,13,5,180,539,0.15,TRUE,PAYMENT_LINK,SUCCESS,1737100,2026-08-30T11:22:50.059463
e8662a10-6918-4895-b926-aeda311b0fbe,5befac82-fbe2-4ed7-b00d-89eec633b357,594400,INR,NETBANKING,failed,OTHER,1,18,0,393,351,0.26,TRUE,PAYMENT_LINK,SUCCESS,594400,2026-08-30T14:30:50.059473
7ad57589-8d94-4085-ab4b-a870dbd6d335,caa6b005-516f-483b-a0e3-fe1dd4ef4a7b,3579600,INR,NETBANKING,failed,NETWORK_ERROR,1,7,3,429,337,0.64,TRUE,RETRY,SUCCESS,3579600,2026-08-30T14:44:50.059482
9e0afa0f-b001-4268-b334-806d4b8732fc,51ba28b1-2d97-4a21-a601-ecc12d00a59a,748000,INR,UPI,failed,NETWORK_ERROR,2,20,2,515,1372,0.35,TRUE,RETRY,SUCCESS,748000,2026-08-29T21:29:50.059491
32aea444-9d2d-4534-a3fa-72f94c4c7cbb,53c3721d-5a72-41f6-9689-aef6cdc858e5,2474000,INR,UPI,failed,BANK_TIMEOUT,1,4,0,187,1368,0.54,TRUE,RETRY,SUCCESS,2474000,2026-08-29T21:33:50.059501
1e06aa33-e0a0-4f7b-9d1d-a374d7e95aa7,b7e4fa84-5db7-4b69-b341-7ccf82200685,1115500,INR,NETBANKING,failed,NETWORK_ERROR,1,18,2,631,811,0.34,TRUE,RETRY,FAILURE,0,2026-08-30T06:50:50.059511
96bd3221-b8d8-459e-8633-b25ae1107ea2,55b04c51-cf59-49eb-8776-d4e477bd8be3,1814800,INR,UPI,failed,BANK_TIMEOUT,1,15,3,426,1397,0.3,TRUE,RETRY,SUCCESS,1814800,2026-08-29T21:04:50.059521
e35d1a32-aefe-4c97-999a-4e4a9a232819,f566aeed-45e7-40e9-b76d-ea9a1fb58878,939100,INR,NETBANKING,failed,CUSTOMER_ABANDONED,1,17,2,361,1052,0.24,FALSE,NO_ACTION,FAILURE,0,2026-08-30T02:49:50.059535
5b31e281-4332-4bf6-ab63-872500619979,fb50eb04-b7b4-4843-9189-d2ec224d4be3,1068200,INR,CARD,failed,INVALID_PAYMENT_STATE,2,1,1,141,1207,0.53,FALSE,NO_ACTION,FAILURE,0,2026-08-30T00:14:50.059545
f620358c-cc0e-4575-9903-9c80f28fc1e9,63781b25-64c7-4210-82cb-ab92625e555f,1277300,INR,UPI,failed,OTHER,1,3,0,971,1173,0.54,TRUE,PAYMENT_LINK,SUCCESS,1277300,2026-08-30T00:48:50.059554
e33df1e9-6512-4972-be83-cddb3a9699ad,27b2ec0e-795a-4f95-8efe-61aedae93904,4510800,INR,CARD,failed,BANK_TIMEOUT,1,1,0,239,475,0.8,TRUE,RETRY,FAILURE,0,2026-08-30T12:26:50.059564
d311adff-181f-4342-a238-6af77fbbee3f,84208040-8a01-4b66-a981-35ea8f96e54e,1171400,INR,UPI,failed,OTHER,1,8,2,904,694,0.28,TRUE,PAYMENT_LINK,FAILURE,0,2026-08-30T08:47:50.059573
f03cbe17-2b05-406d-a7e0-eace42127375,20a749db-ae9c-49a9-a536-d198c96252bf,3239700,INR,CARD,failed,INSUFFICIENT_FUNDS,2,15,4,143,878,0.42,FALSE,NO_ACTION,FAILURE,0,2026-08-30T05:43:50.059582
c926454e-d315-43e6-b6ca-0c3d4e7f1694,36c8543b-6760-4b91-97df-0d82b1c630dc,2982500,INR,UPI,failed,BANK_TIMEOUT,2,20,2,491,1017,0.29,TRUE,RETRY,FAILURE,0,2026-08-30T03:24:50.059594
10c2aa37-e57d-4bf7-93be-cc691a1a943b,0d7946d7-3f96-4f19-942e-e86bea7efa3d,111300,INR,UPI,failed,BANK_TIMEOUT,1,20,1,38,173,0.63,TRUE,RETRY,SUCCESS,111300,2026-08-30T17:28:50.059603
61751959-4b82-43cf-9616-019482e9f266,eb92dae7-b350-458a-a0f1-8a67b9c5a158,2158800,INR,CARD,failed,BANK_TIMEOUT,1,1,0,933,1351,0.39,TRUE,RETRY,SUCCESS,2158800,2026-08-29T21:50:50.059612
0b90b701-ec13-4481-a48e-b273710b25e1,c1e88e7b-cf8e-44e1-80b8-422adbe0020b,697400,INR,CARD,failed,NETWORK_ERROR,1,11,2,134,150,0.52,TRUE,RETRY,SUCCESS,697400,2026-08-30T17:51:50.059622
91b25caf-8793-45d4-b6e1-6fef14b04b76,4140beb0-50da-489f-b08e-0802498a2a05,919200,INR,UPI,failed,NETWORK_ERROR,1,5,0,327,1217,0.86,TRUE,RETRY,SUCCESS,919200,2026-08-30T00:04:50.059633
1e07e83f-eab8-4ff2-b3f7-034360ada73f,80b54899-dd65-484b-87a5-50a44bd8f872,1769700,INR,UPI,failed,INSUFFICIENT_FUNDS,1,15,2,707,1120,0.79,FALSE,NO_ACTION,FAILURE,0,2026-08-30T01:41:50.059642
65d4b62c-e87a-4ade-ba21-f14cbb578813,9c65acad-f048-46ab-bc52-9130fa9755f0,257600,INR,NETBANKING,failed,CUSTOMER_ABANDONED,3,14,2,967,1417,0.68,FALSE,NO_ACTION,FAILURE,0,2026-08-29T20:44:50.059652
20d1e9ab-4d15-4e44-823e-2e9a940176be,e0ac5a52-9f70-4767-91dc-5246784fac47,2848600,INR,WALLET,failed,INSUFFICIENT_FUNDS,1,3,0,999,1040,0.88,FALSE,NO_ACTION,FAILURE,0,2026-08-30T03:01:50.059661
f7445b30-d087-46a8-9a80-6defd9ba56f1,b479a3ab-f189-4a59-8c61-10e290e2687c,3978800,INR,UPI,failed,CUSTOMER_ABANDONED,1,16,1,371,1290,0.15,FALSE,NO_ACTION,FAILURE,0,2026-08-29T22:51:50.059670
1bfda516-bbd1-44d8-9231-615af44f85e7,53c3721d-5a72-41f6-9689-aef6cdc858e5,2971300,INR,CARD,failed,INSUFFICIENT_FUNDS,3,4,2,187,74,0.66,FALSE,NO_ACTION,FAILURE,0,2026-08-30T19:07:50.059680
55df23bd-92f2-4420-9423-fb5912fe04b3,696ddfbe-91ce-4ed9-93a5-482e192fab3d,1183300,INR,UPI,failed,INSUFFICIENT_FUNDS,1,10,4,166,979,0.26,FALSE,NO_ACTION,FAILURE,0,2026-08-30T04:02:50.059690
55485040-0890-47ea-bfd0-0a2141194818,973ae00e-07cb-4972-939b-641c708aedc7,1233900,INR,UPI,failed,INSUFFICIENT_FUNDS,1,10,2,546,160,0.87,FALSE,NO_ACTION,FAILURE,0,2026-08-30T17:41:50.059699
534a7397-59a9-48b6-bc9b-ff4a13e62b60,63781b25-64c7-4210-82cb-ab92625e555f,4359500,INR,WALLET,failed,NETWORK_ERROR,1,3,0,971,788,0.53,TRUE,RETRY,SUCCESS,4359500,2026-08-30T07:13:50.059708
2530ab1a-e541-473c-9088-1c86bd1a6b38,ae50c042-b40a-4309-9036-ea569729f208,3324800,INR,UPI,failed,PAYMENT_EXPIRED,2,19,2,349,266,0.36,FALSE,NO_ACTION,FAILURE,0,2026-08-30T15:55:50.059719
ac2d8b54-f241-404f-8172-3c601ad533b0,9786e0cd-a958-4d71-a1ab-bce61996b461,4923600,INR,UPI,failed,INSUFFICIENT_FUNDS,1,7,0,990,1074,0.1,FALSE,NO_ACTION,FAILURE,0,2026-08-30T02:27:50.059730
f3e9cab7-b101-49b5-b267-05cf37f3533b,80b54899-dd65-484b-87a5-50a44bd8f872,4107300,INR,CARD,failed,NETWORK_ERROR,1,15,2,707,62,0.63,TRUE,RETRY,FAILURE,0,2026-08-30T19:19:50.059740
85638cbb-d6db-4617-b2b8-5af7a2cd7641,5b6f92ae-a731-4860-afa5-62c7f01ed1ac,2506500,INR,CARD,failed,NETWORK_ERROR,1,19,6,675,79,0.12,TRUE,RETRY,SUCCESS,2506500,2026-08-30T19:02:50.059749
088e4ece-bc3a-4696-9981-7ae1ca76adcc,e0ac5a52-9f70-4767-91dc-5246784fac47,1162800,INR,CARD,failed,NETWORK_ERROR,1,3,0,999,515,0.25,TRUE,RETRY,SUCCESS,1162800,2026-08-30T11:46:50.059758
5473cc02-9f67-499d-83f7-706bb103911c,5873c5a8-5c76-4d9d-b667-bce3ea21a1b1,1295200,INR,UPI,failed,PAYMENT_EXPIRED,1,10,4,620,381,0.61,FALSE,NO_ACTION,FAILURE,0,2026-08-30T14:00:50.059768
ec8de821-f627-4cd1-9bbc-cb4297bf12f6,c99b30ae-92cd-4a6a-978c-67df104005eb,4489500,INR,UPI,failed,INSUFFICIENT_FUNDS,1,1,0,908,802,0.76,FALSE,NO_ACTION,FAILURE,0,2026-08-30T06:59:50.059778
a6db7215-0db2-46e7-905f-492afd1c05f8,eb30243f-659b-4aa4-8e26-2f85f95c3664,3589400,INR,WALLET,failed,OTHER,3,13,3,618,697,0.42,FALSE,NO_ACTION,FAILURE,0,2026-08-30T08:44:50.059787
7578ff64-7882-471e-8746-e7032d3c67b0,f7074ac4-d5cc-4c43-b626-84dadbc2f9ca,4469900,INR,NETBANKING,failed,BANK_TIMEOUT,2,17,8,358,990,0.24,TRUE,RETRY,SUCCESS,4469900,2026-08-30T03:51:50.059796
31362d15-dc3b-48a1-a61d-55ced102f929,ce53d6d4-25d9-45ec-83a5-5f6840b4e33e,1136200,INR,UPI,failed,INSUFFICIENT_FUNDS,2,9,3,632,456,0.37,TRUE,REMINDER,SUCCESS,1136200,2026-08-30T12:45:50.059806
a0bcc06e-1e05-447b-ae3c-a05d6fbf234e,684b96d9-89c1-47d8-96f2-bbd5885e78c5,1475000,INR,NETBANKING,failed,OTHER,1,10,0,753,802,0.4,FALSE,NO_ACTION,FAILURE,0,2026-08-30T06:59:50.059814
6c13864c-dc6e-414d-b200-b8ad00c4a4ee,609642ba-f58f-46e8-90ab-b6ebb8bd939b,3218800,INR,UPI,failed,OTHER,3,6,3,532,1145,0.36,FALSE,NO_ACTION,FAILURE,0,2026-08-30T01:16:50.059826
488a3ef0-9225-4981-9e87-bd3477e11239,1431e865-7104-4d88-a820-c26ee68c3108,3206600,INR,CARD,failed,BANK_TIMEOUT,1,1,0,662,16,0.26,TRUE,RETRY,SUCCESS,3206600,2026-08-30T20:05:50.059835
7bf5514a-3b97-45c2-bf02-241ce154a822,667826fd-0c20-416b-814b-548bc8a6f759,3367400,INR,CARD,failed,BANK_TIMEOUT,2,7,4,306,986,0.58,TRUE,RETRY,SUCCESS,3367400,2026-08-30T03:55:50.059844
b95e998d-9187-4aae-89fe-df310eac5083,423fba73-4ec7-4942-a8ef-ab002121cd29,2196300,INR,UPI,failed,BANK_TIMEOUT,1,2,0,295,746,0.27,TRUE,RETRY,SUCCESS,2196300,2026-08-30T07:55:50.059854
6f76e759-5463-44e0-a819-8ffd06a99646,c46f90da-61f2-4f3b-b19b-26a5f3e507dd,714600,INR,UPI,failed,NETWORK_ERROR,1,8,1,126,356,0.39,TRUE,RETRY,FAILURE,0,2026-08-30T14:25:50.059865
4c4239fd-8792-4ce6-b52e-667bba64e148,3b5f0fea-f5b4-43ef-bd2c-996ad80fb93e,4779900,INR,CARD,failed,INSUFFICIENT_FUNDS,1,18,6,957,873,0.46,FALSE,NO_ACTION,FAILURE,0,2026-08-30T05:48:50.059874
44402ae3-865c-48d1-91d9-024b7e2bb9d1,e3a6ef0a-fbd0-47ba-883a-80e9dfef8960,4078200,INR,UPI,failed,PAYMENT_EXPIRED,1,15,5,850,1318,0.74,FALSE,NO_ACTION,FAILURE,0,2026-08-29T22:23:50.059884
6bbf923f-4777-4e89-b58e-bc88d23fd63d,7654cb2e-cfe9-4b23-970f-1e6becebece4,581000,INR,UPI,failed,NETWORK_ERROR,1,1,0,181,1261,0.52,TRUE,RETRY,SUCCESS,581000,2026-08-29T23:20:50.059893
3bc1e38c-c17f-4d37-bd39-1c99eb571ba7,3d319a92-36aa-4fb9-9cad-f9ea64114edc,3109100,INR,UPI,failed,INSUFFICIENT_FUNDS,2,11,4,200,979,0.11,FALSE,NO_ACTION,FAILURE,0,2026-08-30T04:02:50.059903
d9bf52ec-34fc-4229-bf1b-d39f568e5747,529b20ba-0778-430f-be83-44bae530483c,3380200,INR,UPI,failed,INVALID_PAYMENT_STATE,1,14,6,158,334,0.81,FALSE,NO_ACTION,FAILURE,0,2026-08-30T14:47:50.059912
5d84de83-2c10-427c-b717-31baaaee3142,81ad7eed-a3fa-42ce-9a55-6fcada87d638,2815900,INR,UPI,failed,OTHER,2,1,1,47,1196,0.51,FALSE,NO_ACTION,FAILURE,0,2026-08-30T00:25:50.059923
bbae415f-cfcd-46f2-9c02-60752961673a,509c6612-4224-4fae-a6fb-5e4cdb7c64b1,3541800,INR,UPI,failed,BANK_TIMEOUT,1,10,1,109,1010,0.66,TRUE,RETRY,FAILURE,0,2026-08-30T03:31:50.059932
b891b3c6-f9b5-40a9-b709-5224c8e91ed5,0cbbc206-4150-4d2c-9f13-7f62a6a4f80a,1842400,INR,UPI,failed,NETWORK_ERROR,1,7,0,981,745,0.74,TRUE,RETRY,SUCCESS,1842400,2026-08-30T07:56:50.059942
3639c2dd-a810-48a7-91e6-4b4735d5c136,63b33c25-1d55-4937-905e-51d273aae591,1897600,INR,UPI,failed,BANK_TIMEOUT,3,16,7,175,244,0.87,TRUE,RETRY,SUCCESS,1897600,2026-08-30T16:17:50.059951
55caf859-8679-4b07-8336-c39a5e9bce6d,9ea78ee5-07a3-4f30-b91c-52e32a76c779,176400,INR,UPI,failed,INVALID_PAYMENT_STATE,2,2,1,658,88,0.22,FALSE,NO_ACTION,FAILURE,0,2026-08-30T18:53:50.059960
8bf18661-5383-4dca-8f45-f26176b3cf0b,3c3227cc-09b1-482e-ba0a-c283d08503d6,1514500,INR,UPI,failed,INVALID_PAYMENT_STATE,1,19,8,794,485,0.2,FALSE,NO_ACTION,FAILURE,0,2026-08-30T12:16:50.059970
5f478181-b03d-4103-82cd-df6fcd1f3f24,3338bb9d-6d2f-42d6-b36c-8d8746163eb7,2146300,INR,NETBANKING,failed,BANK_TIMEOUT,1,14,6,702,697,0.48,TRUE,RETRY,SUCCESS,2146300,2026-08-30T08:44:50.059979
5140d172-ad2a-4e92-b8e1-a7f31b59263c,f4e6e2fa-a82e-40ef-8b95-1a69386ab030,3650800,INR,CARD,failed,CUSTOMER_ABANDONED,1,12,1,825,583,0.78,TRUE,PAYMENT_LINK,SUCCESS,3650800,2026-08-30T10:38:50.059988
de09e0c1-b605-4531-80fd-1df8f9d702dd,085705a2-fe34-4aa7-91f1-d60cb235bcb2,4072900,INR,WALLET,failed,NETWORK_ERROR,1,0,0,836,1414,0.0,TRUE,RETRY,SUCCESS,4072900,2026-08-29T20:47:50.059998
b8ab1494-b670-4e48-8fdc-f7ffc4dc6c65,c1e88e7b-cf8e-44e1-80b8-422adbe0020b,4186700,INR,CARD,failed,CUSTOMER_ABANDONED,1,11,2,134,847,0.22,FALSE,NO_ACTION,FAILURE,0,2026-08-30T06:14:50.060009
ea0b03d4-c68a-4265-ae98-07748717e812,6c208503-cd74-4df5-9257-ab28fefd7c58,3387100,INR,WALLET,failed,CUSTOMER_ABANDONED,3,9,5,532,590,0.27,TRUE,PAYMENT_LINK,SUCCESS,3387100,2026-08-30T10:31:50.060021
8c5f0557-8366-4215-8583-f8a98fbe1f9f,9c1e4c29-c646-4c00-bab1-9be84c827e20,4647100,INR,UPI,failed,PAYMENT_EXPIRED,2,16,3,817,390,0.77,FALSE,NO_ACTION,FAILURE,0,2026-08-30T13:51:50.060031
4466fabe-cb82-4f95-aea0-78f5519d3804,843c3f41-6ee5-40c6-9d2f-ce148f9dbb3d,948500,INR,NETBANKING,failed,INSUFFICIENT_FUNDS,1,18,5,802,1279,0.17,FALSE,NO_ACTION,FAILURE,0,2026-08-29T23:02:50.060040
b02ef7ca-deaf-495b-85a6-06301442b6e7,cf9df9f0-f7e9-4559-91be-8dd278eab385,598800,INR,UPI,failed,NETWORK_ERROR,1,10,3,666,418,0.67,TRUE,RETRY,SUCCESS,598800,2026-08-30T13:23:50.060050
932009f3-1e3c-4c3a-af32-6f48f1513553,c867c11c-0b5a-4472-8baf-a4a4ea7c0d6f,3101000,INR,UPI,failed,CUSTOMER_ABANDONED,1,10,4,396,363,0.73,TRUE,PAYMENT_LINK,SUCCESS,3101000,2026-08-30T14:18:50.060060
d81e732f-7eef-4132-9e3a-1712285f96f1,f5039f3d-8e46-4a71-a823-eb6523ca170b,1716100,INR,CARD,failed,NETWORK_ERROR,1,15,3,735,991,0.21,TRUE,RETRY,SUCCESS,1716100,2026-08-30T03:50:50.060069
e833eb06-8992-4f45-8c81-5fcf184aa233,60fe0c04-d390-4559-9606-029b3328125d,2142700,INR,UPI,failed,BANK_TIMEOUT,2,19,6,745,1372,0.69,TRUE,RETRY,SUCCESS,2142700,2026-08-29T21:29:50.060079
d206eb64-2dbd-467e-89ce-d5763e84a387,317e0b4a-007a-4c9c-b0dc-283510928239,4791200,INR,UPI,failed,BANK_TIMEOUT,2,14,6,381,901,0.87,TRUE,RETRY,SUCCESS,4791200,2026-08-30T05:20:50.060089
be66e983-30b7-4120-ab56-c0370f55e476,aa29accf-fa82-4de4-8554-3a41721e5a77,4515400,INR,UPI,failed,NETWORK_ERROR,2,3,1,145,445,0.84,TRUE,RETRY,FAILURE,0,2026-08-30T12:56:50.060099
0c3f1cd7-9a95-4ec5-9884-5df5b9c0d026,2335456d-13a3-42b1-9fbf-1a8b85a32ab9,2145300,INR,UPI,failed,BANK_TIMEOUT,3,4,3,221,1260,0.27,TRUE,RETRY,SUCCESS,2145300,2026-08-29T23:21:50.060109
66238c40-de92-4020-b283-1fc170ea7600,9ef5041e-4ccb-4da8-9c26-53b592a7e2eb,4812500,INR,UPI,failed,NETWORK_ERROR,2,3,2,644,155,0.61,TRUE,RETRY,SUCCESS,4812500,2026-08-30T17:46:50.060121
472566a0-66b2-4f66-b98f-d54929ee80ff,529b20ba-0778-430f-be83-44bae530483c,1101500,INR,UPI,failed,NETWORK_ERROR,3,14,8,158,1183,0.78,TRUE,RETRY,SUCCESS,1101500,2026-08-30T00:38:50.060132
81312e62-5231-4e68-b459-27db3aee5e72,9a36f5ca-f22a-47a2-81dc-ef204e31f0ca,1758300,INR,UPI,failed,NETWORK_ERROR,1,0,0,506,1010,0.0,TRUE,RETRY,FAILURE,0,2026-08-30T03:31:50.060142
42b888a3-d917-4b07-9fe9-4eb517d34aae,16c718ce-170c-421a-98a6-41897f0220e8,1629600,INR,NETBANKING,failed,INSUFFICIENT_FUNDS,1,9,3,298,520,0.56,TRUE,REMINDER,SUCCESS,1629600,2026-08-30T11:41:50.060152
5ff767c6-3b7b-451c-836b-ba5d1f60b0a6,a1db7731-3ecd-45c7-9208-b274faa52f48,4761500,INR,UPI,failed,INVALID_PAYMENT_STATE,1,8,3,552,1193,0.45,FALSE,NO_ACTION,FAILURE,0,2026-08-30T00:28:50.060162
64a7bcbf-1b04-4b78-88fc-0a7003c5af97,9c1e4c29-c646-4c00-bab1-9be84c827e20,2894500,INR,UPI,failed,BANK_TIMEOUT,1,16,2,817,1221,0.47,TRUE,RETRY,SUCCESS,2894500,2026-08-30T00:00:50.060173
b9b3d87e-ec83-42dd-afc2-a3a94ce70668,c7e55432-b763-419e-8233-8140573698af,1414000,INR,UPI,failed,INVALID_PAYMENT_STATE,1,5,2,659,1187,0.86,FALSE,NO_ACTION,FAILURE,0,2026-08-30T00:34:50.060183
34d90658-6cb1-4983-a9b9-c2dd6e454149,6c429067-8d9a-4230-92bf-0b526c95cd73,1602700,INR,UPI,failed,BANK_TIMEOUT,1,12,2,783,202,0.21,TRUE,RETRY,SUCCESS,1602700,2026-08-30T16:59:50.060193
c17cddf1-2b12-4a98-bcdc-1610935ed524,b7e4fa84-5db7-4b69-b341-7ccf82200685,365700,INR,UPI,failed,BANK_TIMEOUT,2,18,3,631,544,0.71,TRUE,RETRY,FAILURE,0,2026-08-30T11:17:50.060204
d68760b0-79c1-4c82-be06-500c91f6ac92,f7074ac4-d5cc-4c43-b626-84dadbc2f9ca,3061300,INR,UPI,failed,INSUFFICIENT_FUNDS,1,17,7,358,716,0.65,TRUE,REMINDER,SUCCESS,3061300,2026-08-30T08:25:50.060214
21786314-3d1f-42d2-9ead-1e0c483d44e5,c4c3761a-31f7-4256-af99-a7d57bde1f1a,4383500,INR,UPI,failed,BANK_TIMEOUT,1,8,0,565,808,0.84,TRUE,RETRY,FAILURE,0,2026-08-30T06:53:50.060229
7e42ccc7-f914-4aaa-9701-a92ffa05efde,444e2c0f-c7ae-4c18-a665-e427921eb781,275000,INR,UPI,failed,BANK_TIMEOUT,1,13,5,180,795,0.62,TRUE,RETRY,FAILURE,0,2026-08-30T07:06:50.060241
e064a421-61d7-4df2-866c-99a9d5faf86a,4140beb0-50da-489f-b08e-0802498a2a05,2111900,INR,UPI,failed,BANK_TIMEOUT,2,5,1,327,334,0.86,TRUE,RETRY,SUCCESS,2111900,2026-08-30T14:47:50.060252
b5696db1-c84e-49c2-aaa2-f0853c518a58,84ade37b-5aa4-4916-afba-59b558a960cf,159600,INR,CARD,failed,INSUFFICIENT_FUNDS,1,11,4,17,1202,0.7,FALSE,NO_ACTION,FAILURE,0,2026-08-30T00:19:50.060265
55187555-4c45-4d2e-8746-d94052ff2e31,84ade37b-5aa4-4916-afba-59b558a960cf,1994300,INR,UPI,failed,BANK_TIMEOUT,2,11,5,17,1048,0.25,TRUE,RETRY,SUCCESS,1994300,2026-08-30T02:53:50.060275
9f467e1a-09db-40d7-bef8-5d57cad164ce,ada6bc59-4a39-4812-ac35-710354688f6c,3788400,INR,UPI,failed,NETWORK_ERROR,1,3,1,327,1216,0.5,TRUE,RETRY,SUCCESS,3788400,2026-08-30T00:05:50.060286
e0451c74-d666-4177-a550-4cc50e4e71d0,7ab143eb-d694-4164-8240-a0e03e61d52f,327300,INR,CARD,failed,CUSTOMER_ABANDONED,1,1,0,578,323,0.19,TRUE,PAYMENT_LINK,SUCCESS,327300,2026-08-30T14:58:50.060297
decbbd0d-442a-4f2d-8ffb-0c4dda28a02e,aa29accf-fa82-4de4-8554-3a41721e5a77,2697700,INR,UPI,failed,CUSTOMER_ABANDONED,1,3,0,145,1241,0.72,TRUE,PAYMENT_LINK,SUCCESS,2697700,2026-08-29T23:40:50.060307
447a9b82-a44b-4053-98ac-fbc332135cc0,51ba28b1-2d97-4a21-a601-ecc12d00a59a,2649100,INR,UPI,failed,OTHER,1,20,1,515,1265,0.68,FALSE,NO_ACTION,FAILURE,0,2026-08-29T23:16:50.060317
88f94a7b-e3dc-4765-93f8-804c6dd1a3c8,b7e4fa84-5db7-4b69-b341-7ccf82200685,2257400,INR,CARD,failed,OTHER,2,18,3,631,510,0.26,TRUE,PAYMENT_LINK,SUCCESS,2257400,2026-08-30T11:51:50.060327
7b0fc681-8273-4c94-93af-ff93274d1b84,efa40cd6-8d92-4e66-a8a5-38e9512838f4,1934200,INR,UPI,failed,NETWORK_ERROR,1,9,1,114,1099,0.11,TRUE,RETRY,SUCCESS,1934200,2026-08-30T02:02:50.060339
28530ac4-eea1-4f52-abfa-a82d7e08dab1,4d2bd3d4-898e-46ce-864d-fb43a32331ca,1985600,INR,CARD,failed,BANK_TIMEOUT,2,19,5,271,578,0.24,TRUE,RETRY,SUCCESS,1985600,2026-08-30T10:43:50.060350
6d1ae905-2b61-4efa-8bf0-9d3b331dce12,81ad7eed-a3fa-42ce-9a55-6fcada87d638,4486300,INR,UPI,failed,INSUFFICIENT_FUNDS,3,1,2,47,18,0.56,FALSE,NO_ACTION,FAILURE,0,2026-08-30T20:03:50.060360
3521357a-d355-47dc-9c11-e97be5758852,c99b30ae-92cd-4a6a-978c-67df104005eb,993800,INR,UPI,failed,NETWORK_ERROR,1,1,0,908,1212,0.25,TRUE,RETRY,FAILURE,0,2026-08-30T00:09:50.060371
8aa1e320-85c3-49ba-8a4f-85c305270855,eb92dae7-b350-458a-a0f1-8a67b9c5a158,4738900,INR,UPI,failed,CUSTOMER_ABANDONED,2,1,1,933,1342,0.1,FALSE,NO_ACTION,FAILURE,0,2026-08-29T21:59:50.060382
6da83674-846a-4276-add2-d82d35d8fb5e,a1db7731-3ecd-45c7-9208-b274faa52f48,4380900,INR,UPI,failed,NETWORK_ERROR,2,8,4,552,1195,0.5,TRUE,RETRY,SUCCESS,4380900,2026-08-30T00:26:50.060391
e4e286e4-cbbf-4927-a3a7-7bff7d9216ae,c46f90da-61f2-4f3b-b19b-26a5f3e507dd,787500,INR,UPI,failed,BANK_TIMEOUT,3,8,3,126,1126,0.36,TRUE,RETRY,SUCCESS,787500,2026-08-30T01:35:50.060401
834d038b-e7fc-4939-91c7-a9922c3e7426,38be6ffb-5639-4324-8b96-bd0520a51eda,1399400,INR,CARD,failed,BANK_TIMEOUT,1,1,0,207,320,0.12,TRUE,RETRY,FAILURE,0,2026-08-30T15:01:50.060413
6388e956-2a58-45f4-be22-9ceebd4e734f,f4e6e2fa-a82e-40ef-8b95-1a69386ab030,816800,INR,UPI,failed,BANK_TIMEOUT,1,12,1,825,1014,0.32,TRUE,RETRY,SUCCESS,816800,2026-08-30T03:27:50.060448
ed6facc0-92be-4ec8-a2c4-e12c67ae5ccf,c88b48d4-30fb-4e60-87a7-3c0ff13d16a7,4720900,INR,CARD,failed,BANK_TIMEOUT,1,11,5,882,1210,0.12,TRUE,RETRY,SUCCESS,4720900,2026-08-30T00:11:50.060461
ed4e94bf-2078-4fdd-b49e-27f72af630b6,2f8ce255-1d81-4189-bc17-1996e8ef0b4e,3490200,INR,CARD,failed,OTHER,1,10,3,830,535,0.86,FALSE,NO_ACTION,FAILURE,0,2026-08-30T11:26:50.060476
7256f9ba-5cba-4ca0-8a1d-d0cbcec6a687,f7074ac4-d5cc-4c43-b626-84dadbc2f9ca,4150100,INR,CARD,failed,BANK_TIMEOUT,2,17,8,358,585,0.13,TRUE,RETRY,SUCCESS,4150100,2026-08-30T10:36:50.060492
c3023c1b-1fdd-4034-bb33-c09147fe8ec7,067969d3-87ca-402e-9e5f-abd4d8c3fc37,2667700,INR,WALLET,failed,INSUFFICIENT_FUNDS,2,11,6,231,925,0.39,FALSE,NO_ACTION,FAILURE,0,2026-08-30T04:56:50.060504
a34d24f0-76be-402b-adbd-018fb198bc84,9a36f5ca-f22a-47a2-81dc-ef204e31f0ca,4092200,INR,UPI,failed,NETWORK_ERROR,1,0,0,506,713,0.0,TRUE,RETRY,SUCCESS,4092200,2026-08-30T08:28:50.060515
31ffde02-bcfa-4a0b-8b85-04336bcdf5de,9c1e4c29-c646-4c00-bab1-9be84c827e20,1622800,INR,UPI,failed,PAYMENT_EXPIRED,1,16,2,817,515,0.47,FALSE,NO_ACTION,FAILURE,0,2026-08-30T11:46:50.060527
7b95f141-fb01-4eca-bd70-bf98ef3ba050,ed994a1f-e72d-4f7b-beec-c52021a7e3ec,3646800,INR,UPI,failed,BANK_TIMEOUT,2,19,5,655,252,0.13,TRUE,RETRY,FAILURE,0,2026-08-30T16:09:50.060539
463e3cc2-f29d-41f3-8071-ccf1a79ba9a5,f022612b-e315-4c82-bf6d-8f677f11a66e,3639600,INR,UPI,failed,NETWORK_ERROR,1,0,0,655,185,0.0,TRUE,RETRY,SUCCESS,3639600,2026-08-30T17:16:50.060552
88c89664-7632-402c-9bcd-f5647bfb97b6,1cbfd664-fd4b-4a17-98b5-839bbfcd8376,3577600,INR,UPI,failed,BANK_TIMEOUT,2,1,1,125,751,0.46,TRUE,RETRY,SUCCESS,3577600,2026-08-30T07:50:50.060562
2da372a6-0a35-4a13-b533-12556fe340dd,44e1e5f4-20f5-4206-b1e6-a66692463e9d,718900,INR,WALLET,failed,CUSTOMER_ABANDONED,1,8,0,713,401,0.51,TRUE,PAYMENT_LINK,SUCCESS,718900,2026-08-30T13:40:50.060576
291db71e-c67b-436c-a794-bcd1b84a937b,edc681d5-4ade-4d5e-8184-9c9efa5888ee,3037400,INR,CARD,failed,NETWORK_ERROR,3,20,7,17,590,0.39,TRUE,RETRY,SUCCESS,3037400,2026-08-30T10:31:50.060587
134b531a-b3a5-4725-b9e8-5ca57ee3935a,b479a3ab-f189-4a59-8c61-10e290e2687c,1317400,INR,CARD,failed,BANK_TIMEOUT,2,16,2,371,51,0.11,TRUE,RETRY,SUCCESS,1317400,2026-08-30T19:30:50.060599
ffcf4d3f-a9bd-4d60-a4a4-f5b9a64efe2c,bfe736a9-6ae0-424e-b66c-a4e2650d497f,4442600,INR,UPI,failed,NETWORK_ERROR,1,12,3,76,520,0.5,TRUE,RETRY,SUCCESS,4442600,2026-08-30T11:41:50.060611
11de1d85-ac57-4db1-bac0-b3daacc3f704,9ea78ee5-07a3-4f30-b91c-52e32a76c779,1313900,INR,WALLET,failed,PAYMENT_EXPIRED,2,2,1,658,1244,0.42,FALSE,NO_ACTION,FAILURE,0,2026-08-29T23:37:50.060623
e7b20ecf-39ae-454d-be1d-7916cb3ed072,d6a55848-55ab-4c5f-8063-5349a8b71131,1676000,INR,CARD,failed,INVALID_PAYMENT_STATE,1,10,3,883,305,0.16,FALSE,NO_ACTION,FAILURE,0,2026-08-30T15:16:50.060635
472cb53d-b5d9-420c-ba03-c33fec78fc25,3d319a92-36aa-4fb9-9cad-f9ea64114edc,1586400,INR,CARD,failed,CUSTOMER_ABANDONED,1,11,3,200,66,0.15,TRUE,PAYMENT_LINK,SUCCESS,1586400,2026-08-30T19:15:50.060647
68587a57-d87b-4065-965b-a57e459a6ae6,9ef5041e-4ccb-4da8-9c26-53b592a7e2eb,2045500,INR,WALLET,failed,INSUFFICIENT_FUNDS,1,3,1,644,139,0.74,FALSE,NO_ACTION,FAILURE,0,2026-08-30T18:02:50.060659
4ed67ed7-63b2-4993-b7b6-2c639b9aa092,085705a2-fe34-4aa7-91f1-d60cb235bcb2,3192700,INR,CARD,failed,BANK_TIMEOUT,1,0,0,836,41,0.0,TRUE,RETRY,SUCCESS,3192700,2026-08-30T19:40:50.060670
e9daf553-47d9-4103-a0aa-d0aeabeeae40,529b20ba-0778-430f-be83-44bae530483c,3574300,INR,CARD,failed,INSUFFICIENT_FUNDS,2,14,7,158,1153,0.71,FALSE,NO_ACTION,FAILURE,0,2026-08-30T01:08:50.060681
910026f9-96ff-4165-8ffe-b38925667975,5fb9bfaa-c7ee-485a-bc96-8c9e0a43a07d,4574100,INR,UPI,failed,BANK_TIMEOUT,1,10,2,452,135,0.35,TRUE,RETRY,SUCCESS,4574100,2026-08-30T18:06:50.060692
1bfc300d-65d0-45f0-98e1-b96e3ce366fe,843c3f41-6ee5-40c6-9d2f-ce148f9dbb3d,3298800,INR,UPI,failed,INSUFFICIENT_FUNDS,1,18,5,802,1225,0.76,FALSE,NO_ACTION,FAILURE,0,2026-08-29T23:56:50.060702
18560be0-23f4-4f87-9a24-08bb4a3bf392,7ab143eb-d694-4164-8240-a0e03e61d52f,3982100,INR,UPI,failed,NETWORK_ERROR,1,1,0,578,134,0.26,TRUE,RETRY,SUCCESS,3982100,2026-08-30T18:07:50.060715
6b14d270-d83e-4b7f-92c5-c2258f96fcbc,c5e95a38-9a50-4870-97c1-3c2dfa733dbd,2514900,INR,CARD,failed,CUSTOMER_ABANDONED,1,17,2,643,783,0.86,FALSE,NO_ACTION,FAILURE,0,2026-08-30T07:18:50.060725
75d6ef16-2a38-48f9-b43e-b09aac0adc3a,802f9c60-4f63-4234-97cb-28b3ff0776bf,1888600,INR,WALLET,failed,NETWORK_ERROR,1,15,0,316,509,0.29,TRUE,RETRY,SUCCESS,1888600,2026-08-30T11:52:50.060737
66696a69-2e45-4d29-bbe9-3b261aadddac,f44bf9a3-00c3-4037-a720-d5251e774e74,1392300,INR,CARD,failed,OTHER,1,5,1,617,1219,0.33,FALSE,NO_ACTION,FAILURE,0,2026-08-30T00:02:50.060748
74fdc39e-9643-4d48-ba94-249455ebc32b,3338bb9d-6d2f-42d6-b36c-8d8746163eb7,4011200,INR,UPI,failed,BANK_TIMEOUT,2,14,7,702,541,0.23,TRUE,RETRY,FAILURE,0,2026-08-30T11:20:50.060759
e77ff5fc-6f43-4cc8-b955-e0ea48f3e0f4,e4dc2a7c-f8bd-47f8-880c-8e5f7acb7d2f,924600,INR,UPI,failed,NETWORK_ERROR,1,20,8,693,1108,0.78,TRUE,RETRY,SUCCESS,924600,2026-08-30T01:53:50.060768
ecba1346-0840-4c2f-a636-73ec82dab156,805c1822-42ba-4543-b722-5767e095fba7,4340300,INR,CARD,failed,BANK_TIMEOUT,2,13,6,377,1286,0.31,TRUE,RETRY,FAILURE,0,2026-08-29T22:55:50.060779
1402d387-159a-4441-b5c8-45f88f05f953,e50997cb-f839-4ebc-ac24-31adfc2a5370,558400,INR,UPI,failed,CUSTOMER_ABANDONED,2,10,3,814,1171,0.51,FALSE,NO_ACTION,FAILURE,0,2026-08-30T00:50:50.060789
c22f1632-b2d2-49b1-b37e-5d8c05f71ef0,600c578e-efd2-410f-9805-354dcb6a379d,3841900,INR,UPI,failed,BANK_TIMEOUT,1,9,3,767,911,0.87,TRUE,RETRY,SUCCESS,3841900,2026-08-30T05:10:50.060798
6f7eadb5-f884-41bb-88e3-f22ebe6e2da5,63781b25-64c7-4210-82cb-ab92625e555f,3861200,INR,WALLET,failed,OTHER,1,3,0,971,145,0.88,TRUE,PAYMENT_LINK,FAILURE,0,2026-08-30T17:56:50.060808
53fcfc9e-e78d-4a05-aece-d7d9e60f579f,c9cc6734-0cec-4e6c-aa95-acb4ac1e0007,3516800,INR,UPI,failed,CUSTOMER_ABANDONED,1,4,0,206,730,0.52,TRUE,PAYMENT_LINK,SUCCESS,3516800,2026-08-30T08:11:50.060821
2ac1169f-4e2b-4c90-bb57-0d2b7f7c6940,d6a55848-55ab-4c5f-8063-5349a8b71131,3331600,INR,UPI,failed,OTHER,1,10,3,883,127,0.75,TRUE,PAYMENT_LINK,SUCCESS,3331600,2026-08-30T18:14:50.060832
869da66a-8c7a-47a3-95b1-c61d01f5d351,3b5f0fea-f5b4-43ef-bd2c-996ad80fb93e,2108400,INR,UPI,failed,BANK_TIMEOUT,2,18,7,957,387,0.4,TRUE,RETRY,SUCCESS,2108400,2026-08-30T13:54:50.060841
6b15ce43-5f51-425c-bd2b-4913fb258056,84ade37b-5aa4-4916-afba-59b558a960cf,4256400,INR,CARD,failed,OTHER,1,11,4,17,1024,0.64,FALSE,NO_ACTION,FAILURE,0,2026-08-30T03:17:50.060850
de416556-75c2-4cd0-9e98-ff5860c63801,c867c11c-0b5a-4472-8baf-a4a4ea7c0d6f,3941500,INR,CARD,failed,INSUFFICIENT_FUNDS,1,10,4,396,949,0.68,FALSE,NO_ACTION,FAILURE,0,2026-08-30T04:32:50.060861
c8170b4e-9d1c-4a5e-ae80-06b4a3fe378e,0cbbc206-4150-4d2c-9f13-7f62a6a4f80a,3136900,INR,CARD,failed,BANK_TIMEOUT,1,7,0,981,727,0.28,TRUE,RETRY,FAILURE,0,2026-08-30T08:14:50.060872
94881f77-71f3-48fd-b6c1-04e7b8285ede,d6ac0d7c-65f0-40e7-9311-1373bf00487b,3817400,INR,UPI,failed,NETWORK_ERROR,1,11,1,397,1131,0.61,TRUE,RETRY,SUCCESS,3817400,2026-08-30T01:30:50.060882
c853b016-268e-42f7-993f-fcae1ff6bebe,1537924b-12d5-4090-9a10-1e3df5140de1,3635500,INR,UPI,failed,NETWORK_ERROR,1,8,1,815,220,0.72,TRUE,RETRY,FAILURE,0,2026-08-30T16:41:50.060892
3d0e1a1c-9875-4d49-a013-a026c86e20a1,973ae00e-07cb-4972-939b-641c708aedc7,4401000,INR,CARD,failed,BANK_TIMEOUT,1,10,2,546,1239,0.84,TRUE,RETRY,SUCCESS,4401000,2026-08-29T23:42:50.060907
b2aa4261-7a68-4e3e-a769-22ab3bbdd338,62971036-2531-4340-9bca-3c4692acee70,2476200,INR,UPI,failed,BANK_TIMEOUT,1,1,0,739,1253,0.44,TRUE,RETRY,SUCCESS,2476200,2026-08-29T23:28:50.060925
b03522d2-e9ac-4739-91e9-bc594ef954c5,f79bd2d0-0bf8-4a7f-9b8b-d4a883ed287b,434400,INR,UPI,failed,BANK_TIMEOUT,1,1,0,366,791,0.21,TRUE,RETRY,SUCCESS,434400,2026-08-30T07:10:50.060971
53b24023-2d0d-497e-a9da-a12e7d3c58d3,af4f1ab4-cc34-47b9-88d9-96ce24f61962,1603500,INR,CARD,failed,NETWORK_ERROR,1,20,5,92,257,0.1,TRUE,RETRY,FAILURE,0,2026-08-30T16:04:50.061012
3bbe48c0-01e4-43e8-b0be-9e73a2234ac9,600c578e-efd2-410f-9805-354dcb6a379d,1464900,INR,UPI,failed,NETWORK_ERROR,1,9,3,767,467,0.59,TRUE,RETRY,SUCCESS,1464900,2026-08-30T12:34:50.061034
f7615d2a-69ec-484d-ba15-d42d5d0f7376,696ef8a6-c2e3-42d6-8f8c-c1ec6771937f,2599900,INR,UPI,failed,OTHER,2,17,2,936,912,0.58,FALSE,NO_ACTION,FAILURE,0,2026-08-30T05:09:50.061056
9168e990-60cd-4987-a9ca-7553862ad5cd,20a749db-ae9c-49a9-a536-d198c96252bf,4094400,INR,CARD,failed,BANK_TIMEOUT,1,15,3,143,232,0.57,TRUE,RETRY,SUCCESS,4094400,2026-08-30T16:29:50.061076
bc87a0c0-c48c-4844-ad19-fd34db499e14,696ddfbe-91ce-4ed9-93a5-482e192fab3d,4343100,INR,CARD,failed,INSUFFICIENT_FUNDS,2,10,5,166,419,0.67,FALSE,NO_ACTION,FAILURE,0,2026-08-30T13:22:50.061095
c447c60a-5aa7-4700-a97e-63bbfd0d366a,c2361724-f8f7-4e74-a61b-2075f8da7983,3123600,INR,CARD,failed,INVALID_PAYMENT_STATE,1,12,2,653,510,0.14,FALSE,NO_ACTION,FAILURE,0,2026-08-30T11:51:50.061115
9d81fe7a-88b7-4c8c-9aaa-080c99a05376,81ad7eed-a3fa-42ce-9a55-6fcada87d638,3359100,INR,UPI,failed,NETWORK_ERROR,2,1,1,47,45,0.83,TRUE,RETRY,FAILURE,0,2026-08-30T19:36:50.061133
e22f7e78-0212-45e9-b1fd-bf3a0dbea8f0,76b84d4d-59fe-46c1-9b0e-a116f63a3156,1989700,INR,UPI,failed,BANK_TIMEOUT,1,9,1,205,879,0.35,TRUE,RETRY,SUCCESS,1989700,2026-08-30T05:42:50.061151
e990744e-6cd3-4dce-b03d-e1eda8162007,16c718ce-170c-421a-98a6-41897f0220e8,1803000,INR,UPI,failed,INSUFFICIENT_FUNDS,1,9,3,298,130,0.48,TRUE,REMINDER,FAILURE,0,2026-08-30T18:11:50.061170
07feda8d-9757-4f68-8af9-9cd89c529890,9712acbb-e788-4cb7-bb08-af49af55c723,438100,INR,CARD,failed,BANK_TIMEOUT,1,15,3,958,1103,0.56,TRUE,RETRY,SUCCESS,438100,2026-08-30T01:58:50.061192
708428bd-4746-4313-8508-09a3010d5ab9,e0ac5a52-9f70-4767-91dc-5246784fac47,4790700,INR,UPI,failed,NETWORK_ERROR,2,3,1,999,298,0.18,TRUE,RETRY,SUCCESS,4790700,2026-08-30T15:23:50.061211
baf2d99c-d272-4653-adf7-75371bf76958,6c429067-8d9a-4230-92bf-0b526c95cd73,695400,INR,CARD,failed,PAYMENT_EXPIRED,1,12,2,783,808,0.6,FALSE,NO_ACTION,FAILURE,0,2026-08-30T06:53:50.061228
173283ca-aae0-482b-8819-85ed53c45a79,e50997cb-f839-4ebc-ac24-31adfc2a5370,2776800,INR,CARD,failed,INSUFFICIENT_FUNDS,2,10,3,814,510,0.66,TRUE,REMINDER,SUCCESS,2776800,2026-08-30T11:51:50.061247
1b9444cd-1e56-42b3-9c38-03d06c6f1aa3,7c60ec00-9be1-458f-b11a-b1b98d5fb6aa,2895800,INR,UPI,failed,INSUFFICIENT_FUNDS,1,4,0,375,1411,0.81,FALSE,NO_ACTION,FAILURE,0,2026-08-29T20:50:50.061266
d9a3375b-3546-4127-8426-3f16f5d32ebc,8b310a10-7eb9-4240-80de-ccdf8a2bbaef,3865800,INR,UPI,failed,NETWORK_ERROR,1,17,5,900,227,0.2,TRUE,RETRY,SUCCESS,3865800,2026-08-30T16:34:50.061283
561988b1-54d1-4006-8e46-dc0d8ef82cd7,f44bf9a3-00c3-4037-a720-d5251e774e74,393900,INR,CARD,failed,CUSTOMER_ABANDONED,4,5,4,617,505,0.66,FALSE,NO_ACTION,FAILURE,0,2026-08-30T11:56:50.061300
6064822e-f8f4-4149-8a4c-efb1bda628cd,f3954e86-631c-4f32-a176-01d6b7b7eaa2,301500,INR,UPI,failed,BANK_TIMEOUT,1,17,3,588,1399,0.68,TRUE,RETRY,SUCCESS,301500,2026-08-29T21:02:50.061317
118bd009-d347-4c41-b83a-f27184eced50,76b84d4d-59fe-46c1-9b0e-a116f63a3156,3648800,INR,CARD,failed,BANK_TIMEOUT,1,9,1,205,842,0.88,TRUE,RETRY,SUCCESS,3648800,2026-08-30T06:19:50.061334
80fb57d2-8569-4815-baf1-5dcfdfd15e10,f3fcf1b3-8a46-4cb3-a703-c061c072e4d5,1713300,INR,UPI,failed,INSUFFICIENT_FUNDS,1,16,4,520,16,0.14,TRUE,REMINDER,SUCCESS,1713300,2026-08-30T20:05:50.061352
889f9fe1-beda-4406-84a8-c248f1f3cdfd,c9cc6734-0cec-4e6c-aa95-acb4ac1e0007,900500,INR,UPI,failed,OTHER,1,4,0,206,97,0.33,TRUE,PAYMENT_LINK,SUCCESS,900500,2026-08-30T18:44:50.061373
b2da55dd-24d1-414b-ad57-d300ece1b695,bda933be-8f8e-4815-8801-7ca9197d166a,4863300,INR,NETBANKING,failed,INSUFFICIENT_FUNDS,1,2,0,139,841,0.14,FALSE,NO_ACTION,FAILURE,0,2026-08-30T06:20:50.061391
727f4ff7-dd8b-40b6-9b65-6b2244643338,6a44aaf4-a17a-41f4-9f97-8060b60606c2,1070500,INR,UPI,failed,CUSTOMER_ABANDONED,1,8,2,794,868,0.79,FALSE,NO_ACTION,FAILURE,0,2026-08-30T05:53:50.061412
8c4a3355-eacb-4a67-879c-e7f395d3e522,c88b48d4-30fb-4e60-87a7-3c0ff13d16a7,2237600,INR,UPI,failed,BANK_TIMEOUT,1,11,5,882,632,0.71,TRUE,RETRY,SUCCESS,2237600,2026-08-30T09:49:50.061424
d076c501-e75e-472e-9aeb-9de3c7e77fef,7691cd08-eb9e-4c0a-9235-38d3c109e48c,3998500,INR,UPI,failed,BANK_TIMEOUT,2,15,3,670,757,0.31,TRUE,RETRY,SUCCESS,3998500,2026-08-30T07:44:50.061435
17f992da-8d0a-4c25-9d7e-84a5508bba7e,38be6ffb-5639-4324-8b96-bd0520a51eda,4161900,INR,UPI,failed,NETWORK_ERROR,2,1,1,207,111,0.19,TRUE,RETRY,SUCCESS,4161900,2026-08-30T18:30:50.061446
d90e56a4-be17-473c-b48d-0378f7008932,53c3721d-5a72-41f6-9689-aef6cdc858e5,1510100,INR,NETBANKING,failed,BANK_TIMEOUT,3,4,2,187,872,0.23,FALSE,NO_ACTION,FAILURE,0,2026-08-30T05:49:50.061459
9cf6e5a4-8bde-4cbc-a696-d49bd6d6cb40,9c1e4c29-c646-4c00-bab1-9be84c827e20,1007100,INR,UPI,failed,OTHER,2,16,3,817,877,0.87,FALSE,NO_ACTION,FAILURE,0,2026-08-30T05:44:50.061470
79273be6-8846-40c6-93dc-0a552d0990c9,973ae00e-07cb-4972-939b-641c708aedc7,3116000,INR,UPI,failed,BANK_TIMEOUT,1,10,2,546,138,0.41,TRUE,RETRY,SUCCESS,3116000,2026-08-30T18:03:50.061484
478ca51e-ed0a-4dcd-b46c-58ab901598da,57444803-0607-4b9a-ad1c-f49cdaccb4db,664800,INR,UPI,failed,OTHER,2,20,3,453,515,0.53,TRUE,PAYMENT_LINK,SUCCESS,664800,2026-08-30T11:46:50.061497
85f7bfc3-6967-4483-b4cc-da9ef7a4c75a,66aa5c44-7b60-458c-a4e2-a9ad97254dac,50100,INR,CARD,failed,OTHER,1,19,3,2,972,0.57,TRUE,PAYMENT_LINK,SUCCESS,50100,2026-08-30T04:09:50.061511
f60ce103-86d9-49ed-b01a-9c19cb99bbe2,9786e0cd-a958-4d71-a1ab-bce61996b461,3672300,INR,UPI,failed,INVALID_PAYMENT_STATE,1,7,0,990,1220,0.81,FALSE,NO_ACTION,FAILURE,0,2026-08-30T00:01:50.061525
33df6120-8d2c-40e5-931a-b5d4f14be2ad,fb50eb04-b7b4-4843-9189-d2ec224d4be3,1800400,INR,UPI,failed,OTHER,1,1,0,141,539,0.78,TRUE,PAYMENT_LINK,SUCCESS,1800400,2026-08-30T11:22:50.061538
672c9f3a-1d87-44c5-b062-92cfe3786de1,0d7946d7-3f96-4f19-942e-e86bea7efa3d,4797000,INR,UPI,failed,BANK_TIMEOUT,1,20,1,38,515,0.28,TRUE,RETRY,SUCCESS,4797000,2026-08-30T11:46:50.061549
5ac53d66-474e-47f5-88a5-5a5b8048dca9,7a313943-ae68-4131-8d3f-8f601e459668,2828500,INR,UPI,failed,INSUFFICIENT_FUNDS,1,20,3,242,1091,0.14,FALSE,NO_ACTION,FAILURE,0,2026-08-30T02:10:50.061561
ea5cbc9c-914c-427a-b626-7858ab858ccf,102100f3-9ca3-4b5d-a5f9-8c463a5d1498,1116200,INR,UPI,failed,BANK_TIMEOUT,1,6,1,423,635,0.2,TRUE,RETRY,SUCCESS,1116200,2026-08-30T09:46:50.061573
c364992c-e6e7-4dfb-8664-7041c598ffcf,5befac82-fbe2-4ed7-b00d-89eec633b357,3309400,INR,UPI,failed,BANK_TIMEOUT,2,18,1,393,550,0.14,TRUE,RETRY,SUCCESS,3309400,2026-08-30T11:11:50.061584
59354ca5-21c7-4f5b-bf33-5d4e18800215,9a36f5ca-f22a-47a2-81dc-ef204e31f0ca,4288300,INR,UPI,failed,CUSTOMER_ABANDONED,1,0,0,506,299,0.0,TRUE,PAYMENT_LINK,FAILURE,0,2026-08-30T15:22:50.061595
62a18b56-0fd0-4c8f-a3a2-cf9fbf21bb41,1c1765fd-b14b-431f-b621-00f4ee8b34b8,740000,INR,UPI,failed,BANK_TIMEOUT,3,16,8,558,917,0.33,TRUE,RETRY,FAILURE,0,2026-08-30T05:04:50.061607
7b4252af-4259-4c56-9b5d-ee4458b98a78,27b2ec0e-795a-4f95-8efe-61aedae93904,3229400,INR,CARD,failed,INSUFFICIENT_FUNDS,2,1,1,239,174,0.46,TRUE,REMINDER,SUCCESS,3229400,2026-08-30T17:27:50.061619
e468664c-0bfd-4f91-9fbb-c62a17b61be2,4d97b1fe-6211-47f6-a10b-9c78443260bd,1601800,INR,CARD,failed,INSUFFICIENT_FUNDS,1,8,2,446,341,0.49,FALSE,NO_ACTION,FAILURE,0,2026-08-30T14:40:50.061632
0288d1f8-316a-43d2-b9a1-bfe6e42f6f84,81ad7eed-a3fa-42ce-9a55-6fcada87d638,3541700,INR,UPI,failed,BANK_TIMEOUT,1,1,0,47,973,0.38,TRUE,RETRY,SUCCESS,3541700,2026-08-30T04:08:50.061644
b46bb695-75c4-4117-a0c6-db47234c6e1c,69a1982c-37eb-44bd-87c4-b1fedc887c7f,3986300,INR,CARD,failed,OTHER,2,2,1,685,523,0.36,TRUE,PAYMENT_LINK,SUCCESS,3986300,2026-08-30T11:38:50.061656
1d45a959-2175-446a-97d9-b3eb7dc5396b,843c3f41-6ee5-40c6-9d2f-ce148f9dbb3d,1514300,INR,UPI,failed,INSUFFICIENT_FUNDS,2,18,6,802,547,0.6,FALSE,NO_ACTION,FAILURE,0,2026-08-30T11:14:50.061667
5ba05b11-8799-440b-8c80-cb566b911dad,7a313943-ae68-4131-8d3f-8f601e459668,2012600,INR,UPI,failed,INVALID_PAYMENT_STATE,2,20,4,242,1300,0.69,FALSE,NO_ACTION,FAILURE,0,2026-08-29T22:41:50.061679
347939a5-f428-4008-a4b5-bcc1546a8c28,a1db7731-3ecd-45c7-9208-b274faa52f48,2607400,INR,UPI,failed,INSUFFICIENT_FUNDS,1,8,3,552,138,0.77,FALSE,NO_ACTION,FAILURE,0,2026-08-30T18:03:50.061690
e0d07ef6-0fa8-4a26-a9e7-eeb8671c2acc,9c1e4c29-c646-4c00-bab1-9be84c827e20,1837400,INR,UPI,failed,OTHER,3,16,4,817,536,0.31,FALSE,NO_ACTION,FAILURE,0,2026-08-30T11:25:50.061704
b7829f18-5be5-4dd9-8ec6-b37d1fd54c93,c35e6782-66b9-4ae3-8d88-113e90150287,1387900,INR,CARD,failed,INVALID_PAYMENT_STATE,1,17,2,783,974,0.58,FALSE,NO_ACTION,FAILURE,0,2026-08-30T04:07:50.061715
b63428a3-7bd5-4ace-ae36-75b790a601b8,423fba73-4ec7-4942-a8ef-ab002121cd29,3630600,INR,UPI,failed,INSUFFICIENT_FUNDS,1,2,0,295,1372,0.36,FALSE,NO_ACTION,FAILURE,0,2026-08-29T21:29:50.061727
9a43a981-91e0-46ca-9660-ea03faa8104c,ac079f3c-4c85-4438-baa5-d79b55f21d91,973900,INR,UPI,failed,OTHER,1,2,0,139,524,0.8,TRUE,PAYMENT_LINK,FAILURE,0,2026-08-30T11:37:50.061738
9cd6df50-3007-496b-86c9-773000b8ad74,6e3e01a4-8461-4db0-8fbb-ae5b82d73c11,3806300,INR,UPI,failed,INSUFFICIENT_FUNDS,1,10,4,144,318,0.81,TRUE,REMINDER,SUCCESS,3806300,2026-08-30T15:03:50.061752
f7bdea89-d94a-43e6-81a9-f251eac7b47d,9a36f5ca-f22a-47a2-81dc-ef204e31f0ca,2071100,INR,UPI,failed,CUSTOMER_ABANDONED,2,0,1,506,215,0.32,FALSE,NO_ACTION,FAILURE,0,2026-08-30T16:46:50.061802
cf23cf55-0e60-418b-9194-1be40af5c832,04f494dd-d273-440d-a7e8-099c45812d20,1673200,INR,UPI,failed,BANK_TIMEOUT,1,16,3,318,1226,0.53,TRUE,RETRY,SUCCESS,1673200,2026-08-29T23:55:50.061818
2376fefc-e5f6-42ba-9047-30240d80c7d2,9c1e4c29-c646-4c00-bab1-9be84c827e20,1765000,INR,UPI,failed,BANK_TIMEOUT,1,16,2,817,464,0.57,TRUE,RETRY,SUCCESS,1765000,2026-08-30T12:37:50.061831
fd862723-522e-4186-84c4-7b54e617bc52,6e3e01a4-8461-4db0-8fbb-ae5b82d73c11,686300,INR,UPI,failed,BANK_TIMEOUT,1,10,4,144,1126,0.5,TRUE,RETRY,FAILURE,0,2026-08-30T01:35:50.061872
c3f7ad13-31b5-458f-a2a4-366bc067250c,6e3e01a4-8461-4db0-8fbb-ae5b82d73c11,1386800,INR,WALLET,failed,INSUFFICIENT_FUNDS,1,10,4,144,102,0.67,TRUE,REMINDER,SUCCESS,1386800,2026-08-30T18:39:50.061896
3c792d87-5364-4a57-888e-e7634fa9e8af,0d7946d7-3f96-4f19-942e-e86bea7efa3d,803800,INR,UPI,failed,BANK_TIMEOUT,1,20,1,38,360,0.81,TRUE,RETRY,SUCCESS,803800,2026-08-30T14:21:50.061910
282a79a4-1631-490d-aaf1-3a02dd271ed1,013fb5cf-da9f-48ec-baa7-1096890e2acc,3033200,INR,UPI,failed,BANK_TIMEOUT,3,18,3,965,1041,0.77,TRUE,RETRY,FAILURE,0,2026-08-30T03:00:50.061925
12e7944e-e449-47b3-82a2-7286ad7e5aab,c1c48ef1-518b-4c04-b88a-e30b68ce6757,3161200,INR,CARD,failed,BANK_TIMEOUT,1,9,3,305,606,0.25,TRUE,RETRY,SUCCESS,3161200,2026-08-30T10:15:50.061938
ba76b47e-7d6e-46da-99a4-df21cab2d359,66aa5c44-7b60-458c-a4e2-a9ad97254dac,4758100,INR,UPI,failed,INSUFFICIENT_FUNDS,3,19,5,2,1331,0.3,FALSE,NO_ACTION,FAILURE,0,2026-08-29T22:10:50.061950
bdcf76d7-3e82-4e41-abe9-458c81a2971c,085705a2-fe34-4aa7-91f1-d60cb235bcb2,3354500,INR,CARD,failed,CUSTOMER_ABANDONED,1,0,0,836,1128,0.0,FALSE,NO_ACTION,FAILURE,0,2026-08-30T01:33:50.061964
15652846-5eb4-4610-87ad-50ecf307e551,eb30243f-659b-4aa4-8e26-2f85f95c3664,2073400,INR,UPI,failed,INVALID_PAYMENT_STATE,1,13,1,618,1386,0.73,FALSE,NO_ACTION,FAILURE,0,2026-08-29T21:15:50.061976
3b0b12a9-d2b4-4d43-aec0-92bde7fecf39,29481094-98b7-49dd-9e42-509081ed5505,4815900,INR,CARD,failed,BANK_TIMEOUT,2,11,3,455,828,0.83,TRUE,RETRY,FAILURE,0,2026-08-30T06:33:50.061989
817babf3-f60a-472b-81af-078e1409fa94,4ef6bee5-7767-465f-aa00-8d1f206f8827,2168900,INR,WALLET,failed,INSUFFICIENT_FUNDS,1,14,6,921,153,0.37,TRUE,REMINDER,SUCCESS,2168900,2026-08-30T17:48:50.062001
9ccccee7-1398-4c9d-93a4-0cb6ff064ab7,55b04c51-cf59-49eb-8776-d4e477bd8be3,4390700,INR,UPI,failed,BANK_TIMEOUT,1,15,3,426,1326,0.41,TRUE,RETRY,FAILURE,0,2026-08-29T22:15:50.062013
b6062173-aa52-4813-b8bc-d1b5be9bd3f5,57444803-0607-4b9a-ad1c-f49cdaccb4db,601700,INR,CARD,failed,INVALID_PAYMENT_STATE,3,20,4,453,578,0.1,FALSE,NO_ACTION,FAILURE,0,2026-08-30T10:43:50.062024
5aa561fe-4db8-4785-8131-7839be532f36,f5039f3d-8e46-4a71-a823-eb6523ca170b,669100,INR,UPI,failed,PAYMENT_EXPIRED,3,15,5,735,551,0.72,FALSE,NO_ACTION,FAILURE,0,2026-08-30T11:10:50.062039
74c46e19-5041-4d06-9bac-cdafcc39f978,29f0e05d-686e-4b9d-8d75-4328033a30a1,4041600,INR,UPI,failed,CUSTOMER_ABANDONED,2,1,1,411,881,0.44,FALSE,NO_ACTION,FAILURE,0,2026-08-30T05:40:50.062048
493c5c9c-2704-4872-9597-9542e9d26a9a,6ec88ffd-88c4-40d3-a43c-ded81fe9528e,932900,INR,UPI,failed,CUSTOMER_ABANDONED,1,12,3,522,830,0.23,FALSE,NO_ACTION,FAILURE,0,2026-08-30T06:31:50.062058
9335265f-b8e5-4d88-8caa-cf6cbf8ee871,fb50eb04-b7b4-4843-9189-d2ec224d4be3,3470000,INR,UPI,failed,NETWORK_ERROR,1,1,0,141,1302,0.55,TRUE,RETRY,FAILURE,0,2026-08-29T22:39:50.062067
6fdfaebe-736a-420b-b117-b8983b953f76,e4dc2a7c-f8bd-47f8-880c-8e5f7acb7d2f,4209800,INR,UPI,failed,INSUFFICIENT_FUNDS,1,20,8,693,760,0.74,FALSE,NO_ACTION,FAILURE,0,2026-08-30T07:41:50.062078
1d719024-a038-467b-84a9-f2146ec49ef7,067969d3-87ca-402e-9e5f-abd4d8c3fc37,2982200,INR,CARD,failed,INSUFFICIENT_FUNDS,2,11,6,231,48,0.65,FALSE,NO_ACTION,FAILURE,0,2026-08-30T19:33:50.062088
520b9c5f-ce57-467e-b71e-5f88fbebcc5d,20a749db-ae9c-49a9-a536-d198c96252bf,580000,INR,UPI,failed,INVALID_PAYMENT_STATE,2,15,4,143,735,0.46,FALSE,NO_ACTION,FAILURE,0,2026-08-30T08:06:50.062097
3d47e9dc-1189-4a73-83ac-15fdba7103fe,29f0e05d-686e-4b9d-8d75-4328033a30a1,3793400,INR,UPI,failed,INVALID_PAYMENT_STATE,1,1,0,411,620,0.88,FALSE,NO_ACTION,FAILURE,0,2026-08-30T10:01:50.062109
9d91894c-7c3b-45fe-adf3-c589e0ef0a80,ada6bc59-4a39-4812-ac35-710354688f6c,4997600,INR,NETBANKING,failed,INVALID_PAYMENT_STATE,1,3,1,327,286,0.85,FALSE,NO_ACTION,FAILURE,0,2026-08-30T15:35:50.062121
8df86140-9445-4056-9a9e-46989a95c35e,067969d3-87ca-402e-9e5f-abd4d8c3fc37,2209400,INR,UPI,failed,OTHER,1,11,5,231,997,0.47,TRUE,PAYMENT_LINK,SUCCESS,2209400,2026-08-30T03:44:50.062131
beb2f215-2aae-4150-b8ab-56829d3930f9,04f494dd-d273-440d-a7e8-099c45812d20,3209900,INR,UPI,failed,INSUFFICIENT_FUNDS,2,16,4,318,198,0.53,TRUE,REMINDER,SUCCESS,3209900,2026-08-30T17:03:50.062141
d3700cea-1c7e-4fd0-a364-90c8bc550b28,0d7946d7-3f96-4f19-942e-e86bea7efa3d,1847100,INR,UPI,failed,CUSTOMER_ABANDONED,1,20,1,38,283,0.45,TRUE,PAYMENT_LINK,SUCCESS,1847100,2026-08-30T15:38:50.062150
c7ce9de8-ee42-41dd-b426-38c5723ec32c,39a631e7-3d29-433b-b10c-42d778b9bee4,2200600,INR,UPI,failed,BANK_TIMEOUT,1,5,1,195,542,0.68,TRUE,RETRY,FAILURE,0,2026-08-30T11:19:50.062160
86f1316b-7e33-47c6-bbf8-3bb65a307fca,684b96d9-89c1-47d8-96f2-bbd5885e78c5,3637700,INR,UPI,failed,BANK_TIMEOUT,1,10,0,753,93,0.36,TRUE,RETRY,SUCCESS,3637700,2026-08-30T18:48:50.062169
ae6d12c2-cd42-44b9-a800-ad00e366e01c,ce53d6d4-25d9-45ec-83a5-5f6840b4e33e,937500,INR,UPI,failed,INVALID_PAYMENT_STATE,1,9,2,632,1,0.67,FALSE,NO_ACTION,FAILURE,0,2026-08-30T20:20:50.062180
aaf7a391-ca17-43ad-ae84-a9f209bc9e7f,27b2ec0e-795a-4f95-8efe-61aedae93904,336200,INR,UPI,failed,NETWORK_ERROR,3,1,2,239,701,0.43,TRUE,RETRY,SUCCESS,336200,2026-08-30T08:40:50.062189
b9715842-8115-444c-9c11-9f2c5d3af191,c2361724-f8f7-4e74-a61b-2075f8da7983,901300,INR,UPI,failed,INVALID_PAYMENT_STATE,4,12,5,653,1031,0.23,FALSE,NO_ACTION,FAILURE,0,2026-08-30T03:10:50.062198
4bc24b44-c053-4557-8fd2-ee6da2d35178,6f46cda4-d980-4996-8bad-71560c320409,4735900,INR,NETBANKING,failed,BANK_TIMEOUT,1,13,5,788,995,0.52,TRUE,RETRY,FAILURE,0,2026-08-30T03:46:50.062208
2d853fa3-9a46-42bc-9956-9c34797201f6,f44bf9a3-00c3-4037-a720-d5251e774e74,1064500,INR,CARD,failed,CUSTOMER_ABANDONED,1,5,1,617,280,0.89,FALSE,NO_ACTION,FAILURE,0,2026-08-30T15:41:50.062217
974a7529-9a66-4be5-9474-34c901ee3962,e0ac5a52-9f70-4767-91dc-5246784fac47,2455400,INR,UPI,failed,BANK_TIMEOUT,2,3,1,999,1152,0.61,TRUE,RETRY,SUCCESS,2455400,2026-08-30T01:09:50.062227
0a240dd0-e3a8-4e80-9ca8-55819f2bb6ec,3338bb9d-6d2f-42d6-b36c-8d8746163eb7,3774100,INR,UPI,failed,BANK_TIMEOUT,1,14,6,702,950,0.81,TRUE,RETRY,FAILURE,0,2026-08-30T04:31:50.062237
e760aba4-6dd8-453c-9e67-343f6331a5e3,d6ac0d7c-65f0-40e7-9311-1373bf00487b,2074200,INR,UPI,failed,BANK_TIMEOUT,2,11,2,397,743,0.28,TRUE,RETRY,FAILURE,0,2026-08-30T07:58:50.062246
57c63ca0-de24-46d1-ae35-559355eacf89,edc681d5-4ade-4d5e-8184-9c9efa5888ee,3742300,INR,UPI,failed,BANK_TIMEOUT,1,20,5,17,882,0.57,TRUE,RETRY,SUCCESS,3742300,2026-08-30T05:39:50.062255
2353bed0-edc5-4917-a231-2ef2cc74bbad,eb44db6a-5d64-4167-9404-99512666e81d,1690500,INR,NETBANKING,failed,PAYMENT_EXPIRED,1,14,3,528,1033,0.56,FALSE,NO_ACTION,FAILURE,0,2026-08-30T03:08:50.062266
37c73419-56db-42ab-a347-d3a0c471f19d,b67c8b82-7099-4d1d-b1dc-fa54afc357b3,2154500,INR,CARD,failed,BANK_TIMEOUT,1,6,0,491,1163,0.52,TRUE,RETRY,SUCCESS,2154500,2026-08-30T00:58:50.062277
1895bf3b-5729-41d2-bdf7-c6e169240952,c2361724-f8f7-4e74-a61b-2075f8da7983,2710900,INR,UPI,failed,INSUFFICIENT_FUNDS,1,12,2,653,968,0.71,FALSE,NO_ACTION,FAILURE,0,2026-08-30T04:13:50.062286
0e82839e-f0a3-422a-bc8b-705606c495d8,27b2ec0e-795a-4f95-8efe-61aedae93904,587300,INR,WALLET,failed,CUSTOMER_ABANDONED,1,1,0,239,290,0.88,FALSE,NO_ACTION,FAILURE,0,2026-08-30T15:31:50.062296
dc081bcf-060e-4acd-8a01-e58917e0a09b,26e9e9db-81c7-4ecc-b319-bfb3ee76affc,3538500,INR,UPI,failed,OTHER,2,11,3,587,145,0.13,TRUE,PAYMENT_LINK,SUCCESS,3538500,2026-08-30T17:56:50.062305
e9d7496a-e2b1-4c53-a975-f3ee19f41426,bdc6e312-bb66-40e4-8dca-0b5c7c07de42,3689700,INR,CARD,failed,NETWORK_ERROR,1,15,1,407,141,0.47,TRUE,RETRY,FAILURE,0,2026-08-30T18:00:50.062314
8092a918-fec4-4f8b-b4d5-5bf9364a5726,b3a19a8f-c0c8-4b53-a0d8-146251f4494c,2368900,INR,UPI,failed,INSUFFICIENT_FUNDS,2,16,2,52,496,0.37,TRUE,REMINDER,SUCCESS,2368900,2026-08-30T12:05:50.062325
73fdade0-f7c9-496a-80aa-75770c149d96,66aa5c44-7b60-458c-a4e2-a9ad97254dac,2668300,INR,NETBANKING,failed,OTHER,1,19,3,2,880,0.46,FALSE,NO_ACTION,FAILURE,0,2026-08-30T05:41:50.062335
5702f885-c25e-45b6-a455-9f2891222fac,111538c7-72eb-4d57-bfa4-97cba2942756,4713800,INR,WALLET,failed,INVALID_PAYMENT_STATE,3,19,8,147,1031,0.26,FALSE,NO_ACTION,FAILURE,0,2026-08-30T03:10:50.062344
2d597668-f1e0-431e-a2fa-a9a171b69dc7,c131c830-56dc-4c20-9d32-a6ca0c1dde90,2093500,INR,CARD,failed,NETWORK_ERROR,4,13,3,85,1292,0.88,FALSE,NO_ACTION,FAILURE,0,2026-08-29T22:49:50.062354
7d00e25e-41b6-4326-a602-7580e5ad6a87,04f494dd-d273-440d-a7e8-099c45812d20,3550200,INR,UPI,failed,NETWORK_ERROR,1,16,3,318,910,0.84,TRUE,RETRY,SUCCESS,3550200,2026-08-30T05:11:50.062363
